"Time (s)","Gyroscope x (rad/s)","Gyroscope y (rad/s)","Gyroscope z (rad/s)","Absolute (rad/s)"
0.000000000E0,3.705624938E-1,-3.007124960E-1,1.170125008E-1,4.913618752E-1
2.504614000E-3,3.583250046E-1,-2.872374952E-1,1.402499974E-1,4.801793928E-1
5.009229000E-3,3.462249935E-1,-2.811875045E-1,1.585374922E-1,4.733627523E-1
7.514075000E-3,3.339875042E-1,-2.774749994E-1,1.732500046E-1,4.674992967E-1
1.001870300E-2,3.229874969E-1,-2.774749994E-1,1.830125004E-1,4.634726246E-1
1.252431600E-2,3.132250011E-1,-2.774749994E-1,1.890625060E-1,4.591806919E-1
1.502801000E-2,2.997500002E-1,-2.799499929E-1,1.915374994E-1,4.526683939E-1
1.753262400E-2,2.887499928E-1,-2.787125111E-1,1.878249943E-1,4.430975634E-1
2.003723000E-2,2.740375102E-1,-2.799499929E-1,1.830125004E-1,4.323911780E-1
2.254207600E-2,2.582249939E-1,-2.787125111E-1,1.743499935E-1,4.180415428E-1
2.504669400E-2,2.422749996E-1,-2.799499929E-1,1.658249944E-1,4.056687106E-1
2.755130900E-2,2.239875048E-1,-2.787125111E-1,1.560624987E-1,3.901366038E-1
3.005598000E-2,2.092749923E-1,-2.836624980E-1,1.475374997E-1,3.821357730E-1
3.256175000E-2,1.922249943E-1,-2.849000096E-1,1.390125006E-1,3.707329757E-1
3.506544400E-2,1.764124930E-1,-2.861374915E-1,1.304875016E-1,3.605870488E-1
3.757005700E-2,1.616999954E-1,-2.884750068E-1,1.230624989E-1,3.528584655E-1
4.007467300E-2,1.446499974E-1,-2.849000096E-1,1.170125008E-1,3.402698379E-1
4.257936000E-2,1.324124932E-1,-2.799499929E-1,1.095874980E-1,3.285034043E-1
4.508397700E-2,1.189374998E-1,-2.726624906E-1,1.035374999E-1,3.149777397E-1
4.758882200E-2,1.042250022E-1,-2.641375065E-1,9.377499670E-2,2.990405047E-1
5.009343900E-2,8.964999765E-2,-2.579500079E-1,8.524999768E-2,2.860819651E-1
5.259905200E-2,7.246249914E-2,-2.506625056E-1,7.424999774E-2,2.712850303E-1
5.510264100E-2,5.169999972E-2,-2.469500005E-1,6.448750198E-2,2.604147282E-1
5.760725400E-2,3.464999795E-2,-2.421374917E-1,5.348749831E-2,2.503839047E-1
6.011194600E-2,1.388750039E-2,-2.359499931E-1,4.124999791E-2,2.399308739E-1
6.261656200E-2,-6.874999963E-3,-2.311374992E-1,2.901249938E-2,2.330526427E-1
6.512139800E-2,-3.011249937E-2,-2.299000025E-1,1.801249944E-2,2.325623011E-1
6.762578500E-2,-5.087500066E-2,-2.286625057E-1,9.487500414E-3,2.344457717E-1
7.013062900E-2,-7.535000145E-2,-2.286625057E-1,-2.749999985E-4,2.407576372E-1
7.263624400E-2,-9.611249715E-2,-2.261874974E-1,-7.562499959E-3,2.458771797E-1
7.513984600E-2,-1.193500012E-1,-2.213750035E-1,-1.251249947E-2,2.518092087E-1
7.764453700E-2,-1.424500048E-1,-2.103749961E-1,-1.746249944E-2,2.546656273E-1
8.014915200E-2,-1.656875014E-1,-1.981374919E-1,-1.979999989E-2,2.590421854E-1
8.265376800E-2,-1.901624948E-1,-1.834249943E-1,-1.979999989E-2,2.649500764E-1
8.515837900E-2,-2.121624947E-1,-1.688500047E-1,-1.856249943E-2,2.717863400E-1
8.766322500E-2,-2.341624945E-1,-1.566125005E-1,-1.622499898E-2,2.821751225E-1
9.016791900E-2,-2.549250126E-1,-1.431374997E-1,-1.127499994E-2,2.925785903E-1
9.267368700E-2,-2.732124925E-1,-1.284250021E-1,-6.462499965E-3,3.019599495E-1
9.517715000E-2,-2.903999984E-1,-1.150875017E-1,-2.749999985E-4,3.123737629E-1
9.768197900E-2,-3.037374914E-1,-1.040875018E-1,5.774999969E-3,3.211292922E-1
1.001863660E-1,-3.159750104E-1,-9.666249901E-2,1.072499994E-2,3.306037984E-1
1.026912100E-1,-3.232625127E-1,-9.184999764E-2,1.801249944E-2,3.365405240E-1
1.051958280E-1,-3.331624866E-1,-8.937499672E-2,2.777500078E-2,3.460586412E-1
1.077005130E-1,-3.379749954E-1,-9.184999764E-2,3.753750026E-2,3.522393838E-1
1.102051300E-1,-3.416875005E-1,-9.308750182E-2,4.853750020E-2,3.574514231E-1
1.127108980E-1,-3.452624977E-1,-9.432499856E-2,5.953750014E-2,3.628334488E-1
1.152143610E-1,-3.452624977E-1,-1.003749967E-1,7.177499682E-2,3.666510363E-1
1.177189500E-1,-3.429250121E-1,-1.088999957E-1,8.401250094E-2,3.694791920E-1
1.202237970E-1,-3.392125070E-1,-1.174250022E-1,9.624999762E-2,3.716420564E-1
1.227284140E-1,-3.331624866E-1,-1.284250021E-1,1.060125008E-1,3.724632518E-1
1.252330290E-1,-3.232625127E-1,-1.419000030E-1,1.170125008E-1,3.719222880E-1
1.277377100E-1,-3.099249899E-1,-1.541374922E-1,1.255374998E-1,3.682003934E-1
1.302423270E-1,-2.964499891E-1,-1.676124930E-1,1.340624988E-1,3.659908434E-1
1.327480940E-1,-2.829749882E-1,-1.798499972E-1,1.425874978E-1,3.643515610E-1
1.352517890E-1,-2.684000134E-1,-1.908500046E-1,1.500124931E-1,3.618923038E-1
1.377563740E-1,-2.561624944E-1,-2.006125003E-1,1.572999954E-1,3.613971325E-1
1.402609890E-1,-2.389750034E-1,-2.103749961E-1,1.658249944E-1,3.589771859E-1
1.427656050E-1,-2.231625021E-1,-2.188999951E-1,1.732500046E-1,3.573993205E-1
1.452702970E-1,-2.059749961E-1,-2.237125039E-1,1.805374920E-1,3.536478043E-1
1.477751140E-1,-1.864500046E-1,-2.274249941E-1,1.890625060E-1,3.496145925E-1
1.502797320E-1,-1.669249982E-1,-2.261874974E-1,1.951124966E-1,3.421894582E-1
1.527853450E-1,-1.473999918E-1,-2.213750035E-1,2.000624985E-1,3.328042263E-1
1.552890390E-1,-1.266375035E-1,-2.139499933E-1,2.050125003E-1,3.222449102E-1
1.577936530E-1,-1.058750004E-1,-2.018499970E-1,2.098249942E-1,3.098055280E-1
1.602982440E-1,-8.882500231E-2,-1.896124929E-1,2.135374993E-1,2.990669526E-1
1.628027850E-1,-6.682500243E-2,-1.724250019E-1,2.158749998E-1,2.842498509E-1
1.653077060E-1,-4.606249928E-2,-1.566125005E-1,2.171124965E-1,2.716377465E-1
1.678123230E-1,-2.887500077E-2,-1.419000030E-1,2.183499932E-1,2.620040001E-1
1.703169230E-1,-1.539999992E-2,-1.260875016E-1,2.158749998E-1,2.504740178E-1
1.728227680E-1,4.124999978E-4,-1.101374999E-1,2.123000026E-1,2.391688318E-1
1.753261540E-1,1.636249945E-2,-9.184999764E-2,2.085874975E-1,2.285014170E-1
1.778308450E-1,2.846249938E-2,-7.108750194E-2,2.025374919E-1,2.165294032E-1
1.803354350E-1,4.069999978E-2,-4.908749834E-2,1.951124966E-1,2.052680170E-1
1.828402810E-1,4.812499881E-2,-2.461249940E-2,1.865874976E-1,1.942593238E-1
1.853448990E-1,5.541250110E-2,9.624999948E-4,1.768250018E-1,1.853066457E-1
1.878495140E-1,6.146249920E-2,2.419999987E-2,1.683000028E-1,1.807986995E-1
1.903541290E-1,6.641250104E-2,4.743750021E-2,1.597750038E-1,1.794128996E-1
1.928597340E-1,6.888750196E-2,7.067500055E-2,1.523499936E-1,1.815240044E-1
1.953634280E-1,6.888750196E-2,9.515000135E-2,1.450625062E-1,1.866604977E-1
1.978682720E-1,7.246249914E-2,1.182499975E-1,1.402499974E-1,1.972408108E-1
2.003728900E-1,7.493750006E-2,1.390125006E-1,1.377750039E-1,2.095758954E-1
2.028775190E-1,7.493750006E-2,1.586750001E-1,1.365374923E-1,2.223417895E-1
2.053821340E-1,7.741250098E-2,1.782000065E-1,1.352999955E-1,2.367573154E-1
2.078868250E-1,8.112499863E-2,1.977249980E-1,1.365374923E-1,2.536117644E-1
2.103916710E-1,8.112499863E-2,2.160124928E-1,1.377750039E-1,2.687463751E-1
2.128971990E-1,8.112499863E-2,2.331999987E-1,1.402499974E-1,2.839605018E-1
2.154008940E-1,8.112499863E-2,2.477750033E-1,1.425874978E-1,2.971614245E-1
2.179055070E-1,7.988750190E-2,2.649624944E-1,1.463000029E-1,3.130348659E-1
2.204101990E-1,7.617499679E-2,2.747249901E-1,1.487749964E-1,3.215749522E-1
2.229147400E-1,7.369999588E-2,2.795374990E-1,1.523499936E-1,3.267773298E-1
2.254194350E-1,6.888750196E-2,2.844874859E-1,1.535875052E-1,3.305567112E-1
2.279240520E-1,6.517499685E-2,2.820124924E-1,1.560624987E-1,3.288378470E-1
2.304286680E-1,6.146249920E-2,2.722499967E-1,1.585374922E-1,3.209857254E-1
2.329344350E-1,5.664999783E-2,2.649624944E-1,1.622499973E-1,3.158154640E-1
2.354381290E-1,4.812499881E-2,2.527250051E-1,1.658249944E-1,3.060782131E-1
2.379428150E-1,4.441250116E-2,2.404875010E-1,1.720124930E-1,2.989899767E-1
2.404473550E-1,3.946249932E-2,2.307250053E-1,1.755875051E-1,2.926128652E-1
2.429519690E-1,3.217500076E-2,2.209624946E-1,1.792999953E-1,2.863706392E-1
2.454568920E-1,2.736249939E-2,2.135374993E-1,1.830125004E-1,2.825606931E-1
2.479612780E-1,2.488750033E-2,2.062499970E-1,1.817750037E-1,2.760445633E-1
2.504661220E-1,1.993750036E-2,2.001999915E-1,1.817750037E-1,2.711451502E-1
2.529719690E-1,1.512499992E-2,1.927749962E-1,1.817750037E-1,2.653923826E-1
2.554754320E-1,7.699999958E-3,1.830125004E-1,1.805374920E-1,2.571899130E-1
2.579800460E-1,1.649999991E-3,1.744875014E-1,1.792999953E-1,2.501941225E-1
2.604848920E-1,-8.112499490E-3,1.647250056E-1,1.755875051E-1,2.408964758E-1
2.629892690E-1,-1.539999992E-2,1.574375033E-1,1.720124930E-1,2.336921591E-1
2.654941130E-1,-2.516249940E-2,1.524875015E-1,1.670625061E-1,2.275861824E-1
2.679987310E-1,-3.258749843E-2,1.489125043E-1,1.585374922E-1,2.199341161E-1
2.705034210E-1,-3.616249934E-2,1.476749927E-1,1.475374997E-1,2.118559502E-1
2.730092090E-1,-4.606249928E-2,1.451999992E-1,1.352999955E-1,2.037421959E-1
2.755129040E-1,-4.963750020E-2,1.476749927E-1,1.205874979E-1,1.970104808E-1
2.780175170E-1,-5.335000157E-2,1.512500048E-1,1.035374999E-1,1.908999751E-1
2.805219040E-1,-5.582499877E-2,1.561999917E-1,8.648750186E-2,1.870693879E-1
2.830267340E-1,-5.706249923E-2,1.634874940E-1,6.929999590E-2,1.865121415E-1
2.855313510E-1,-5.582499877E-2,1.684374958E-1,5.101250112E-2,1.846344923E-1
2.880360420E-1,-5.335000157E-2,1.744875014E-1,3.506249934E-2,1.857995954E-1
2.905405820E-1,-4.963750020E-2,1.769624949E-1,1.677500084E-2,1.845562425E-1
2.930464210E-1,-4.482499883E-2,1.782000065E-1,-1.512499992E-3,1.837574774E-1
2.955498850E-1,-3.987500072E-2,1.806750000E-1,-1.856249943E-2,1.859517079E-1
2.980544980E-1,-3.506249934E-2,1.842499971E-1,-3.575000167E-2,1.909332421E-1
3.005593440E-1,-2.639999986E-2,1.842499971E-1,-5.279999971E-2,1.934757386E-1
3.030639520E-1,-2.158750035E-2,1.842499971E-1,-6.875000149E-2,1.978399462E-1
3.055685670E-1,-1.539999992E-2,1.842499971E-1,-8.456250280E-2,2.033126615E-1
3.080732570E-1,-1.058750041E-2,1.842499971E-1,-9.803749621E-2,2.089772889E-1
3.105778750E-1,-8.112499490E-3,1.794375032E-1,-1.150875017E-1,2.133278305E-1
3.130836420E-1,-5.637499969E-3,1.744875014E-1,-1.273249984E-1,2.160771269E-1
3.155873500E-1,-9.349999949E-3,1.610125005E-1,-1.395625025E-1,2.132841765E-1
3.180919640E-1,-1.429999992E-2,1.414874941E-1,-1.493249983E-1,2.062065860E-1
3.205965790E-1,-1.911249943E-2,1.182499975E-1,-1.578499973E-1,1.981539078E-1
3.231012710E-1,-2.639999986E-2,9.019999951E-2,-1.627999991E-1,1.879809555E-1
3.256058890E-1,-2.887500077E-2,6.091250107E-2,-1.665125042E-1,1.796399525E-1
3.281107330E-1,-3.135000169E-2,3.767500073E-2,-1.688500047E-1,1.758196586E-1
3.306153500E-1,-3.258749843E-2,1.691249944E-2,-1.688500047E-1,1.727955490E-1
3.331211950E-1,-3.135000169E-2,9.624999948E-4,-1.652749926E-1,1.682247669E-1
3.356246630E-1,-2.887500077E-2,-1.113750041E-2,-1.603250057E-1,1.632847728E-1
3.381292770E-1,-2.516249940E-2,-1.979999989E-2,-1.542750001E-1,1.575625813E-1
3.406338920E-1,-2.158750035E-2,-2.832499892E-2,-1.468500048E-1,1.511067492E-1
3.431387380E-1,-2.034999989E-2,-3.437500075E-2,-1.370874941E-1,1.427891600E-1
3.456433500E-1,-1.539999992E-2,-3.808749840E-2,-1.273249984E-1,1.337889111E-1
3.481479660E-1,-1.306249946E-2,-3.932499886E-2,-1.187999994E-1,1.258194114E-1
3.506525810E-1,-8.112499490E-3,-3.808749840E-2,-1.090374961E-1,1.157827524E-1
3.531581950E-1,-4.399999976E-3,-3.684999794E-2,-1.040875018E-1,1.105056124E-1
3.556618890E-1,1.649999991E-3,-3.437500075E-2,-9.803749621E-2,1.039024246E-1
3.581667330E-1,5.362499971E-3,-3.079999983E-2,-9.432499856E-2,9.937103073E-2
3.606713500E-1,1.264999993E-2,-2.461249940E-2,-9.308750182E-2,9.711375094E-2
3.631759660E-1,1.746249944E-2,-2.103750035E-2,-9.432499856E-2,9.820753872E-2
3.656805810E-1,2.241249941E-2,-1.484999992E-2,-9.432499856E-2,9.808184328E-2
3.681852120E-1,2.612499893E-2,-6.324999966E-3,-9.803749621E-2,1.016556533E-1
3.706898270E-1,2.969999984E-2,2.199999988E-3,-9.927500039E-2,1.036458185E-1
3.731956710E-1,2.846249938E-2,8.387500420E-3,-1.017500013E-1,1.059883333E-1
3.756991350E-1,2.612499893E-2,1.691249944E-2,-1.053249985E-1,1.098266976E-1
3.782039590E-1,2.488750033E-2,3.038750030E-2,-1.077999994E-1,1.147328537E-1
3.807085740E-1,1.993750036E-2,4.138749838E-2,-1.102750003E-1,1.194613102E-1
3.832131900E-1,1.746249944E-2,5.238749832E-2,-1.127500013E-1,1.255466115E-1
3.857178820E-1,1.388750039E-2,6.091250107E-2,-1.139874980E-1,1.299859421E-1
3.882225140E-1,8.937500417E-3,6.943749636E-2,-1.150875017E-1,1.347092345E-1
3.907273590E-1,5.362499971E-3,7.191249728E-2,-1.150875017E-1,1.358134630E-1
3.932329740E-1,2.887499984E-3,7.315000147E-2,-1.163249984E-1,1.374436817E-1
3.957365910E-1,-8.249999955E-4,7.315000147E-2,-1.139874980E-1,1.354428036E-1
3.982412820E-1,-3.299999982E-3,6.696250290E-2,-1.102750003E-1,1.290559665E-1
4.007458340E-1,-5.637499969E-3,6.091250107E-2,-1.053249985E-1,1.218009421E-1
4.032505260E-1,-9.349999949E-3,4.991250113E-2,-9.927500039E-2,1.115087708E-1
4.057551440E-1,-1.182499994E-2,4.015000165E-2,-9.075000137E-2,9.993706021E-2
4.082597590E-1,-1.182499994E-2,2.791249938E-2,-8.208750188E-2,8.750597814E-2
4.107645930E-1,-1.306249946E-2,1.938750036E-2,-7.232499868E-2,7.600927243E-2
4.132701320E-1,-1.182499994E-2,1.443750039E-2,-6.132499874E-2,6.410169663E-2
4.157738260E-1,-1.058750041E-2,5.912499968E-3,-5.032499880E-2,5.176541630E-2
4.182784400E-1,-9.349999949E-3,-6.324999966E-3,-3.946249932E-2,4.104530395E-2
4.207831320E-1,-8.112499490E-3,-2.461249940E-2,-2.598750032E-2,3.670065324E-2
4.232877470E-1,-5.637499969E-3,-4.413750023E-2,-1.498750038E-2,4.695237481E-2
4.257923630E-1,-2.062499989E-3,-6.366249919E-2,-5.224999972E-3,6.390984536E-2
4.282972090E-1,4.124999978E-3,-8.084999770E-2,3.299999982E-3,8.102239044E-2
4.308018260E-1,1.141249947E-2,-9.308750182E-2,1.196249947E-2,9.454432576E-2
4.333074400E-1,1.993750036E-2,-1.016125008E-1,1.677500084E-2,1.048999757E-1
4.358110570E-1,2.846249938E-2,-1.088999957E-1,2.048750035E-2,1.144074325E-1
4.383157470E-1,3.836249933E-2,-1.126125008E-1,2.419999987E-2,1.214038578E-1
4.408205930E-1,4.688749835E-2,-1.163249984E-1,2.777500078E-2,1.284577496E-1
4.433249800E-1,5.541250110E-2,-1.186624989E-1,3.024999984E-2,1.344112957E-1
4.458297860E-1,6.146249920E-2,-1.223749965E-1,3.396249935E-2,1.410912115E-1
4.483344040E-1,6.764999777E-2,-1.273249984E-1,3.877500072E-2,1.493039788E-1
4.508390940E-1,7.369999588E-2,-1.308999956E-1,4.372499883E-2,1.564556607E-1
4.533448630E-1,7.988750190E-2,-1.321374923E-1,4.977500066E-2,1.622340301E-1
4.558485660E-1,8.346249908E-2,-1.333750039E-1,5.596249923E-2,1.669930590E-1
4.583531800E-1,8.717499673E-2,-1.370874941E-1,6.324999779E-2,1.743359496E-1
4.608577950E-1,9.198749810E-2,-1.406625062E-1,7.053750008E-2,1.822722672E-1
4.633624880E-1,9.446249902E-2,-1.468500048E-1,7.906249911E-2,1.916741151E-1
4.658671050E-1,9.817499667E-2,-1.553750038E-1,8.882500231E-2,2.041313372E-1
4.683717160E-1,9.941250086E-2,-1.626625061E-1,9.501250088E-2,2.130007313E-1
4.708765610E-1,1.018875018E-1,-1.711875051E-1,1.010624990E-1,2.233827514E-1
4.733820990E-1,1.042250022E-1,-1.773750037E-1,1.047749966E-1,2.308734349E-1
4.758855630E-1,1.067000031E-1,-1.871374995E-1,1.072499976E-1,2.406405958E-1
4.783904070E-1,1.091749966E-1,-1.931875050E-1,1.108250022E-1,2.480378461E-1
4.808950360E-1,1.104125008E-1,-1.993750036E-1,1.120624989E-1,2.539671555E-1
4.833996510E-1,1.079374999E-1,-2.054249942E-1,1.132999957E-1,2.582379158E-1
4.859042670E-1,1.079374999E-1,-2.091374993E-1,1.182499975E-1,2.633857616E-1
4.884089590E-1,1.042250022E-1,-2.139499933E-1,1.205874979E-1,2.667935445E-1
4.909135770E-1,1.006499976E-1,-2.164250016E-1,1.218250021E-1,2.679767424E-1
4.934193440E-1,9.817499667E-2,-2.151875049E-1,1.255374998E-1,2.677753836E-1
4.959231150E-1,9.322500229E-2,-2.127124965E-1,1.304875016E-1,2.663916202E-1
4.984277280E-1,9.088750184E-2,-2.091374993E-1,1.365374923E-1,2.657847219E-1
5.009322910E-1,9.088750184E-2,-2.054249942E-1,1.413500011E-1,2.654049530E-1
5.034369830E-1,8.841250092E-2,-1.981374919E-1,1.475374997E-1,2.623786383E-1
5.059416010E-1,8.717499673E-2,-1.896124929E-1,1.523499936E-1,2.583851739E-1
5.084464450E-1,8.222500235E-2,-1.773750037E-1,1.572999954E-1,2.509305312E-1
5.109510620E-1,7.617499679E-2,-1.639000028E-1,1.610125005E-1,2.420555027E-1
5.134569110E-1,6.888750196E-2,-1.491875052E-1,1.670625061E-1,2.343336949E-1
5.159603750E-1,5.541250110E-2,-1.260875016E-1,1.732500046E-1,2.213236713E-1
5.184649880E-1,3.946249932E-2,-1.003749967E-1,1.780624986E-1,2.081794471E-1
5.209696040E-1,2.241249941E-2,-7.108750194E-2,1.841125041E-1,1.986282136E-1
5.234742190E-1,-8.249999955E-4,-3.808749840E-2,1.903000027E-1,1.940758336E-1
5.259790740E-1,-2.406249940E-2,2.199999988E-3,1.951124966E-1,1.966029761E-1
5.284836920E-1,-5.087500066E-2,4.015000165E-2,2.000624985E-1,2.102981018E-1
5.309883070E-1,-7.892499864E-2,8.291249722E-2,2.050125003E-1,2.348057982E-1
5.334941510E-1,-1.106875017E-1,1.256749928E-1,2.110625058E-1,2.694314537E-1
5.359976310E-1,-1.436875015E-1,1.757249981E-1,2.158749998E-1,3.132529147E-1
5.385024750E-1,-1.779250056E-1,2.270125002E-1,2.208250016E-1,3.632570222E-1
5.410068610E-1,-2.146375030E-1,2.869625092E-1,2.220624983E-1,4.215785722E-1
5.435117060E-1,-2.536875010E-1,3.480125070E-1,2.220624983E-1,4.845428839E-1
5.460163230E-1,-2.927374840E-1,4.127750099E-1,2.183499932E-1,5.511398759E-1
5.485209980E-1,-3.367374837E-1,4.823499918E-1,2.123000026E-1,6.253998230E-1
5.510256160E-1,-3.819749951E-1,5.495874882E-1,2.025374919E-1,6.992658577E-1
5.535313830E-1,-4.295499921E-1,6.168249846E-1,1.878249943E-1,7.747673753E-1
5.560348460E-1,-4.822124839E-1,6.814500093E-1,1.732500046E-1,8.525951906E-1
5.585396960E-1,-5.322625041E-1,7.438749671E-1,1.548250020E-1,9.276982921E-1
5.610443110E-1,-5.908374786E-1,8.036875129E-1,1.365374923E-1,1.006799400E0
5.635489260E-1,-6.495500207E-1,8.611624837E-1,1.132999957E-1,1.084598055E0
5.660535420E-1,-7.118374705E-1,9.124500155E-1,9.006249905E-2,1.160770808E0
5.685584650E-1,-7.741249800E-1,9.564499855E-1,7.177499682E-2,1.232565499E0
5.710630680E-1,-8.388875127E-1,9.905499816E-1,5.472499877E-2,1.299198349E0
5.735686820E-1,-9.036499858E-1,1.011312485E0,4.124999791E-2,1.356848481E0
5.760723760E-1,-9.696499705E-1,1.004024982E0,3.148749843E-2,1.396165711E0
5.785769890E-1,-1.035650015E0,9.564499855E-1,2.172499895E-2,1.409907622E0
5.810815860E-1,-1.095462441E0,8.537374735E-1,1.553750038E-2,1.388937381E0
5.835862010E-1,-1.150462508E0,6.924499869E-1,1.196249947E-2,1.342830618E0
5.860910470E-1,-1.206562519E0,4.738250077E-1,1.319999993E-2,1.296332322E0
5.885954340E-1,-1.259087443E0,1.904374957E-1,1.429999992E-2,1.273488170E0
5.911002780E-1,-1.305562496E0,-1.651374996E-1,1.429999992E-2,1.316042672E0
5.936058170E-1,-1.353274941E0,-5.988125205E-1,1.196249947E-2,1.479889389E0
5.961095110E-1,-1.397274971E0,-1.098487496E0,7.012499962E-3,1.777386086E0
5.986141240E-1,-1.435087442E0,-1.665400028E0,-2.749999985E-4,2.198416088E0
6.011190470E-1,-1.474137545E0,-2.293362379E0,-1.746249944E-2,2.726334066E0
6.036234340E-1,-1.509612441E0,-2.977562428E0,-4.551250115E-2,3.338694224E0
6.061282780E-1,-1.540137529E0,-3.708100080E0,-1.029874980E-1,4.016545312E0
6.086328960E-1,-1.567087531E0,-4.483874798E0,-1.908500046E-1,4.753663877E0
6.111375110E-1,-1.588950038E0,-5.298699856E0,-3.143250048E-1,5.540738452E0
6.136431480E-1,-1.604900002E0,-6.150237560E0,-4.694249928E-1,6.373498717E0
6.161467660E-1,-1.617137432E0,-7.040962696E0,-6.527125239E-1,7.253710968E0
6.186514560E-1,-1.619612455E0,-7.980362415E0,-8.530499935E-1,8.187614004E0
6.211560710E-1,-1.609850049E0,-8.980950356E0,-1.058337450E0,9.185268892E0
6.236609180E-1,-1.586612463E0,-1.003777504E1,-1.258674979E0,1.024004539E1
6.261655490E-1,-1.547425032E0,-1.115193748E1,-1.454200029E0,1.135230953E1
6.286701640E-1,-1.503562450E0,-1.232233715E1,-1.637349963E0,1.252124626E1
6.311748550E-1,-1.463137507E0,-1.351597500E1,-1.825587511E0,1.371696473E1
6.336806240E-1,-1.430137515E0,-1.477918720E1,-2.016162395E0,1.498447792E1
6.361843080E-1,-1.420374990E0,-1.614263725E1,-2.207974911E0,1.635473497E1
6.386889220E-1,-1.441137433E0,-1.761608696E1,-2.401025057E0,1.783727328E1
6.411933080E-1,-1.496137500E0,-1.918468666E1,-2.586649895E0,1.941600853E1
6.436981520E-1,-1.592662454E0,-2.082052422E1,-2.749175072E0,2.106154709E1
6.462027940E-1,-1.713662505E0,-2.251754951E1,-2.859037399E0,2.276292534E1
6.487074840E-1,-1.825999975E0,-2.427686310E1,-2.909224987E0,2.451864490E1
6.512121010E-1,-1.924999952E0,-2.601156235E1,-2.915275097E0,2.624511058E1
6.537178690E-1,-2.022762537E0,-2.756558800E1,-2.909224987E0,2.779238745E1
6.562215630E-1,-2.130287409E0,-2.869817543E1,-2.865225077E0,2.891942102E1
6.587262390E-1,-2.259675026E0,-2.943971252E1,-2.786987543E0,2.965754717E1
6.612308550E-1,-2.417387486E0,-2.989304924E1,-2.700224876E0,3.011194729E1
6.637354700E-1,-2.599437475E0,-3.008115005E1,-2.607412577E0,3.030563090E1
6.662400860E-1,-2.808300018E0,-3.008720016E1,-2.508412600E0,3.032191116E1
6.687447060E-1,-3.024587393E0,-3.006519890E1,-2.402124882E0,3.031228328E1
6.712493210E-1,-3.229737520E0,-3.003714943E1,-2.286074877E0,3.029666134E1
6.737551670E-1,-3.425262451E0,-3.000909996E1,-2.159024954E0,3.028101537E1
6.762588620E-1,-3.612124920E0,-2.998214912E1,-2.024687529E0,3.026674862E1
6.787634750E-1,-3.789362431E0,-2.995657539E1,-1.881687522E0,3.025386628E1
6.812679990E-1,-3.954225063E0,-2.992962456E1,-1.731400013E0,3.023931329E1
6.837726910E-1,-4.108224869E0,-2.990157509E1,-1.572587490E0,3.022341370E1
6.862773080E-1,-4.248612404E0,-2.987338829E1,-1.408962488E0,3.020687357E1
6.887819240E-1,-4.376900196E0,-2.984657478E1,-1.239150047E0,3.019123672E1
6.912867590E-1,-4.494187355E0,-2.982457542E1,-1.061912537E0,3.017997146E1
6.937926050E-1,-4.593187332E0,-2.980257416E1,-8.810999990E-1,3.016731896E1
6.962960690E-1,-4.683662415E0,-2.978181267E1,-6.954749823E-1,3.015587414E1
6.988006820E-1,-4.756949902E0,-2.976352501E1,-5.061374903E-1,3.014551656E1
7.013052970E-1,-4.819237709E0,-2.974757576E1,-3.130874932E-1,3.013704265E1
7.038099030E-1,-4.863237381E0,-2.973299980E1,-1.187999994E-1,3.012833332E1
7.063147490E-1,-4.896237373E0,-2.972200012E1,7.782500237E-2,3.012269059E1
7.088193660E-1,-4.913287640E0,-2.970976257E1,2.745875120E-1,3.011454442E1
7.113240570E-1,-4.914525032E0,-2.970481300E1,4.724499881E-1,3.011231776E1
7.138295790E-1,-4.902287483E0,-2.969876289E1,6.704499722E-1,3.010811258E1
7.163335040E-1,-4.876574993E0,-2.969752502E1,8.683124781E-1,3.010777213E1
7.188378890E-1,-4.835050106E0,-2.969876289E1,1.065075040E0,3.010861358E1
7.213425020E-1,-4.777712345E0,-2.970357513E1,1.256887436E0,3.011160369E1
7.238473480E-1,-4.710474968E0,-2.970728683E1,1.447462440E0,3.011322987E1
7.263519660E-1,-4.624949932E0,-2.971581268E1,1.635562539E0,3.011801371E1
7.288565810E-1,-4.528424740E0,-2.972323799E1,1.817612529E0,3.012110925E1
7.313612710E-1,-4.417325020E0,-2.973533821E1,1.997187495E0,3.012792487E1
7.338670320E-1,-4.291375160E0,-2.975004959E1,2.169475079E0,3.013615725E1
7.363704950E-1,-4.157037258E0,-2.976228714E1,2.338049889E0,3.014201672E1
7.388753390E-1,-4.009224892E0,-2.977700043E1,2.499337435E0,3.014946643E1
7.413799550E-1,-3.846699953E0,-2.979405022E1,2.653199911E0,3.015828242E1
7.438845700E-1,-3.674412489E0,-2.980986214E1,2.799912453E0,3.016568742E1
7.463891900E-1,-3.492500067E0,-2.982828712E1,2.937962532E0,3.017541869E1
7.488938050E-1,-3.300687551E0,-2.984533691E1,3.068587542E0,3.018368605E1
7.513987280E-1,-3.097874880E0,-2.986252403E1,3.188349962E0,3.019160058E1
7.539043430E-1,-2.887637377E0,-2.987957573E1,3.300824881E0,3.019971755E1
7.564079760E-1,-2.669012547E0,-2.989538765E1,3.403399944E0,3.020663771E1
7.589125890E-1,-2.442962408E0,-2.991257477E1,3.493737459E0,3.021483735E1
7.614172050E-1,-2.209625006E0,-2.992605019E1,3.575687408E0,3.021980250E1
7.639218200E-1,-1.970237494E0,-2.994062424E1,3.645262480E0,3.022599467E1
7.664265120E-1,-1.728237510E0,-2.995038795E1,3.703974962E0,3.022799984E1
7.689311300E-1,-1.480324984E0,-2.996138763E1,3.752787590E0,3.023176352E1
7.714357450E-1,-1.227324963E0,-2.996881294E1,3.789499998E0,3.023237315E1
7.739415120E-1,-9.757000208E-1,-2.997609901E1,3.813837528E0,3.023348904E1
7.764452070E-1,-7.203624845E-1,-2.998462486E1,3.827312469E0,3.023648410E1
7.789498970E-1,-4.662624896E-1,-2.998462486E1,3.827312469E0,3.023149764E1
7.814545210E-1,-2.096875012E-1,-2.998586273E1,3.817549944E0,3.022862253E1
7.839593670E-1,4.317500070E-2,-2.998586273E1,3.794312477E0,3.022500017E1
7.864639850E-1,2.972750068E-1,-2.998091316E1,3.760075092E0,3.021724162E1
7.889686000E-1,5.453249812E-1,-2.997609901E1,3.714974880E0,3.021034475E1
7.914732120E-1,7.871875167E-1,-2.996991158E1,3.657500029E0,3.020252590E1
7.939788250E-1,1.029049993E0,-2.995781326E1,3.590262413E0,3.018972513E1
7.964824420E-1,1.264862537E0,-2.994681168E1,3.510925055E0,3.017843604E1
7.989870560E-1,1.489675045E0,-2.993086243E1,3.420449972E0,3.016247893E1
8.014917380E-1,1.712012529E0,-2.991614914E1,3.321587563E0,3.014863032E1
8.039963540E-1,1.923349977E0,-2.990404892E1,3.210350037E0,3.013731515E1
8.065012000E-1,2.126162529E0,-2.988686180E1,3.091825008E0,3.012149494E1
8.090058170E-1,2.320450068E0,-2.986981201E1,2.962300062E0,3.010590274E1
8.115105070E-1,2.506212473E0,-2.985386276E1,2.825487375E0,3.009181951E1
8.140162770E-1,2.677124977E0,-2.983681297E1,2.681387424E0,3.007644003E1
8.165199710E-1,2.840887547E0,-2.981976318E1,2.528625011E0,3.006131838E1
8.190243540E-1,2.991174936E0,-2.980133820E1,2.369812489E0,3.004468168E1
8.215292000E-1,3.129225016E0,-2.978428650E1,2.203712463E0,3.002918780E1
8.240338920E-1,3.253799915E0,-2.976833725E1,2.032662392E0,3.001454369E1
8.265384850E-1,3.366275072E0,-2.975376320E1,1.854187489E0,3.000093738E1
8.290430240E-1,3.464037418E0,-2.973781204E1,1.673375010E0,2.998561662E1
8.315477140E-1,3.548325062E0,-2.972805023E1,1.486512542E0,2.997594537E1
8.340534830E-1,3.621612549E0,-2.971347427E1,1.298412442E0,2.996151708E1
8.365569610E-1,3.677712440E0,-2.970604897E1,1.105362535E0,2.995324257E1
8.390618050E-1,3.721712589E0,-2.969876289E1,9.123125076E-1,2.994494909E1
8.415664210E-1,3.749899864E0,-2.969147491E1,7.167875171E-1,2.993591849E1
8.440710360E-1,3.760900021E0,-2.968776321E1,5.213999748E-1,2.992957587E1
8.465757380E-1,3.758424997E0,-2.968047523E1,3.233999908E-1,2.991924057E1
8.490803560E-1,3.741237402E0,-2.967676163E1,1.255374998E-1,2.991191732E1
8.515849710E-1,3.711950064E0,-2.968047523E1,-7.122500241E-2,2.991177455E1
8.540907380E-1,3.667949915E0,-2.968776321E1,-2.653749883E-1,2.991467140E1
8.565944330E-1,3.611850023E0,-2.969504929E1,-4.571875036E-1,2.991739349E1
8.590990500E-1,3.539662600E0,-2.970604897E1,-6.465250254E-1,2.992317749E1
8.616036650E-1,3.449325085E0,-2.971347427E1,-8.310499787E-1,2.992455582E1
8.641082810E-1,3.350324869E0,-2.972076225E1,-1.008149981E0,2.992598790E1
8.666132040E-1,3.235512495E0,-2.973176193E1,-1.179199934E0,2.993053159E1
8.691178210E-1,3.104749918E0,-2.974276161E1,-1.349012494E0,2.993478203E1
8.716224370E-1,2.963124990E0,-2.975981140E1,-1.521299958E0,2.994563137E1
8.741280500E-1,2.811599970E0,-2.977452469E1,-1.685062528E0,2.995441287E1
8.766317440E-1,2.646600008E0,-2.978676224E1,-1.831637502E0,2.996015007E1
8.791362810E-1,2.469500065E0,-2.979776192E1,-1.969687462E0,2.996472450E1
8.816412040E-1,2.282637596E0,-2.981233788E1,-2.108974934E0,2.997388362E1
8.841458210E-1,2.087112427E0,-2.982581139E1,-2.238499880E0,2.998242727E1
8.866504370E-1,1.881824970E0,-2.983928680E1,-2.357024908E0,2.999132989E1
8.891551270E-1,1.665675044E0,-2.984905052E1,-2.463312387E0,2.999680314E1
8.916597600E-1,1.444437504E0,-2.986005020E1,-2.562175035E0,3.000456196E1
8.941652970E-1,1.217287540E0,-2.986981201E1,-2.648937464E0,3.001173651E1
8.966689910E-1,9.802374840E-1,-2.987709999E1,-2.727174997E0,3.001731921E1
8.991736050E-1,7.396125197E-1,-2.988686180E1,-2.793174982E0,3.002621124E1
9.016784460E-1,4.915624857E-1,-2.989304924E1,-2.849274874E0,3.003255557E1
9.041830630E-1,2.422749996E-1,-2.989428711E1,-2.893275023E0,3.003494863E1
9.066876780E-1,-1.058750041E-2,-2.989662552E1,-2.927512407E0,3.003961815E1
9.091922940E-1,-2.659249902E-1,-2.989428711E1,-2.948275089E0,3.004049673E1
9.116969980E-1,-5.212625265E-1,-2.989057541E1,-2.956799984E0,3.004098665E1
9.142027670E-1,-7.753624916E-1,-2.988328743E1,-2.954462528E0,3.003898972E1
9.167062310E-1,-1.030699968E0,-2.987228775E1,-2.942224979E0,3.003452356E1
9.192108440E-1,-1.286037445E0,-2.985881233E1,-2.916512489E0,3.002846335E1
9.217154700E-1,-1.535325050E0,-2.984409904E1,-2.879937410E0,3.002201709E1
9.242203160E-1,-1.785712481E0,-2.982581139E1,-2.832225084E0,3.001315200E1
9.267249330E-1,-2.028812408E0,-2.980628777E1,-2.773649931E0,3.000373317E1
9.292295490E-1,-2.264625072E0,-2.978181267E1,-2.703937531E0,2.998993449E1
9.317344700E-1,-2.497962475E0,-2.975499916E1,-2.620887518E0,2.997446985E1
9.342400850E-1,-2.724012375E0,-2.972805023E1,-2.530412436E0,2.995964287E1
9.367437030E-1,-2.942637444E0,-2.969628716E1,-2.431550026E0,2.994062493E1
9.392483160E-1,-3.152874947E0,-2.966452408E1,-2.320312500E0,2.992170549E1
9.417529310E-1,-3.353212595E0,-2.963152504E1,-2.199312449E0,2.990164354E1
9.442575470E-1,-3.546262503E0,-2.959852409E1,-2.071162462E0,2.988207356E1
9.467621710E-1,-3.727074862E0,-2.956318665E1,-1.933112502E0,2.985983951E1
9.492668630E-1,-3.895649910E0,-2.952894974E1,-1.787637472E0,2.983840828E1
9.517714810E-1,-4.055699825E0,-2.949595070E1,-1.635012507E0,2.981833454E1
9.542772480E-1,-4.203512669E0,-2.945689964E1,-1.476062536E0,2.979189850E1
9.567809420E-1,-4.339087486E0,-2.942637444E1,-1.311200023E0,2.977345190E1
9.592856330E-1,-4.461325169E0,-2.939337540E1,-1.137675047E0,2.975177716E1
9.617901730E-1,-4.569950104E0,-2.936271286E1,-9.605749846E-1,2.973173481E1
9.642950940E-1,-4.666474819E0,-2.933094978E1,-7.785249949E-1,2.971004382E1
9.667994770E-1,-4.745949745E0,-2.930413818E1,-5.927624702E-1,2.969188308E1
9.693043210E-1,-4.811950207E0,-2.927966309E1,-4.034250081E-1,2.967517964E1
9.718089380E-1,-4.864474773E0,-2.925642395E1,-2.116124928E-1,2.965883068E1
9.743145520E-1,-4.901050091E0,-2.923813820E1,-1.856249943E-2,2.964606824E1
9.768182460E-1,-4.924287319E0,-2.922232437E1,1.768250018E-1,2.963484629E1
9.793228690E-1,-4.934050083E0,-2.921008682E1,3.723500073E-1,2.962621587E1
9.818274840E-1,-4.925525188E0,-2.919908714E1,5.677375197E-1,2.961705276E1
9.843320990E-1,-4.906000137E0,-2.919289970E1,7.645000219E-1,2.961213756E1
9.868369450E-1,-4.870524883E0,-2.918932533E1,9.587875009E-1,2.960841096E1
9.893415630E-1,-4.819237709E0,-2.918684959E1,1.150599957E0,2.960441051E1
9.918462390E-1,-4.754475117E0,-2.918932533E1,1.339937449E0,2.960434393E1
9.943520080E-1,-4.677474976E0,-2.919537544E1,1.528037548E0,2.960715485E1
9.968554720E-1,-4.580949783E0,-2.920389938E1,1.712562442E0,2.961056754E1
9.993600850E-1,-4.477137566E0,-2.921489906E1,1.889662504E0,2.961631159E1
1.001864715E0,-4.355037689E0,-2.923085022E1,2.064424992E0,2.962550942E1
1.004369561E0,-4.220562458E0,-2.924790001E1,2.233000040E0,2.963509898E1
1.006874255E0,-4.075224876E0,-2.926742554E1,2.395524979E0,2.964672318E1
1.009378794E0,-3.916412592E0,-2.929190063E1,2.550625086E0,2.966242436E1
1.011883407E0,-3.746599913E0,-2.931637573E1,2.698437452E0,2.967774354E1
1.014389239E0,-3.567024946E0,-2.933961296E1,2.838962555E0,2.969168678E1
1.016892703E0,-3.375212431E0,-2.936518669E1,2.970962524E0,2.970745473E1
1.019397547E0,-3.173637390E0,-2.939337540E1,3.094300032E0,2.972569905E1
1.021902162E0,-2.964637518E0,-2.941771317E1,3.207875013E0,2.974023177E1
1.024406749E0,-2.743537426E0,-2.944466209E1,3.312925100E0,2.975719402E1
1.026911441E0,-2.516249895E0,-2.946899986E1,3.407112598E0,2.977183036E1
1.029415981E0,-2.280437469E0,-2.949099922E1,3.491400003E0,2.978438020E1
1.031920672E0,-2.042287588E0,-2.951176262E1,3.564687490E0,2.979634320E1
1.034426427E0,-1.796712518E0,-2.953142548E1,3.626975060E0,2.980751943E1
1.036930121E0,-1.546324968E0,-2.954476166E1,3.677025080E0,2.981282569E1
1.039434735E0,-1.288512468E0,-2.955576324E1,3.714974880E0,2.981617755E1
1.041939427E0,-1.007462502E0,-2.959728813E1,3.734499931E0,2.984896875E1
1.044444044E0,-6.445999742E-1,-2.972323799E1,3.700262547E0,2.995961163E1
1.046948669E0,-8.992499858E-2,-2.985510063E1,3.634262562E0,3.007562110E1
1.049453284E0,1.034000039E0,-2.985386276E1,3.422924995E0,3.006723621E1
1.051958128E0,2.621025085E0,-2.952894974E1,3.025825024E0,2.979906479E1
1.054463744E0,5.021637440E0,-2.813249969E1,2.327049971E0,2.867175515E1
1.056967457E0,8.273787498E0,-2.538731194E1,1.118837476E0,2.672495022E1
1.059471994E0,1.209284973E1,-2.111862564E1,-5.231875181E-1,2.434146850E1
1.061976686E0,1.636896324E1,-1.490266228E1,-2.341074944E0,2.226011978E1
1.064481226E0,2.027231216E1,-8.002362251E0,-3.885337591E0,2.213820883E1
1.066985913E0,2.339012527E1,-1.406350017E0,-5.014212608E0,2.396284851E1
1.069490530E0,2.565144920E1,4.450462341E0,-5.765512466E0,2.666541947E1
1.071995374E0,2.686832428E1,9.720974922E0,-6.198087692E0,2.923731339E1
1.074500913E0,2.696718788E1,1.432557487E1,-6.222424984E0,3.116359880E1
1.077004625E0,2.616817474E1,1.804206276E1,-6.055087566E0,3.235666057E1
1.079509238E0,2.459228706E1,2.069429970E1,-5.874274731E0,3.267325706E1
1.082013931E0,2.208401299E1,2.178893661E1,-5.623887539E0,3.152918488E1
1.084518546E0,1.853981209E1,2.092282486E1,-5.235312462E0,2.844112742E1
1.087023161E0,1.448383713E1,1.836450005E1,-4.727112293E0,2.386172648E1
1.089528008E0,1.043267536E1,1.453691196E1,-4.189487457E0,1.837700546E1
1.092032702E0,6.777237415E0,1.020593739E1,-3.636049986E0,1.277939609E1
1.094538469E0,3.825662374E0,6.308774948E0,-3.066799879E0,7.990093582E0
1.097041933E0,1.649724960E0,3.314300060E0,-2.501125097E0,4.467863481E0
1.099546777E0,1.434125006E-1,1.220312476E0,-1.967212439E0,2.319408214E0
1.102051392E0,-8.559374809E-1,-1.528999954E-1,-1.460250020E0,1.699510959E0
1.104556008E0,-1.480324984E0,-1.008149981E0,-9.898625016E-1,2.046351928E0
1.107060623E0,-1.828474998E0,-1.505349994E0,-5.647125244E-1,2.434809984E0
1.109565234E0,-1.986050010E0,-1.758212447E0,-1.908500046E-1,2.659347547E0
1.112069927E0,-2.026337385E0,-1.849925041E0,1.280124933E-1,2.746753184E0
1.114575696E0,-1.987287521E0,-1.830262542E0,3.931125104E-1,2.730148368E0
1.117079160E0,-1.907950044E0,-1.737450004E0,6.044499874E-1,2.650351990E0
1.119583994E0,-1.812525034E0,-1.594587445E0,7.754999995E-1,2.535617552E0
1.122088609E0,-1.708712459E0,-1.429587483E0,9.062625170E-1,2.405146646E0
1.124593224E0,-1.587849975E0,-1.269537449E0,1.007599950E0,2.268975658E0
1.127097840E0,-1.465612531E0,-1.104674935E0,1.077312469E0,2.128128041E0
1.129602455E0,-1.347087502E0,-9.384375215E-1,1.121175051E0,1.988050104E0
1.132107139E0,-1.229799986E0,-7.783874869E-1,1.140837550E0,1.849271587E0
1.134612908E0,-1.113749981E0,-6.330500245E-1,1.138362527E0,1.713785458E0
1.137116371E0,-1.000174999E0,-5.010499954E-1,1.118837476E0,1.582149937E0
1.139621215E0,-8.866000175E-1,-3.837625086E-1,1.079650044E0,1.448784826E0
1.142125802E0,-7.814124823E-1,-2.799499929E-1,1.028362513E0,1.321554737E0
1.144630494E0,-6.825500131E-1,-1.846625060E-1,9.635999799E-1,1.195198595E0
1.147135035E0,-5.872625113E-1,-9.913749993E-2,8.927875161E-1,1.073207832E0
1.149639725E0,-4.980250001E-1,-2.103750035E-2,8.097375035E-1,9.508660798E-1
1.152144561E0,-4.087874889E-1,5.472499877E-2,7.180249691E-1,8.280470354E-1
1.154650177E0,-3.294500113E-1,1.304875016E-1,6.202625036E-1,7.143457646E-1
1.157153871E0,-2.574000061E-1,2.025374919E-1,5.139750242E-1,6.094641288E-1
1.159658407E0,-1.938749999E-1,2.710124850E-1,4.053499997E-1,5.247322220E-1
1.162163129E0,-1.388749927E-1,3.370124996E-1,2.941125035E-1,4.683650854E-1
1.164667744E0,-9.363749623E-2,3.955875039E-1,1.853500009E-1,4.467796736E-1
1.167172590E0,-5.335000157E-2,4.457750022E-1,8.030000329E-2,4.560807668E-1
1.169676977E0,-2.158750035E-2,4.885374904E-1,-1.498750038E-2,4.892438296E-1
1.172181883E0,-2.062499989E-3,5.153499842E-1,-9.679999948E-2,5.243663795E-1
1.174687421E0,1.141249947E-2,5.324000120E-1,-1.615625024E-1,5.564912040E-1
1.177191116E0,1.993750036E-2,5.348749757E-1,-2.103749961E-1,5.751055403E-1
1.179695652E0,2.241249941E-2,5.226374865E-1,-2.421374917E-1,5.764397863E-1
1.182200344E0,2.241249941E-2,4.982999861E-1,-2.580874860E-1,5.616176161E-1
1.184704960E0,1.746249944E-2,4.640625119E-1,-2.605625093E-1,5.324957982E-1
1.187209806E0,1.017499994E-2,4.175874889E-1,-2.520374954E-1,4.878583202E-1
1.189714423E0,1.649999991E-3,3.625875115E-1,-2.373249978E-1,4.333538746E-1
1.192219039E0,-8.112499490E-3,3.015374839E-1,-2.165624946E-1,3.713354022E-1
1.194724652E0,-1.663750038E-2,2.380124927E-1,-1.933249980E-1,3.070851803E-1
1.197228346E0,-2.406249940E-2,1.744875014E-1,-1.688500047E-1,2.439983936E-1
1.199733191E0,-3.382499889E-2,1.097249985E-1,-1.432749927E-1,1.836067248E-1
1.202237794E0,-4.111250117E-2,5.238749832E-2,-1.200374961E-1,1.372723140E-1
1.204742409E0,-4.839999974E-2,-1.374999993E-3,-9.556250274E-2,1.071290928E-1
1.207247100E0,-5.706249923E-2,-4.661250114E-2,-7.356250286E-2,1.041167417E-1
1.209751717E0,-6.063750014E-2,-8.689999580E-2,-5.403750017E-2,1.189477495E-1
1.212256256E0,-6.792499870E-2,-1.186624989E-1,-3.698749840E-2,1.416427518E-1
1.214762100E0,-7.287500054E-2,-1.406625062E-1,-1.979999989E-2,1.596519538E-1
1.217265563E0,-7.658749819E-2,-1.578499973E-1,-5.224999972E-3,1.755265426E-1
1.219770407E0,-7.658749819E-2,-1.663749963E-1,7.012499962E-3,1.832906420E-1
1.222274980E0,-7.782500237E-2,-1.688500047E-1,1.801249944E-2,1.867926798E-1
1.224779672E0,-7.782500237E-2,-1.651374996E-1,2.653750032E-2,1.844759163E-1
1.227284213E0,-7.411249727E-2,-1.541374922E-1,3.148749843E-2,1.739036840E-1
1.229788903E0,-6.792499870E-2,-1.358499974E-1,3.629999980E-2,1.561624706E-1
1.232293749E0,-5.939999968E-2,-1.126125008E-1,3.629999980E-2,1.323919381E-1
1.234799353E0,-4.716249928E-2,-8.208750188E-2,3.396249935E-2,1.005788778E-1
1.237302971E0,-3.135000169E-2,-5.279999971E-2,2.653750032E-2,6.689470457E-2
1.239807584E0,-1.429999992E-2,-2.337500080E-2,1.553750038E-2,3.150070759E-2
1.242312200E0,4.124999978E-4,5.912499968E-3,4.537499975E-3,7.464363211E-3
1.244816892E0,1.388750039E-2,3.396249935E-2,-2.749999985E-3,3.679506121E-2
1.247321504E0,2.241249941E-2,5.472499877E-2,-8.799999952E-3,5.978783839E-2
1.249826120E0,2.969999984E-2,6.696250290E-2,-8.799999952E-3,7.378012459E-2
1.252330735E0,2.846249938E-2,7.438749820E-2,-8.799999952E-3,8.013147795E-2
1.254836579E0,2.612499893E-2,7.191249728E-2,-7.562499959E-3,7.688377098E-2
1.257340197E0,2.241249941E-2,6.448750198E-2,-6.462499965E-3,6.857639497E-2
1.259844796E0,1.636249945E-2,5.348749831E-2,-5.224999972E-3,5.617779355E-2
1.262349411E0,7.699999958E-3,4.015000165E-2,-5.224999972E-3,4.121423609E-2
1.264854104E0,-8.249999955E-4,2.914999984E-2,-5.224999972E-3,2.962606522E-2
1.267358721E0,-5.637499969E-3,1.691249944E-2,-5.224999972E-3,1.857726212E-2
1.269863565E0,-1.306249946E-2,7.149999961E-3,-3.987499978E-3,1.541595108E-2
1.272368178E0,-2.034999989E-2,-1.374999993E-4,-3.987499978E-3,2.073744338E-2
1.274873791E0,-2.639999986E-2,-6.324999966E-3,-3.987499978E-3,2.743839961E-2
1.277377485E0,-2.639999986E-2,-1.237499993E-2,-2.749999985E-3,2.928588595E-2
1.279882099E0,-2.763750032E-2,-1.608750038E-2,-2.749999985E-3,3.209675361E-2
1.282386945E0,-2.639999986E-2,-1.856249943E-2,-1.512499992E-3,3.230811096E-2
1.284891539E0,-2.406249940E-2,-1.979999989E-2,-1.512499992E-3,3.119826164E-2
1.287396155E0,-2.158750035E-2,-1.979999989E-2,-1.512499992E-3,2.933168634E-2
1.289900770E0,-1.787500083E-2,-1.732499897E-2,-1.512499992E-3,2.493910384E-2
1.292405460E0,-1.306249946E-2,-1.484999992E-2,-1.512499992E-3,1.983529798E-2
1.294911230E0,-9.349999949E-3,-1.003750041E-2,-1.512499992E-3,1.380078149E-2
1.297414924E0,-5.637499969E-3,-5.087499972E-3,-1.512499992E-3,7.742849482E-3
1.299919307E0,-3.299999982E-3,-1.374999993E-4,-1.512499992E-3,3.632707304E-3
1.302424153E0,-8.249999955E-4,7.149999961E-3,-1.512499992E-3,7.354643476E-3
1.304928845E0,4.124999978E-4,1.196249947E-2,-2.749999985E-4,1.197276805E-2
1.307433463E0,4.124999978E-4,1.319999993E-2,-2.749999985E-4,1.320930654E-2
1.309938078E0,4.124999978E-4,1.567500085E-2,9.624999948E-4,1.570993998E-2
1.312442616E0,1.649999991E-3,1.443750039E-2,9.624999948E-4,1.456332118E-2
1.314948461E0,4.124999978E-4,1.319999993E-2,9.624999948E-4,1.324147124E-2
1.317452168E0,1.649999991E-3,1.196249947E-2,9.624999948E-4,1.211405381E-2
1.319956781E0,-8.249999955E-4,1.072499994E-2,9.624999948E-4,1.079965995E-2
1.322461397E0,-8.249999955E-4,9.624999948E-3,9.624999948E-4,9.708123157E-3
1.324966089E0,-2.062499989E-3,5.912499968E-3,-2.749999985E-4,6.267949192E-3
1.327470639E0,-8.249999955E-4,2.199999988E-3,9.624999948E-4,2.539100467E-3
1.329975253E0,-8.249999955E-4,-1.374999993E-4,9.624999948E-4,1.275122536E-3
1.332479945E0,-3.299999982E-3,-3.849999979E-3,-2.749999985E-4,5.078200933E-3
1.334985714E0,-3.299999982E-3,-7.562499959E-3,9.624999948E-4,8.307094062E-3
1.337489394E0,-3.299999982E-3,-7.562499959E-3,-2.749999985E-4,8.255727134E-3
1.339994007E0,-2.062499989E-3,-8.799999952E-3,-2.749999985E-4,9.042650627E-3
1.342498622E0,-8.249999955E-4,-8.799999952E-3,-2.749999985E-4,8.842864307E-3
1.345003315E0,4.124999978E-4,-7.562499959E-3,-2.749999985E-4,7.578732538E-3
1.347507932E0,-8.249999955E-4,-7.562499959E-3,9.624999948E-4,7.668013880E-3
1.350012776E0,-8.249999955E-4,-5.087499972E-3,9.624999948E-4,5.243060862E-3
1.352517394E0,-8.249999955E-4,-5.087499972E-3,-2.749999985E-4,5.161289176E-3
1.355023007E0,4.124999978E-4,-5.087499972E-3,-1.512499992E-3,5.323576659E-3
1.357526711E0,-2.062499989E-3,-2.612499986E-3,-2.749999985E-4,3.339863377E-3
1.360031325E0,-2.062499989E-3,-1.374999993E-3,-1.512499992E-3,2.903822896E-3
1.362535940E0,-2.062499989E-3,-1.374999993E-3,-2.749999985E-4,2.494024094E-3
1.365040556E0,-2.062499989E-3,2.199999988E-3,-2.749999985E-4,3.028123371E-3
1.367545411E0,-2.062499989E-3,4.674999975E-3,9.624999948E-4,5.199609332E-3
1.370050028E0,-2.062499989E-3,5.912499968E-3,-1.512499992E-3,6.441988691E-3
1.372554718E0,-8.249999955E-4,4.674999975E-3,-2.749999985E-4,4.755194502E-3
1.375060257E0,-2.062499989E-3,4.674999975E-3,-2.749999985E-4,5.117143340E-3
1.377563980E0,-2.062499989E-3,2.199999988E-3,9.624999948E-4,3.165487702E-3
1.380068594E0,-4.399999976E-3,4.674999975E-3,9.624999948E-4,6.491689364E-3
1.382573209E0,-4.399999976E-3,9.624999948E-4,9.624999948E-4,4.605736887E-3
1.385078055E0,-2.062499989E-3,9.624999948E-4,-2.749999985E-4,2.292583138E-3
1.387582668E0,-4.399999976E-3,9.624999948E-4,-2.749999985E-4,4.512430723E-3
1.390087283E0,-2.062499989E-3,2.199999988E-3,-2.749999985E-4,3.028123371E-3
1.392591898E0,-3.299999982E-3,9.624999948E-4,9.624999948E-4,3.569707602E-3
1.395097512E0,-3.299999982E-3,3.437499981E-3,-2.749999985E-4,4.773052588E-3
1.397601230E0,-8.249999955E-4,4.674999975E-3,-2.749999985E-4,4.755194502E-3
1.400105843E0,-8.249999955E-4,2.199999988E-3,-2.749999985E-4,2.365639436E-3
1.402610690E0,-2.062499989E-3,9.624999948E-4,-2.749999985E-4,2.292583138E-3
1.405115307E0,-8.249999955E-4,-1.374999993E-4,-2.749999985E-4,8.804295779E-4
1.407619997E0,-8.249999955E-4,-1.374999993E-3,-2.749999985E-4,1.626921932E-3
1.410124626E0,-8.249999955E-4,-1.374999993E-3,-2.749999985E-4,1.626921932E-3
1.412629470E0,-2.062499989E-3,-1.374999993E-3,-2.749999985E-4,2.494024094E-3
1.415135085E0,-2.062499989E-3,-1.374999993E-4,9.624999948E-4,2.280179531E-3
1.417638703E0,4.124999978E-4,-1.374999993E-3,-2.749999985E-4,1.461645041E-3
1.420143316E0,-3.299999982E-3,-1.374999993E-3,-1.512499992E-3,3.881788388E-3
1.422648013E0,-2.062499989E-3,9.624999948E-4,-2.749999985E-4,2.292583138E-3
1.425152629E0,-2.062499989E-3,9.624999948E-4,-2.749999985E-4,2.292583138E-3
1.427657244E0,-8.249999955E-4,2.199999988E-3,-2.749999985E-4,2.365639436E-3
1.430162090E0,-2.062499989E-3,-1.374999993E-4,-2.749999985E-4,2.085290736E-3
1.432666491E0,-2.062499989E-3,-1.374999993E-4,-2.749999985E-4,2.085290736E-3
1.435172258E0,4.124999978E-4,-1.374999993E-4,-2.749999985E-4,5.144778879E-4
1.437675952E0,4.124999978E-4,-1.374999993E-3,-2.749999985E-4,1.461645041E-3
1.440180643E0,4.124999978E-4,-2.612499986E-3,-2.749999985E-4,2.659123431E-3
1.442685263E0,-2.062499989E-3,-1.374999993E-3,-2.749999985E-4,2.494024094E-3
1.445189879E0,-3.299999982E-3,-1.374999993E-4,9.624999948E-4,3.440248882E-3
1.447694494E0,-2.062499989E-3,2.199999988E-3,-2.749999985E-4,3.028123371E-3
1.450199109E0,-2.062499989E-3,3.437499981E-3,-2.749999985E-4,4.018200757E-3
1.452703979E0,-8.249999955E-4,3.437499981E-3,-2.749999985E-4,3.545794144E-3
1.455209595E0,-2.062499989E-3,4.674999975E-3,-2.749999985E-4,5.117143340E-3
1.457713212E0,-8.249999955E-4,4.674999975E-3,-2.749999985E-4,4.755194502E-3
1.460217826E0,-8.249999955E-4,4.674999975E-3,-2.749999985E-4,4.755194502E-3
1.462722518E0,-2.062499989E-3,3.437499981E-3,9.624999948E-4,4.122707674E-3
1.465227133E0,-3.299999982E-3,2.199999988E-3,-2.749999985E-4,3.975628860E-3
1.467731980E0,-3.299999982E-3,9.624999948E-4,9.624999948E-4,3.569707602E-3
1.470236597E0,-3.299999982E-3,-1.374999993E-4,9.624999948E-4,3.440248882E-3
1.472741302E0,-2.062499989E-3,-1.374999993E-3,-2.749999985E-4,2.494024094E-3
1.475247071E0,-2.062499989E-3,-1.374999993E-4,9.624999948E-4,2.280179531E-3
1.477750766E0,-8.249999955E-4,-1.374999993E-3,9.624999948E-4,1.870202185E-3
1.480255148E0,-3.299999982E-3,-1.374999993E-4,-2.749999985E-4,3.314291950E-3
1.482759995E0,-8.249999955E-4,9.624999948E-4,-2.749999985E-4,1.297172399E-3
1.485264696E0,-3.299999982E-3,9.624999948E-4,9.624999948E-4,3.569707602E-3
1.487769236E0,-2.062499989E-3,-1.374999993E-4,9.624999948E-4,2.280179531E-3
1.490273850E0,-8.249999955E-4,-1.374999993E-4,-2.749999985E-4,8.804295779E-4
1.492778465E0,-8.249999955E-4,-1.374999993E-4,-2.749999985E-3,2.874374916E-3
1.495284311E0,1.649999991E-3,-1.374999993E-4,-3.987499978E-3,4.317587555E-3
1.497787775E0,4.124999978E-3,9.624999948E-4,-5.224999972E-3,6.726266108E-3
1.500292388E0,7.699999958E-3,3.437499981E-3,-5.224999972E-3,9.920031763E-3
1.502797234E0,1.017499994E-2,4.674999975E-3,-3.987499978E-3,1.188639578E-2
1.505301852E0,1.141249947E-2,9.624999948E-3,-2.749999985E-3,1.518052266E-2
1.507806467E0,1.017499994E-2,9.624999948E-3,-2.749999985E-3,1.427353312E-2
1.510311157E0,8.937500417E-3,9.624999948E-3,-2.749999985E-3,1.341946488E-2
1.512816004E0,7.699999958E-3,5.912499968E-3,-3.987499978E-3,1.049513274E-2
1.515321619E0,6.599999964E-3,3.437499981E-3,-3.987499978E-3,8.442544742E-3
1.517825231E0,6.599999964E-3,3.437499981E-3,-1.512499992E-3,7.593685658E-3
1.520329922E0,4.124999978E-3,3.437499981E-3,-2.749999985E-4,5.376584040E-3
1.522834460E0,1.649999991E-3,7.149999961E-3,9.624999948E-4,7.400770612E-3
1.525339076E0,1.649999991E-3,8.387500420E-3,9.624999948E-4,8.602271183E-3
1.527843758E0,-8.249999955E-4,5.912499968E-3,9.624999948E-4,6.046874160E-3
1.530348604E0,-4.399999976E-3,-1.374999993E-4,9.624999948E-4,4.506141618E-3
1.532853221E0,-5.637499969E-3,-3.849999979E-3,9.624999948E-4,6.894223088E-3
1.535358835E0,-5.637499969E-3,-1.374999993E-3,9.624999948E-4,5.882043618E-3
1.537862457E0,-3.299999982E-3,3.437499981E-3,9.624999948E-4,4.861359094E-3
1.540367071E0,-2.062499989E-3,8.387500420E-3,9.624999948E-4,8.690827103E-3
1.542871763E0,4.124999978E-4,1.196249947E-2,-2.749999985E-4,1.197276805E-2
1.545376303E0,2.887499984E-3,1.319999993E-2,-1.512499992E-3,1.359651832E-2
1.547881219E0,4.124999978E-3,1.443750039E-2,-1.512499992E-3,1.509121262E-2
1.550385606E0,6.599999964E-3,1.443750039E-2,-3.987499978E-3,1.636769908E-2
1.552890450E0,7.699999958E-3,1.319999993E-2,-5.224999972E-3,1.615025146E-2
1.555396066E0,7.699999958E-3,1.319999993E-2,-7.562499959E-3,1.705055433E-2
1.557899669E0,7.699999958E-3,1.443750039E-2,-1.003750041E-2,1.919590663E-2
1.560404282E0,8.937500417E-3,1.319999993E-2,-1.251249947E-2,2.026527954E-2
1.562908975E0,1.264999993E-2,1.567500085E-2,-1.746249944E-2,2.665833897E-2
1.565413590E0,1.264999993E-2,1.938750036E-2,-2.103750035E-2,3.128057048E-2
1.567918426E0,1.869999990E-2,2.419999987E-2,-2.598750032E-2,4.013327999E-2
1.570423044E0,2.241249941E-2,2.914999984E-2,-3.203750029E-2,4.876929409E-2
1.572927659E0,2.846249938E-2,3.396249935E-2,-3.575000167E-2,5.693529531E-2
1.575433272E0,3.464999795E-2,3.396249935E-2,-4.056249931E-2,6.324073110E-2
1.577936967E0,4.441250116E-2,3.519999981E-2,-4.303750023E-2,7.115993727E-2
1.580441580E0,5.417500064E-2,3.891250119E-2,-4.675000161E-2,8.145352106E-2
1.582946196E0,6.146249920E-2,4.496249929E-2,-4.922499880E-2,9.067726097E-2
1.585451042E0,7.122500241E-2,4.867500067E-2,-5.403750017E-2,1.017954227E-1
1.587955659E0,7.741250098E-2,5.348749831E-2,-5.527500063E-2,1.091280600E-1
1.590460345E0,9.693749994E-2,1.691249944E-2,-5.403750017E-2,1.122629189E-1
1.592964963E0,1.409374923E-1,-1.101374999E-1,-4.675000161E-2,1.848761971E-1
1.595470807E0,2.129874974E-1,-3.337124884E-1,-3.822499886E-2,3.977296186E-1
1.597974424E0,2.887499928E-1,-6.050000191E-1,-3.451250121E-2,6.712620160E-1
1.600479023E0,3.547500074E-1,-9.213874936E-1,-3.079999983E-2,9.878011546E-1
1.602983638E0,4.072749913E-1,-1.313537478E0,-3.327500075E-2,1.375631074E0
1.605488330E0,4.438500106E-1,-1.741162539E0,-5.032499880E-2,1.797549004E0
1.607992871E0,4.487999976E-1,-2.012312412E0,-9.556250274E-2,2.063965812E0
1.610497556E0,4.230875075E-1,-2.007499933E0,-1.542750001E-1,2.057391503E0
1.613002174E0,3.815625012E-1,-1.748450041E0,-2.140875012E-1,1.802359827E0
1.615507941E0,3.437500000E-1,-1.379537463E0,-2.690874934E-1,1.446960868E0
1.618011635E0,3.265624940E-1,-1.012962461E0,-3.081375062E-1,1.108009355E0
1.620516325E0,3.315125108E-1,-7.125250101E-1,-3.301374912E-1,8.523984972E-1
1.623020931E0,3.485625088E-1,-4.754749835E-1,-3.398999870E-1,6.805176585E-1
1.625525546E0,3.693250120E-1,-2.958999872E-1,-3.386625051E-1,5.819364736E-1
1.628030162E0,3.889875114E-1,-1.773750037E-1,-3.338499963E-1,5.424287935E-1
1.630534777E0,4.035624862E-1,-1.126125008E-1,-3.253250122E-1,5.304532205E-1
1.633039412E0,4.085125029E-1,-5.637500063E-2,-3.179000020E-1,5.206928240E-1
1.635545259E0,4.085125029E-1,1.567500085E-2,-3.179000020E-1,5.178692711E-1
1.638048876E0,4.047999978E-1,9.996250272E-2,-3.216125071E-1,5.265834643E-1
1.640553566E0,3.987500072E-1,1.904374957E-1,-3.289000094E-1,5.508568091E-1
1.643058167E0,3.937999904E-1,2.710124850E-1,-3.363249898E-1,5.845003834E-1
1.645562782E0,3.913249969E-1,3.210625052E-1,-3.423750103E-1,6.110949461E-1
1.648067628E0,3.937999904E-1,3.382500112E-1,-3.508999944E-1,6.265958096E-1
1.650572246E0,3.975124955E-1,3.418250084E-1,-3.619000018E-1,6.370495520E-1
1.653076936E0,3.987500072E-1,3.515875041E-1,-3.729000092E-1,6.493610383E-1
1.655582470E0,4.023250043E-1,3.515875041E-1,-3.838999867E-1,6.579197383E-1
1.658086165E0,4.010874927E-1,3.443000019E-1,-3.924250007E-1,6.583396154E-1
1.660590701E0,3.987500072E-1,3.467749953E-1,-3.986124992E-1,6.619262724E-1
1.663095394E0,3.975124955E-1,3.515875041E-1,-4.034250081E-1,6.666196024E-1
1.665600009E0,3.950375021E-1,3.638249934E-1,-4.083749950E-1,6.746802134E-1
1.668104624E0,3.900874853E-1,3.785375059E-1,-4.119499922E-1,6.820276282E-1
1.670609470E0,3.877499998E-1,3.932499886E-1,-4.144249856E-1,6.904662805E-1
1.673114088E0,3.815625012E-1,4.090625048E-1,-4.229499996E-1,7.012907937E-1
1.675619932E0,3.742749989E-1,4.323000014E-1,-4.303750098E-1,7.156729107E-1
1.678123396E0,3.657499850E-1,4.567750096E-1,-4.364250004E-1,7.299885218E-1
1.680628009E0,3.535124958E-1,4.835875034E-1,-4.413749874E-1,7.440697801E-1
1.683132855E0,3.375625014E-1,5.080624819E-1,-4.437125027E-1,7.542921933E-1
1.685637472E0,3.242250085E-1,5.263500214E-1,-4.426124990E-1,7.603104796E-1
1.688142092E0,3.082749844E-1,5.361124873E-1,-4.376625121E-1,7.576269131E-1
1.690646707E0,2.947999835E-1,5.324000120E-1,-4.291374981E-1,7.446581735E-1
1.693151323E0,2.912249863E-1,5.361124873E-1,-4.229499996E-1,7.423713989E-1
1.695657167E0,3.034625053E-1,5.605875254E-1,-4.193750024E-1,7.630355551E-1
1.698160630E0,3.217499852E-1,6.168249846E-1,-4.206124842E-1,8.129643144E-1
1.700665475E0,3.669874966E-1,7.266874909E-1,-4.254249930E-1,9.185537311E-1
1.703170090E0,4.255625010E-1,8.611624837E-1,-4.351874888E-1,1.054557924E0
1.705674782E0,4.720374942E-1,9.552124739E-1,-4.461874962E-1,1.155133563E0
1.708179323E0,4.866124988E-1,9.539750218E-1,-4.426124990E-1,1.158777757E0
1.710684244E0,4.646124840E-1,8.647375107E-1,-4.229499996E-1,1.068888406E0
1.713188857E0,4.145624936E-1,7.169250250E-1,-3.900874853E-1,9.154298437E-1
1.715694471E0,3.485625088E-1,5.471125245E-1,-3.508999944E-1,7.375355877E-1
1.718198165E0,2.777499855E-1,3.920125067E-1,-3.106124997E-1,5.721005024E-1
1.720702701E0,2.105125040E-1,2.820124924E-1,-2.751374841E-1,4.467070577E-1
1.723207394E0,1.494625062E-1,2.222000062E-1,-2.470874935E-1,3.643681010E-1
1.725712009E0,9.322500229E-2,1.867250055E-1,-2.250874937E-1,3.069552224E-1
1.728216624E0,3.946249932E-2,1.537249982E-1,-2.043250054E-1,2.587225768E-1
1.730721471E0,-1.182499994E-2,1.072499976E-1,-1.860374957E-1,2.150635776E-1
1.733226088E0,-6.187500060E-2,4.262499884E-2,-1.652749926E-1,1.815522773E-1
1.735731638E0,-1.119249985E-1,-2.461249940E-2,-1.457500011E-1,1.854077755E-1
1.738235333E0,-1.571625024E-1,-8.332499862E-2,-1.260875016E-1,2.180393672E-1
1.740739946E0,-1.938749999E-1,-1.236125007E-1,-1.139874980E-1,2.566334265E-1
1.743244638E0,-2.121624947E-1,-1.553750038E-1,-1.090374961E-1,2.846813860E-1
1.745749485E0,-2.389750034E-1,-1.578499973E-1,-1.090374961E-1,3.064552976E-1
1.748254111E0,-2.609750032E-1,-1.491875052E-1,-1.163249984E-1,3.223295973E-1
1.750758726E0,-2.842124999E-1,-1.381874979E-1,-1.248499975E-1,3.397941311E-1
1.753263342E0,-3.037374914E-1,-1.333750039E-1,-1.347499937E-1,3.580543480E-1
1.755768955E0,-3.244999945E-1,-1.273249984E-1,-1.420374960E-1,3.764127414E-1
1.758272650E0,-3.465000093E-1,-1.236125007E-1,-1.505624950E-1,3.975064423E-1
1.760777499E0,-3.697375059E-1,-1.260875016E-1,-1.542750001E-1,4.200055440E-1
1.763281885E0,-4.014999866E-1,-1.223749965E-1,-1.530375034E-1,4.467643187E-1
1.765786729E0,-4.382124841E-1,-1.088999957E-1,-1.457500011E-1,4.744812463E-1
1.768291347E0,-4.845499992E-1,-8.813749999E-2,-1.322750002E-1,5.099545042E-1
1.770796056E0,-5.322625041E-1,-5.637500063E-2,-1.139874980E-1,5.472427831E-1
1.773300674E0,-5.860249996E-1,-1.732499897E-2,-9.308750182E-2,5.936250827E-1
1.775806441E0,-6.433625221E-1,3.038750030E-2,-7.603749633E-2,6.485525699E-1
1.778309904E0,-7.045499682E-1,8.167500049E-2,-6.022499874E-2,7.118205630E-1
1.780814767E0,-7.668374777E-1,1.342000067E-1,-4.798749834E-2,7.799693321E-1
1.783319383E0,-8.328375220E-1,1.806750000E-1,-3.698749840E-2,8.530122325E-1
1.785823998E0,-9.036499858E-1,2.209624946E-1,-3.327500075E-2,9.308678459E-1
1.788328614E0,-9.818875194E-1,2.539624870E-1,-3.203750029E-2,1.014705103E0
1.790833249E0,-1.057512522E0,2.832500041E-1,-3.327500075E-2,1.095294720E0
1.793337941E0,-1.134512544E0,3.125374913E-1,-3.946249932E-2,1.177436064E0
1.795843711E0,-1.213987470E0,3.492499888E-1,-4.922499880E-2,1.264185205E0
1.798347405E0,-1.295799971E0,3.845874965E-1,-6.379999965E-2,1.353172401E0
1.800852032E0,-1.381325006E0,4.237749875E-1,-8.332499862E-2,1.447268831E0
1.803356648E0,-1.472900033E0,4.628250003E-1,-1.139874980E-1,1.548106791E0
1.805861263E0,-1.569424987E0,4.958249927E-1,-1.493249983E-1,1.652644901E0
1.808365955E0,-1.672137499E0,5.202999711E-1,-1.958000064E-1,1.762127554E0
1.810870568E0,-1.774712443E0,5.458750129E-1,-2.556124926E-1,1.874278937E0
1.813375412E0,-1.885949969E0,5.715875030E-1,-3.253250122E-1,1.997337208E0
1.815880950E0,-2.003237486E0,5.959249735E-1,-4.021874964E-1,2.128342496E0
1.818384645E0,-2.125337601E0,6.278250217E-1,-4.877125025E-1,2.269160122E0
1.820889258E0,-2.259675026E0,6.643999815E-1,-5.794249773E-1,2.425549806E0
1.823393965E0,-2.395387411E0,7.034500241E-1,-6.747124791E-1,2.586108991E0
1.825898581E0,-2.535912514E0,7.438749671E-1,-7.712374926E-1,2.753000093E0
1.828403427E0,-2.675062418E0,7.889750004E-1,-8.701000214E-1,2.921560292E0
1.830908044E0,-2.815587521E0,8.342124820E-1,-9.690999985E-1,3.092345123E0
1.833412735E0,-2.954874992E0,8.769749999E-1,-1.069337487E0,3.262491997E0
1.835918297E0,-3.099112511E0,9.185000062E-1,-1.171912551E0,3.438243686E0
1.838421991E0,-3.245687485E0,9.649749994E-1,-1.275725007E0,3.618444181E0
1.840926528E0,-3.392262459E0,1.006500006E0,-1.378437519E0,3.797443462E0
1.843431220E0,-3.540075064E0,1.039499998E0,-1.482249975E0,3.976148475E0
1.845935840E0,-3.686650038E0,1.081025004E0,-1.581249952E0,4.154558337E0
1.848440686E0,-3.832124949E0,1.120074987E0,-1.674062490E0,4.329230280E0
1.850945303E0,-3.976224899E0,1.167787552E0,-1.762062550E0,4.503216256E0
1.853449919E0,-4.119225025E0,1.220312476E0,-1.849925041E0,4.677542090E0
1.855955542E0,-4.263325214E0,1.281362534E0,-1.939162493E0,4.855737122E0
1.858459159E0,-4.409900188E0,1.343649983E0,-2.034450054E0,5.039008035E0
1.860963850E0,-4.555375099E0,1.415699959E0,-2.134687424E0,5.226139978E0
1.863468465E0,-4.700712681E0,1.487887502E0,-2.239737511E0,5.415434705E0
1.865973311E0,-4.848525047E0,1.559937477E0,-2.349600077E0,5.609119413E0
1.868477952E0,-4.998812675E0,1.627174973E0,-2.470599890E0,5.808587640E0
1.870982567E0,-5.151575089E0,1.691799998E0,-2.603699923E0,6.014995130E0
1.873487182E0,-5.305437565E0,1.761512518E0,-2.745462418E0,6.228013968E0
1.875993027E0,-5.452012539E0,1.851850033E0,-2.884749889E0,6.440153041E0
1.878496500E0,-5.602300167E0,1.971612453E0,-3.020324945E0,6.662986238E0
1.881001344E0,-5.752587318E0,2.108424902E0,-3.149849892E0,6.889068933E0
1.883505731E0,-5.900400162E0,2.234237432E0,-3.272087574E0,7.107256578E0
1.886010575E0,-6.046975136E0,2.349187374E0,-3.388137579E0,7.318747561E0
1.888515206E0,-6.196024895E0,2.448050022E0,-3.500474930E0,7.525755652E0
1.891020128E0,-6.343975067E0,2.526287556E0,-3.603187561E0,7.720823082E0
1.893524514E0,-6.485599995E0,2.583762407E0,-3.696000099E0,7.899319730E0
1.896030358E0,-6.626124859E0,2.619100094E0,-3.779049873E0,8.065136942E0
1.898533966E0,-6.761700153E0,2.639862537E0,-3.848624945E0,8.215922173E0
1.901038579E0,-6.893700123E0,2.652100086E0,-3.901287556E0,8.353249718E0
1.903543194E0,-7.020750046E0,2.654574871E0,-3.937862396E0,8.476111090E0
1.906047887E0,-7.140512466E0,2.639862537E0,-3.958625078E0,8.580588850E0
1.908552514E0,-7.257800102E0,2.615525007E0,-3.965912580E0,8.674393119E0
1.911057358E0,-7.370137691E0,2.577574968E0,-3.962337494E0,8.755737589E0
1.913561745E0,-7.478899956E0,2.532337427E0,-3.950099945E0,8.828927849E0
1.916067589E0,-7.586424828E0,2.481050014E0,-3.931812525E0,8.897673885E0
1.918571202E0,-7.691474915E0,2.421237469E0,-3.906100035E0,8.959843454E0
1.921075892E0,-7.797762394E0,2.356474876E0,-3.878050089E0,9.022047699E0
1.923580430E0,-7.906525135E0,2.281949997E0,-3.848624945E0,9.084731667E0
1.926085353E0,-8.010337830E0,2.209899902E0,-3.819337368E0,9.145299757E0
1.928589735E0,-8.106862068E0,2.142662525E0,-3.796099901E0,9.204487479E0
1.931094579E0,-8.198437691E0,2.084087372E0,-3.775337458E0,9.263421272E0
1.933599197E0,-8.288912773E0,2.032662392E0,-3.759525061E0,9.325868326E0
1.936105041E0,-8.369487762E0,1.988800049E0,-3.750999928E0,9.384756337E0
1.938608504E0,-8.441537857E0,1.947137475E0,-3.744812489E0,9.437930192E0
1.941113099E0,-8.511249542E0,1.913037539E0,-3.744812489E0,9.493403076E0
1.943617714E0,-8.580824852E0,1.878800035E0,-3.748524904E0,9.550491279E0
1.946122329E0,-8.650537491E0,1.856799960E0,-3.755812407E0,9.611744473E0
1.948627176E0,-8.709112167E0,1.855562449E0,-3.768049955E0,9.669019972E0
1.951131788E0,-8.759300232E0,1.862849951E0,-3.780287504E0,9.720397322E0
1.953636478E0,-8.806875229E0,1.878800035E0,-3.793762445E0,9.771569698E0
1.956142248E0,-8.856925011E0,1.888562441E0,-3.802287579E0,9.821872508E0
1.958645942E0,-8.896112442E0,1.877562523E0,-3.807100058E0,9.856980697E0
1.961150310E0,-8.916874886E0,1.858037472E0,-3.803524971E0,9.870651608E0
1.963654926E0,-8.919212341E0,1.821324944E0,-3.790050030E0,9.860732862E0
1.966159772E0,-8.903400421E0,1.768800020E0,-3.765574932E0,9.827448659E0
1.968664389E0,-8.871637344E0,1.695512533E0,-3.729000092E0,9.771701674E0
1.971168990E0,-8.825162888E0,1.608749986E0,-3.678812504E0,9.695629838E0
1.973673605E0,-8.764112473E0,1.507412434E0,-3.616524935E0,9.600063139E0
1.976179449E0,-8.692062378E0,1.391362548E0,-3.545712471E0,9.489990255E0
1.978683144E0,-8.602825165E0,1.259362459E0,-3.462662458E0,9.358665819E0
1.981187757E0,-8.503962517E0,1.109074950E0,-3.375900030E0,9.216513807E0
1.983692368E0,-8.395199776E0,9.466875196E-1,-3.286662579E0,9.065194286E0
1.986196984E0,-8.274199486E0,7.731624842E-1,-3.197562456E0,8.904187948E0
1.988701599E0,-8.150862694E0,6.033499837E-1,-3.110800028E0,8.745151266E0
1.991206292E0,-8.021337509E0,4.371125102E-1,-3.026512384E0,8.584445235E0
1.993710909E0,-7.891812325E0,2.782999873E-1,-2.945800066E0,8.428279224E0
1.996216676E0,-7.763525009E0,1.280124933E-1,-2.868937492E0,8.277651243E0
1.998720370E0,-7.633999825E0,-1.003750041E-2,-2.799225092E0,8.131034079E0
2.001224984E0,-7.505712509E0,-1.358499974E-1,-2.733224869E0,7.989035841E0
2.003729594E0,-7.375087261E0,-2.444749922E-1,-2.674649954E0,7.848912823E0
2.006234210E0,-7.245562553E0,-3.374249935E-1,-2.623362541E0,7.713239486E0
2.008738825E0,-7.117274761E0,-4.229499996E-1,-2.579362392E0,7.582057576E0
2.011243748E0,-6.985274792E0,-4.987125099E-1,-2.543887377E0,7.450781239E0
2.013748366E0,-6.848462582E0,-5.634750128E-1,-2.513362408E0,7.316825433E0
2.016253979E0,-6.710412502E0,-6.269999743E-1,-2.488887548E0,7.184519897E0
2.018757596E0,-6.571125031E0,-6.990500093E-1,-2.470599890E0,7.054942870E0
2.021262210E0,-6.425787449E0,-7.735750079E-1,-2.455887556E0,6.922466780E0
2.023766825E0,-6.280449867E0,-8.553875089E-1,-2.444887400E0,6.793615585E0
2.026271517E0,-6.137449741E0,-9.372000098E-1,-2.435124874E0,6.669067876E0
2.028776139E0,-5.992112637E0,-1.022724986E0,-2.424124956E0,6.544292326E0
2.031280983E0,-5.845399857E0,-1.114437461E0,-2.414362431E0,6.421823439E0
2.033785600E0,-5.698824883E0,-1.204774976E0,-2.405837536E0,6.302074423E0
2.036291444E0,-5.549775124E0,-1.284250021E0,-2.402124882E0,6.182192652E0
2.038794908E0,-5.404437542E0,-1.357537508E0,-2.402124882E0,6.068035694E0
2.041299502E0,-5.256625175E0,-1.428349972E0,-2.407074928E0,5.955359065E0
2.043804349E0,-5.113625050E0,-1.496824980E0,-2.419312477E0,5.851727867E0
2.046308966E0,-4.973100185E0,-1.566400051E0,-2.432787418E0,5.753589245E0
2.048813581E0,-4.838762283E0,-1.634874940E0,-2.447362423E0,5.663569487E0
2.051318188E0,-4.709237576E0,-1.698400021E0,-2.462074995E0,5.578825544E0
2.053822803E0,-4.589475155E0,-1.754637480E0,-2.474312544E0,5.501295979E0
2.056328417E0,-4.471087456E0,-1.799737453E0,-2.486412525E0,5.423276241E0
2.058832111E0,-4.358612537E0,-1.835212469E0,-2.495074987E0,5.347046591E0
2.061336931E0,-4.252325058E0,-1.877974987E0,-2.498650074E0,5.277528839E0
2.063841548E0,-4.150987625E0,-1.932974935E0,-2.496312380E0,5.215234018E0
2.066346164E0,-4.051987648E0,-1.992787480E0,-2.486412525E0,5.154808734E0
2.068850779E0,-3.955462456E0,-2.052737474E0,-2.473074913E0,5.096617889E0
2.071355469E0,-3.862649918E0,-2.117362499E0,-2.453550100E0,5.042142048E0
2.073860101E0,-3.774650097E0,-2.187074900E0,-2.427837372E0,4.992561895E0
2.076365868E0,-3.694074869E0,-2.268887520E0,-2.398550034E0,4.954501184E0
2.078869562E0,-3.623125076E0,-2.361700058E0,-2.363075018E0,4.928365451E0
2.081373945E0,-3.554787397E0,-2.458225012E0,-2.324024916E0,4.907186104E0
2.083878781E0,-3.492500067E0,-2.553512573E0,-2.282500029E0,4.891603986E0
2.086383399E0,-3.435024977E0,-2.647700071E0,-2.237262487E0,4.880067182E0
2.088888014E0,-3.380024910E0,-2.736799955E0,-2.185975075E0,4.867558876E0
2.091392704E0,-3.328737497E0,-2.822324991E0,-2.130975008E0,4.856651744E0
2.093897332E0,-3.282262564E0,-2.900562525E0,-2.072262526E0,4.845697315E0
2.096403099E0,-3.238262415E0,-2.975087404E0,-2.008737564E0,4.834512916E0
2.098906793E0,-3.199212551E0,-3.047137499E0,-1.940400004E0,4.825469932E0
2.101411407E0,-3.160162449E0,-3.113137484E0,-1.871924996E0,4.814805800E0
2.103916022E0,-3.119874954E0,-3.172950029E0,-1.801112533E0,4.800545591E0
2.106420720E0,-3.084399939E0,-3.230424881E0,-1.730299950E0,4.789896221E0
2.108925338E0,-3.046449900E0,-3.286662579E0,-1.655774951E0,4.777509664E0
2.111430182E0,-3.007400036E0,-3.342762470E0,-1.577537537E0,4.765201002E0
2.113934799E0,-2.970824957E0,-3.391712427E0,-1.495725036E0,4.750442874E0
2.116440403E0,-2.935349941E0,-3.438050032E0,-1.413774967E0,4.736583891E0
2.118944020E0,-2.897537470E0,-3.485762596E0,-1.331962466E0,4.724445817E0
2.121448710E0,-2.854774952E0,-3.538287401E0,-1.254962444E0,4.716370267E0
2.123953557E0,-2.814349890E0,-3.590812445E0,-1.182912469E0,4.713149820E0
2.126457943E0,-2.777775049E0,-3.632337570E0,-1.108387470E0,4.705149650E0
2.128962787E0,-2.741062403E0,-3.664099932E0,-1.036337495E0,4.691806348E0
2.131467482E0,-2.706825018E0,-3.692149878E0,-9.728124738E-1,4.680303036E0
2.133972097E0,-2.677537441E0,-3.716624975E0,-9.202874899E-1,4.672198307E0
2.136477864E0,-2.653062582E0,-3.730099916E0,-8.713374734E-1,4.659572453E0
2.138981328E0,-2.632299900E0,-3.728862524E0,-8.163374662E-1,4.636790414E0
2.141485936E0,-2.610300064E0,-3.711812496E0,-7.735750079E-1,4.603220256E0
2.143990782E0,-2.588437557E0,-3.689812422E0,-7.467625141E-1,4.568629876E0
2.146495400E0,-2.565200090E0,-3.661624908E0,-7.284749746E-1,4.529726732E0
2.149000015E0,-2.544437408E0,-3.627525091E0,-7.174749970E-1,4.488637921E0
2.151504720E0,-2.522437572E0,-3.590812445E0,-7.137625217E-1,4.445906236E0
2.154009261E0,-2.501674891E0,-3.560287476E0,-7.187125087E-1,4.410280245E0
2.156515105E0,-2.479675055E0,-3.530999899E0,-7.297124863E-1,4.375983201E0
2.159018569E0,-2.455199957E0,-3.507762432E0,-7.442874908E-1,4.345844909E0
2.161523413E0,-2.434437513E0,-3.490575075E0,-7.602375150E-1,4.323026884E0
2.164028032E0,-2.411200047E0,-3.479574919E0,-7.772874832E-1,4.304126289E0
2.166532648E0,-2.386862516E0,-3.466237545E0,-7.895249724E-1,4.281969766E0
2.169037340E0,-2.363625050E0,-3.451524973E0,-8.017625213E-1,4.259409719E0
2.171541880E0,-2.337912560E0,-3.439287424E0,-8.090500236E-1,4.236637235E0
2.174046801E0,-2.311100006E0,-3.433237553E0,-8.163374662E-1,4.218377673E0
2.176552321E0,-2.281675100E0,-3.424712420E0,-8.212875128E-1,4.196332875E0
2.179056015E0,-2.252387524E0,-3.411237478E0,-8.249999881E-1,4.170181731E0
2.181560629E0,-2.218149900E0,-3.400237560E0,-8.273375034E-1,4.143222392E0
2.184065321E0,-2.186387539E0,-3.391712427E0,-8.273375034E-1,4.119282826E0
2.186569861E0,-2.152287483E0,-3.386762381E0,-8.225250244E-1,4.096223657E0
2.189074538E0,-2.115575075E0,-3.381949902E0,-8.188124895E-1,4.072308550E0
2.191579384E0,-2.078862429E0,-3.381949902E0,-8.127624989E-1,4.052139807E0
2.194084001E0,-2.047100067E0,-3.379474878E0,-8.115249872E-1,4.033614005E0
2.196589615E0,-2.011762381E0,-3.375762463E0,-8.127624989E-1,4.012921998E0
2.199093328E0,-1.978762507E0,-3.365999937E0,-8.163374662E-1,3.988967723E0
2.201597864E0,-1.944525003E0,-3.353762388E0,-8.262374997E-1,3.963782039E0
2.204102480E0,-1.910287499E0,-3.335474968E0,-8.359999657E-1,3.933635410E0
2.206607095E0,-1.874949932E0,-3.313474894E0,-8.481000066E-1,3.900490577E0
2.209111778E0,-1.838237524E0,-3.296424866E0,-8.690000176E-1,3.873073085E0
2.211616395E0,-1.807712436E0,-3.277999878E0,-8.897625208E-1,3.847698636E0
2.214121239E0,-1.779662490E0,-3.251187563E0,-9.140999913E-1,3.817459619E0
2.216626854E0,-1.756425023E0,-3.207187414E0,-9.398124814E-1,3.775490362E0
2.219130472E0,-1.731950045E0,-3.147374868E0,-9.666249752E-1,3.720212811E0
2.221635172E0,-1.706237435E0,-3.080137491E0,-9.960500002E-1,3.659318072E0
2.224140018E0,-1.676949978E0,-3.011662483E0,-1.025337458E0,3.596329941E0
2.226644636E0,-1.641612530E0,-2.945800066E0,-1.053387523E0,3.533023493E0
2.229149020E0,-1.610949993E0,-2.878562450E0,-1.076624990E0,3.469928390E0
2.231653864E0,-1.576849937E0,-2.797849894E0,-1.085150003E0,3.389980868E0
2.234158510E0,-1.543849945E0,-2.697750092E0,-1.081575036E0,3.291068636E0
2.236664123E0,-1.508375049E0,-2.620749950E0,-1.069337487E0,3.207336629E0
2.239167818E0,-1.455850005E0,-2.575512409E0,-1.053387523E0,3.140444026E0
2.241672431E0,-1.396037459E0,-2.548700094E0,-1.036337495E0,3.085253338E0
2.244177277E0,-1.328799963E0,-2.535224915E0,-1.015575051E0,3.037180830E0
2.246681895E0,-1.262799978E0,-2.529175043E0,-9.971500039E-1,2.997615438E0
2.249186585E0,-1.196799994E0,-2.519412518E0,-9.788625240E-1,2.956000930E0
2.251691202E0,-1.129699945E0,-2.493700027E0,-9.593374729E-1,2.900877485E0
2.254195818E0,-1.066174984E0,-2.457124949E0,-9.361000061E-1,2.837335957E0
2.256701581E0,-1.003887534E0,-2.410650015E0,-9.018625021E-1,2.762676175E0
2.259205044E0,-9.414625168E-1,-2.362937450E0,-8.579999804E-1,2.684397331E0
2.261709889E0,-8.816499710E-1,-2.315362453E0,-8.102874756E-1,2.606679066E0
2.264214275E0,-8.193625212E-1,-2.271362543E0,-7.590000033E-1,2.531111169E0
2.266719119E0,-7.570750117E-1,-2.229837418E0,-7.112874985E-1,2.459932395E0
2.269223737E0,-6.947875023E-1,-2.185837507E0,-6.697624922E-1,2.389392617E0
2.271728427E0,-6.348375082E-1,-2.143074989E0,-6.319500208E-1,2.322746198E0
2.274232968E0,-5.713124871E-1,-2.101550102E0,-5.989499688E-1,2.258683655E0
2.276738797E0,-5.115000010E-1,-2.062500000E0,-5.709000230E-1,2.200333006E0
2.279242260E0,-4.504500031E-1,-2.018500090E0,-5.464249849E-1,2.139118529E0
2.281747104E0,-3.905000091E-1,-1.970787525E0,-5.244249701E-1,2.076418858E0
2.284251720E0,-3.306874931E-1,-1.919499993E0,-5.036625266E-1,2.011842534E0
2.286756335E0,-2.671625018E-1,-1.860924959E0,-4.877125025E-1,1.942236080E0
2.289261027E0,-2.059749961E-1,-1.798499942E0,-4.743750095E-1,1.871379007E0
2.291765645E0,-1.424500048E-1,-1.732637525E0,-4.681875110E-1,1.800423378E0
2.294270260E0,-8.387500048E-2,-1.659350038E0,-4.646124840E-1,1.725207907E0
2.296776027E0,-2.406249940E-2,-1.585924983E0,-4.621374905E-1,1.652061777E0
2.299279799E0,3.836249933E-2,-1.506587505E0,-4.633750021E-1,1.576703518E0
2.301784335E0,9.817499667E-2,-1.427112460E0,-4.743750095E-1,1.507089896E0
2.304289028E0,1.556500047E-1,-1.351349950E0,-4.951374829E-1,1.447596193E0
2.306793643E0,2.129874974E-1,-1.279299974E0,-5.231875181E-1,1.398462469E0
2.309298489E0,2.716999948E-1,-1.201200008E0,-5.524749756E-1,1.349789223E0
2.311803101E0,3.339875042E-1,-1.115674973E0,-5.806624889E-1,1.301325180E0
2.314307792E0,3.975124955E-1,-1.026437521E0,-6.001874804E-1,1.253720535E0
2.316813561E0,4.610374868E-1,-9.409124851E-1,-6.111875176E-1,1.213021867E0
2.319317025E0,5.208500028E-1,-8.663874865E-1,-6.087124944E-1,1.180018179E0
2.321821551E0,5.856124759E-1,-8.028625250E-1,-5.927624702E-1,1.157107407E0
2.324326243E0,6.553249955E-1,-7.430499792E-1,-5.659499764E-1,1.140996712E0
2.326830859E0,7.321875095E-1,-6.965749860E-1,-5.329499841E-1,1.142519560E0
2.329335705E0,8.079500198E-1,-6.562874913E-1,-4.974749982E-1,1.153680146E0
2.331840308E0,8.886625171E-1,-6.208124757E-1,-4.609000087E-1,1.177946526E0
2.334344924E0,9.667624831E-1,-5.890499949E-1,-4.254249930E-1,1.209378361E0
2.336850537E0,1.041287541E0,-5.572875142E-1,-3.924250007E-1,1.244526616E0
2.339354154E0,1.109762549E0,-5.242875218E-1,-3.606624901E-1,1.279268445E0
2.341858845E0,1.172049999E0,-4.877125025E-1,-3.338499963E-1,1.312638757E0
2.344363691E0,1.227049947E0,-4.485250115E-1,-3.106124997E-1,1.342872437E0
2.346868308E0,1.282050014E0,-3.984749913E-1,-2.873750031E-1,1.372959922E0
2.349372924E0,1.334574938E0,-3.532375097E-1,-2.653749883E-1,1.405806134E0
2.351877614E0,1.380912542E0,-3.092375100E-1,-2.421374917E-1,1.435680275E0
2.354382260E0,1.426149964E0,-2.664749920E-1,-2.202749997E-1,1.467458251E0
2.356888028E0,1.470149994E0,-2.249500006E-1,-1.982749999E-1,1.500418769E0
2.359391722E0,1.510437489E0,-1.859000027E-1,-1.775124967E-1,1.532152376E0
2.361896335E0,1.551962495E0,-1.431374997E-1,-1.566125005E-1,1.566398227E0
2.364400722E0,1.592249990E0,-9.432499856E-2,-1.370874941E-1,1.600921677E0
2.366905633E0,1.630200028E0,-4.289999977E-2,-1.150875017E-1,1.634820380E0
2.369410174E0,1.665675044E0,1.319999993E-2,-9.556250274E-2,1.668466297E0
2.371915095E0,1.702250004E0,7.672499865E-2,-7.727500051E-2,1.705729529E0
2.374419481E0,1.732774973E0,1.427250057E-1,-5.775000155E-2,1.739601850E0
2.376925306E0,1.758487463E0,2.147749960E-1,-3.946249932E-2,1.771994285E0
2.379428924E0,1.779250026E0,2.954874933E-1,-2.103750035E-2,1.803742246E0
2.381933537E0,1.798774958E0,3.810124993E-1,2.199999988E-3,1.838686138E0
2.384438153E0,1.820775032E0,4.701125026E-1,2.777500078E-2,1.880691079E0
2.386942768E0,1.845250010E0,5.568749905E-1,5.953750014E-2,1.928367722E0
2.389447470E0,1.874537468E0,6.375874877E-1,9.129999578E-2,1.982106004E0
2.391952088E0,1.906299949E0,7.071624994E-1,1.243000031E-1,2.037034311E0
2.394456703E0,1.945349932E0,7.572125196E-1,1.963499933E-1,2.096738056E0
2.396962470E0,1.985637546E0,8.097375035E-1,3.343999982E-1,2.170312108E0
2.399466160E0,2.019875050E0,8.744999766E-1,4.859249890E-1,2.254056015E0
2.401970773E0,2.046824932E0,9.197375178E-1,6.179249883E-1,2.327496659E0
2.404475465E0,2.077349901E0,9.136874676E-1,7.314999700E-1,2.384386631E0
2.406980083E0,2.109112501E0,8.684499860E-1,8.353124857E-1,2.429054933E0
2.409484903E0,2.143349886E0,8.159250021E-1,9.477875233E-1,2.481528467E0
2.411989520E0,2.177449942E0,7.792124748E-1,1.087074995E0,2.555424108E0
2.414494136E0,2.204400063E0,7.792124748E-1,1.249462485E0,2.650982501E0
2.416999749E0,2.222687483E0,8.036875129E-1,1.414462447E0,2.754443189E0
2.419503457E0,2.231212378E0,8.294000030E-1,1.552512527E0,2.841919806E0
2.422008071E0,2.238637447E0,8.403999805E-1,1.656324983E0,2.908811131E0
2.424512686E0,2.238637447E0,8.379250169E-1,1.738137484E0,2.955458994E0
2.427017532E0,2.234925032E0,8.329749703E-1,1.807850003E0,2.992834582E0
2.429522155E0,2.223924875E0,8.403999805E-1,1.867662549E0,3.023289165E0
2.432026845E0,2.211687565E0,8.599249721E-1,1.915374994E0,3.049540000E0
2.434531462E0,2.193399906E0,8.842625022E-1,1.947137475E0,3.063375208E0
2.437037230E0,2.170162439E0,9.209749699E-1,1.967900038E0,3.070900595E0
2.439540693E0,2.139637470E0,9.637374878E-1,1.976424932E0,3.068076590E0
2.442045312E0,2.106637478E0,1.015025020E0,1.977662444E0,3.062571795E0
2.444549927E0,2.070062399E0,1.067549944E0,1.969137430E0,3.049971055E0
2.447054773E0,2.037062407E0,1.121312499E0,1.954424977E0,3.037555260E0
2.449559390E0,2.001587391E0,1.176312447E0,1.932425022E0,3.020650513E0
2.452064081E0,1.973537445E0,1.227599978E0,1.905612469E0,3.005530009E0
2.454568698E0,1.945349932E0,1.280125022E0,1.873849988E0,2.989050051E0
2.457074465E0,1.923349977E0,1.332649946E0,1.837137461E0,2.974946228E0
2.459578160E0,1.897774935E0,1.393837452E0,1.788324952E0,2.956761519E0
2.462082773E0,1.868487477E0,1.464650035E0,1.730849981E0,2.938075362E0
2.464587449E0,1.839062452E0,1.542750001E0,1.672274947E0,2.925531023E0
2.467091990E0,1.807299972E0,1.630749941E0,1.611087441E0,2.919123379E0
2.469596603E0,1.779250026E0,1.732224941E0,1.547562480E0,2.925967110E0
2.472101526E0,1.753537536E0,1.839749932E0,1.485275030E0,2.943741772E0
2.474606144E0,1.730299950E0,1.949612498E0,1.420512438E0,2.968633085E0
2.477111680E0,1.710775018E0,2.064424992E0,1.355749965E0,3.004439993E0
2.479615375E0,1.683962464E0,2.218425035E0,1.282462478E0,3.066243504E0
2.482119988E0,1.658249974E0,2.375999928E0,1.212887526E0,3.141061092E0
2.484624603E0,1.644912481E0,2.499475002E0,1.160362482E0,3.209291736E0
2.487129219E0,1.643674970E0,2.600812435E0,1.120074987E0,3.274211463E0
2.489633926E0,1.644912481E0,2.696099997E0,1.091887474E0,3.341692762E0
2.492138772E0,1.647249937E0,2.779150009E0,1.083362460E0,3.407459662E0
2.494643390E0,1.648487449E0,2.839099884E0,1.098075032E0,3.461757906E0
2.497149003E0,1.653437495E0,2.880625010E0,1.134649992E0,3.509884129E0
2.499652620E0,1.669250011E0,2.891624928E0,1.190887451E0,3.544869990E0
2.502157248E0,1.685199976E0,2.874437571E0,1.265412450E0,3.564205237E0
2.504661940E0,1.703487515E0,2.826862574E0,1.358224988E0,3.569005021E0
2.507166555E0,1.730299950E0,2.735150099E0,1.458462477E0,3.549943207E0
2.509671171E0,1.762199998E0,2.593524933E0,1.551275015E0,3.498310247E0
2.512176022E0,1.798774958E0,2.390712500E0,1.630749941E0,3.407410010E0
2.514680639E0,1.839062452E0,2.184187412E0,1.706375003E0,3.326340483E0
2.517186253E0,1.878250003E0,2.000900030E0,1.780900002E0,3.271548383E0
2.519689947E0,1.911112547E0,1.848274946E0,1.850612521E0,3.239326805E0
2.522194560E0,1.934350014E0,1.712700009E0,1.914137483E0,3.215427437E0
2.524699176E0,1.946587443E0,1.598987460E0,1.965425014E0,3.195130523E0
2.527204022E0,1.945349932E0,1.504937530E0,2.008187532E0,3.175222904E0
2.529708639E0,1.941774964E0,1.419412494E0,2.036237478E0,3.151425853E0
2.532213330E0,1.927062511E0,1.338837504E0,2.050950050E0,3.116480691E0
2.534717870E0,1.910012484E0,1.264312506E0,2.052187443E0,3.075403567E0
2.537223699E0,1.885537505E0,1.189787507E0,2.032662392E0,3.017045309E0
2.539727163E0,1.859825015E0,1.122550011E0,1.999662519E0,2.952578162E0
2.542232007E0,1.831774950E0,1.066312551E0,1.959375024E0,2.886446329E0
2.544736622E0,1.798774958E0,1.021212459E0,1.906849980E0,2.813279773E0
2.547241253E0,1.764537454E0,9.807875156E-1,1.845662475E0,2.735325675E0
2.549745868E0,1.729200006E0,9.552124739E-1,1.777325034E0,2.657338482E0
2.552250561E0,1.691249967E0,9.490249753E-1,1.701562524E0,2.579978658E0
2.554755178E0,1.654675007E0,9.332125187E-1,1.614799976E0,2.493273741E0
2.557261022E0,1.614249945E0,9.026874900E-1,1.514562488E0,2.390511894E0
2.559764394E0,1.577674985E0,8.611624837E-1,1.403462529E0,2.280431155E0
2.562269315E0,1.534912467E0,8.194999695E-1,1.283699989E0,2.162272449E0
2.564773855E0,1.488437533E0,7.853999734E-1,1.160362482E0,2.044196786E0
2.567278546E0,1.439625025E0,7.669749856E-1,1.036887527E0,1.932849343E0
2.569783163E0,1.384624958E0,7.682124972E-1,9.147874713E-1,1.828707968E0
2.572287793E0,1.322337508E0,7.829250097E-1,7.913125157E-1,1.728503270E0
2.574792409E0,1.258812547E0,8.024500012E-1,6.692125201E-1,1.635964679E0
2.577298176E0,1.194049954E0,8.256874681E-1,5.531625152E-1,1.553545576E0
2.579801870E0,1.126812458E0,8.574500084E-1,4.468750060E-1,1.484797664E0
2.582306551E0,1.059712529E0,8.940249681E-1,3.491125107E-1,1.429738030E0
2.584811166E0,9.937124848E-1,9.319750071E-1,2.575374842E-1,1.386494671E0
2.587315781E0,9.289500117E-1,9.747374654E-1,1.695374995E-1,1.357130876E0
2.589820397E0,8.690000176E-1,1.015025020E0,8.648750186E-2,1.338998472E0
2.592325022E0,8.104249835E-1,1.057787538E0,5.774999969E-3,1.332567626E0
2.594829868E0,7.554249763E-1,1.095737457E0,-7.479999959E-2,1.333005068E0
2.597335484E0,6.980875134E-1,1.116500020E0,-1.505624950E-1,1.325355626E0
2.599839101E0,6.406124830E-1,1.125025034E0,-2.263250053E-1,1.314263554E0
2.602343805E0,5.893250108E-1,1.115262508E0,-2.983750105E-1,1.296202946E0
2.604848421E0,5.416125059E-1,1.092025042E0,-3.668499887E-1,1.272965715E0
2.607353267E0,5.013250113E-1,1.056550026E0,-4.328500032E-1,1.246989916E0
2.609857884E0,4.695625007E-1,1.013787508E0,-4.974749982E-1,1.223002628E0
2.612362570E0,4.475624859E-1,9.697874784E-1,-5.634750128E-1,1.207602593E0
2.614867187E0,4.353249967E-1,9.307374954E-1,-6.344249845E-1,1.207590659E0
2.617372954E0,4.340874851E-1,8.964999914E-1,-7.064750195E-1,1.221167938E0
2.619876418E0,4.390375018E-1,8.744999766E-1,-7.822374701E-1,1.252756799E0
2.622381036E0,4.463250041E-1,8.611624837E-1,-8.505749702E-1,1.290071553E0
2.624885652E0,4.500375092E-1,8.537374735E-1,-9.080500007E-1,1.325124989E0
2.627390498E0,4.427500069E-1,8.489249945E-1,-9.543874860E-1,1.351871550E0
2.629895115E0,4.353249967E-1,8.391624689E-1,-9.862874746E-1,1.366186109E0
2.632399746E0,4.280374944E-1,8.171625137E-1,-1.000862479E0,1.361137896E0
2.634904361E0,4.255625010E-1,7.853999734E-1,-1.004575014E0,1.344294432E0
2.637409974E0,4.305124879E-1,7.389249802E-1,-9.971500039E-1,1.313643505E0
2.639913899E0,4.415124953E-1,6.839249730E-1,-9.728124738E-1,1.268483646E0
2.642418284E0,4.415124953E-1,6.863999963E-1,-9.250999689E-1,1.233648325E0
2.644923143E0,4.317499995E-1,7.523999810E-1,-8.762875199E-1,1.233042421E0
2.647427761E0,4.463250041E-1,7.462124825E-1,-8.542875051E-1,1.218952919E0
2.649932376E0,4.878500104E-1,6.375874877E-1,-8.530499935E-1,1.171413560E0
2.652436991E0,5.403749943E-1,5.116375089E-1,-8.555250168E-1,1.133887618E0
2.654941682E0,5.843750238E-1,4.188250005E-1,-8.530499935E-1,1.115617695E0
2.657447451E0,6.039000154E-1,3.675374985E-1,-8.505749702E-1,1.106009413E0
2.659951145E0,6.063749790E-1,3.443000019E-1,-8.505749702E-1,1.099868577E0
2.662455759E0,6.015625000E-1,3.357749879E-1,-8.530499935E-1,1.096501972E0
2.664960374E0,5.941374898E-1,3.308250010E-1,-8.530499935E-1,1.090934842E0
2.667465066E0,5.966125131E-1,3.235374987E-1,-8.481000066E-1,1.086230466E0
2.669969913E0,6.026625037E-1,3.100624979E-1,-8.372374773E-1,1.077175677E0
2.672474530E0,6.100875139E-1,2.979624867E-1,-8.212875128E-1,1.065599173E0
2.674979140E0,6.198499799E-1,2.844874859E-1,-7.992874980E-1,1.050717675E0
2.677484754E0,6.246625185E-1,2.697750032E-1,-7.760499716E-1,1.032102404E0
2.679988371E0,6.271374822E-1,2.527250051E-1,-7.517125010E-1,1.011060351E0
2.682492984E0,6.258999705E-1,2.331999987E-1,-7.260000110E-1,9.865135724E-1
2.684997677E0,6.223250031E-1,2.111999989E-1,-7.015249729E-1,9.612653831E-1
2.687502297E0,6.198499799E-1,1.940124929E-1,-6.795250177E-1,9.400048376E-1
2.690007143E0,6.148999929E-1,1.769624949E-1,-6.564249992E-1,9.166850634E-1
2.692511761E0,6.088500023E-1,1.622499973E-1,-6.355249882E-1,8.949387675E-1
2.695016376E0,5.978500247E-1,1.537249982E-1,-6.184750199E-1,8.738234246E-1
2.697521985E0,5.893250108E-1,1.500124931E-1,-6.014249921E-1,8.552892713E-1
2.700025602E0,5.733749866E-1,1.500124931E-1,-5.879499912E-1,8.348340048E-1
2.702530292E0,5.600374937E-1,1.500124931E-1,-5.757125020E-1,8.170621931E-1
2.705034908E0,5.403749943E-1,1.489125043E-1,-5.659499764E-1,7.965421798E-1
2.707539518E0,5.208500028E-1,1.414874941E-1,-5.574250221E-1,7.759034036E-1
2.710044364E0,5.013250113E-1,1.329624951E-1,-5.489000082E-1,7.551801183E-1
2.712548982E0,4.817999899E-1,1.219625026E-1,-5.414749980E-1,7.349838473E-1
2.715053597E0,4.610374868E-1,1.109625027E-1,-5.341874957E-1,7.143000223E-1
2.717559436E0,4.415124953E-1,9.624999762E-2,-5.268999934E-1,6.941332355E-1
2.720062900E0,4.218499959E-1,7.672499865E-2,-5.171374679E-1,6.717702770E-1
2.722567513E0,3.999874890E-1,5.843750015E-2,-5.061374903E-1,6.477500226E-1
2.725072359E0,3.790875077E-1,3.519999981E-2,-4.926624894E-1,6.226256556E-1
2.727576977E0,3.607999980E-1,1.072499994E-2,-4.756124914E-1,5.970752935E-1
2.730081667E0,3.412750065E-1,-1.361249946E-2,-4.547125101E-1,5.686979841E-1
2.732586284E0,3.242250085E-1,-3.684999794E-2,-4.291374981E-1,5.391092383E-1
2.735091128E0,3.070375025E-1,-5.389999971E-2,-4.034250081E-1,5.098323009E-1
2.737596744E0,2.937000096E-1,-6.613750011E-2,-3.729000092E-1,4.792580530E-1
2.740100361E0,2.814624906E-1,-6.737499684E-2,-3.411374986E-1,4.473648586E-1
2.742604961E0,2.679874897E-1,-6.366249919E-2,-3.081375062E-1,4.133024694E-1
2.745109576E0,2.569875121E-1,-5.389999971E-2,-2.763749957E-1,3.812229395E-1
2.747614268E0,2.447499931E-1,-4.056249931E-2,-2.470874935E-1,3.501429778E-1
2.750119114E0,2.301750034E-1,-2.337500080E-2,-2.202749997E-1,3.194495240E-1
2.752623515E0,2.142249942E-1,-3.849999979E-3,-1.958000064E-1,2.902495704E-1
2.755128129E0,1.947000027E-1,1.691249944E-2,-1.750375032E-1,2.623590121E-1
2.757633975E0,1.787499934E-1,4.372499883E-2,-1.542750001E-1,2.401337363E-1
2.760137592E0,1.641750038E-1,7.796250284E-2,-1.335124969E-1,2.255153444E-1
2.762642195E0,1.494625062E-1,1.084875017E-1,-1.127500013E-1,2.163819345E-1
2.765146811E0,1.384624988E-1,1.390125006E-1,-9.075000137E-2,2.161756269E-1
2.767651503E0,1.274625063E-1,1.720124930E-1,-6.627500057E-2,2.241146224E-1
2.770156121E0,1.164624989E-1,2.014375031E-1,-4.179999977E-2,2.364060517E-1
2.772660965E0,1.091749966E-1,2.319625020E-1,-1.622499898E-2,2.568833058E-1
2.775165563E0,1.042250022E-1,2.539624870E-1,9.487500414E-3,2.746812854E-1
2.777671176E0,9.322500229E-2,2.697750032E-1,3.629999980E-2,2.877275506E-1
2.780174871E0,8.593750000E-2,2.832500041E-1,6.572499871E-2,3.032088293E-1
2.782679407E0,7.988750190E-2,2.892999947E-1,9.501250088E-2,3.148076797E-1
2.785184105E0,7.122500241E-2,2.930124998E-1,1.255374998E-1,3.266328059E-1
2.787688720E0,6.146249920E-2,2.869625092E-1,1.585374922E-1,3.335554780E-1
2.790193566E0,5.417500064E-2,2.734875083E-1,1.927749962E-1,3.389580314E-1
2.792698260E0,4.688749835E-2,2.624875009E-1,2.305874974E-1,3.525176869E-1
2.795202886E0,4.317500070E-2,2.502500117E-1,2.685374916E-1,3.695964467E-1
2.797708653E0,4.193750024E-2,2.429624945E-1,3.051125109E-1,3.922794565E-1
2.800212117E0,4.193750024E-2,2.417249978E-1,3.441624939E-1,4.226553569E-1
2.802716730E0,4.441250116E-2,2.452999949E-1,3.821125031E-1,4.562395454E-1
2.805221576E0,4.564999789E-2,2.527250051E-1,4.175874889E-1,4.902378621E-1
2.807726250E0,4.193750024E-2,2.612499893E-1,4.529249966E-1,5.245487236E-1
2.810230789E0,3.836249933E-2,2.722499967E-1,4.871625006E-1,5.593916732E-1
2.812735402E0,2.969999984E-2,2.880625129E-1,5.213999748E-1,5.964226983E-1
2.815240018E0,1.993750036E-2,3.113000095E-1,5.556374788E-1,6.372112740E-1
2.817745859E0,1.017499994E-2,3.308250010E-1,5.909749866E-1,6.773478771E-1
2.820249322E0,1.649999991E-3,3.418250084E-1,6.276875138E-1,7.147297908E-1
2.822754167E0,-8.112499490E-3,3.590124846E-1,6.630250216E-1,7.540278217E-1
2.825258782E0,-1.787500083E-2,3.785375059E-1,6.947875023E-1,7.914163458E-1
2.827763397E0,-2.639999986E-2,4.017750025E-1,7.254499793E-1,8.296974057E-1
2.830268027E0,-3.382499889E-2,4.323000014E-1,7.559750080E-1,8.715076790E-1
2.832772642E0,-4.482499883E-2,4.567750096E-1,7.827875018E-1,9.074188465E-1
2.835277334E0,-5.211250111E-2,4.811125100E-1,8.084999919E-1,9.422617454E-1
2.837783104E0,-5.939999968E-2,4.982999861E-1,8.365499973E-1,9.755240305E-1
2.840286798E0,-6.187500060E-2,5.116375089E-1,8.658375144E-1,1.007609080E0
2.842791401E0,-6.187500060E-2,5.275874734E-1,8.988375068E-1,1.044071799E0
2.845296017E0,-5.458749831E-2,5.410624743E-1,9.343125224E-1,1.081049622E0
2.847800709E0,-3.987500072E-2,5.373499990E-1,9.710249901E-1,1.110506447E0
2.850305555E0,-2.406249940E-2,5.226374865E-1,1.005125046E0,1.133139578E0
2.852810164E0,-5.637499969E-3,5.080624819E-1,1.035650015E0,1.153572807E0
2.855314779E0,1.264999993E-2,4.908750057E-1,1.062600017E0,1.170571266E0
2.857820392E0,3.464999795E-2,4.787749946E-1,1.088174939E0,1.189348904E0
2.860324087E0,5.417500064E-2,4.713499844E-1,1.109074950E0,1.206297220E0
2.862828700E0,7.864999771E-2,4.688749909E-1,1.124887466E0,1.221229459E0
2.865333316E0,1.006499976E-1,4.701125026E-1,1.135887504E0,1.233440963E0
2.867837931E0,1.201749966E-1,4.738250077E-1,1.140837550E0,1.241153691E0
2.870342777E0,1.434125006E-1,4.787749946E-1,1.137125015E0,1.242113498E0
2.872847394E0,1.665125042E-1,4.885374904E-1,1.126124978E0,1.238770665E0
2.875352006E0,1.897500008E-1,4.945875108E-1,1.109074950E0,1.229092801E0
2.877857850E0,2.105125040E-1,5.031124949E-1,1.088174939E0,1.217194477E0
2.880361314E0,2.325125039E-1,5.105375051E-1,1.063837528E0,1.202689027E0
2.882866158E0,2.582249939E-1,5.105375051E-1,1.035650015E0,1.183173548E0
2.885370768E0,2.838000059E-1,5.043500066E-1,1.003887534E0,1.158749996E0
2.887875384E0,3.155624866E-1,4.995374978E-1,9.721249938E-1,1.137604676E0
2.890379999E0,3.510375023E-1,4.958249927E-1,9.403625131E-1,1.119531780E0
2.892884614E0,3.925625086E-1,4.982999861E-1,9.050250053E-1,1.105205166E0
2.895389230E0,4.353249967E-1,5.141124725E-1,8.683124781E-1,1.098993197E0
2.897895076E0,4.745124876E-1,5.433999896E-1,8.317375183E-1,1.101014509E0
2.900398770E0,5.123249888E-1,5.801125169E-1,7.962625027E-1,1.110423973E0
2.902903153E0,5.478000045E-1,6.216375232E-1,7.607874870E-1,1.124862505E0
2.905407999E0,5.831375122E-1,6.606875062E-1,7.265499830E-1,1.142117427E0
2.907912625E0,6.186124682E-1,6.936874986E-1,6.936874986E-1,1.159778460E0
2.910417316E0,6.553249955E-1,7.231125236E-1,6.619250178E-1,1.179189256E0
2.912921933E0,6.943749785E-1,7.462124825E-1,6.324999928E-1,1.199602401E0
2.915426777E0,7.298499942E-1,7.621625066E-1,6.069250107E-1,1.217345748E0
2.917932393E0,7.627124786E-1,7.646374702E-1,5.836874843E-1,1.227636699E0
2.920436010E0,7.957124710E-1,7.548750043E-1,5.641624928E-1,1.233399338E0
2.922940623E0,8.336625099E-1,7.376874685E-1,5.482124686E-1,1.240851680E0
2.925445239E0,8.690000176E-1,7.156875134E-1,5.372124910E-1,1.247384026E0
2.927949854E0,9.069499969E-1,6.936874986E-1,5.299249887E-1,1.258801468E0
2.930454560E0,9.411875010E-1,6.693499684E-1,5.274500251E-1,1.269671934E0
2.932959178E0,9.717124701E-1,6.424000263E-1,5.286874771E-1,1.279223736E0
2.935463793E0,9.972875118E-1,6.179249883E-1,5.311625004E-1,1.287845982E0
2.937969560E0,1.019287467E0,5.971624851E-1,5.348749757E-1,1.296781097E0
2.940473255E0,1.040050030E0,5.715875030E-1,5.348749757E-1,1.301732529E0
2.942977892E0,1.058475018E0,5.433999896E-1,5.348749757E-1,1.304509161E0
2.945482508E0,1.076762438E0,5.128750205E-1,5.311625004E-1,1.305600144E0
2.947987200E0,1.090237498E0,4.921124876E-1,5.213999748E-1,1.304856481E0
2.950491817E0,1.102475047E0,4.750624895E-1,5.031124949E-1,1.301636578E0
2.952996433E0,1.109762549E0,4.615874887E-1,4.639250040E-1,1.288356447E0
2.955501267E0,1.110999942E0,4.518249929E-1,4.053499997E-1,1.266007629E0
2.958006805E0,1.109762549E0,4.470124841E-1,3.466374874E-1,1.245612550E0
2.960510577E0,1.104812503E0,4.445374906E-1,2.831124961E-1,1.224082078E0
2.963015190E0,1.097525001E0,4.371125102E-1,2.171124965E-1,1.201152076E0
2.965519800E0,1.092574954E0,4.212999940E-1,1.475374997E-1,1.180246173E0
2.968024646E0,1.090237498E0,4.090625048E-1,7.548750192E-2,1.166896867E0
2.970529264E0,1.091475010E0,4.151124954E-1,9.624999948E-4,1.167748692E0
2.973033954E0,1.093812466E0,4.298250079E-1,-7.727500051E-2,1.177771911E0
2.975538553E0,1.090237498E0,4.457750022E-1,-1.555124968E-1,1.188072932E0
2.978044320E0,1.085287452E0,4.677749872E-1,-2.360875010E-1,1.205155426E0
2.980547783E0,1.076762438E0,4.921124876E-1,-3.155624866E-1,1.225223135E0
2.983052628E0,1.068237543E0,5.202999711E-1,-3.936625123E-1,1.251724284E0
2.985557243E0,1.058475018E0,5.433999896E-1,-4.681875110E-1,1.278613490E0
2.988061892E0,1.049812436E0,5.618249774E-1,-5.366625190E-1,1.306047517E0
2.990566585E0,1.037712455E0,5.776374936E-1,-5.977125168E-1,1.329576047E0
2.993071202E0,1.021762490E0,5.923500061E-1,-6.564249992E-1,1.351210900E0
2.995575740E0,1.003474951E0,6.033499837E-1,-7.077124715E-1,1.368155737E0
2.998081591E0,9.827125072E-1,6.093999743E-1,-7.528125048E-1,1.379789429E0
3.000585054E0,9.570000172E-1,6.093999743E-1,-7.919999957E-1,1.383647843E0
3.003089898E0,9.301875234E-1,6.045874953E-1,-8.273375034E-1,1.383929988E0
3.005594514E0,8.971874714E-1,5.971624851E-1,-8.555250168E-1,1.376034682E0
3.008099129E0,8.629499674E-1,5.861625075E-1,-8.787624836E-1,1.363998766E0
3.010603758E0,8.274750113E-1,5.728250146E-1,-8.970500231E-1,1.348162503E0
3.013108451E0,7.908999920E-1,5.593500137E-1,-9.128624797E-1,1.331057152E0
3.015613068E0,7.529500127E-1,5.433999896E-1,-9.250999689E-1,1.310735375E0
3.018118835E0,7.126625180E-1,5.238749981E-1,-9.336249828E-1,1.286074837E0
3.020622530E0,6.699000001E-1,4.970625043E-1,-9.385749698E-1,1.255691091E0
3.023127138E0,6.258999705E-1,4.640625119E-1,-9.410499930E-1,1.221752789E0
3.025631830E0,5.795624852E-1,4.323000014E-1,-9.385749698E-1,1.184778013E0
3.028136448E0,5.306124687E-1,4.042499959E-1,-9.325249791E-1,1.146547203E0
3.030641292E0,4.805625081E-1,3.810124993E-1,-9.288125038E-1,1.113015506E0
3.033145923E0,4.353249967E-1,3.638249934E-1,-9.238625169E-1,1.084157935E0
3.035650539E0,3.852750063E-1,3.565374911E-1,-9.215250015E-1,1.060548981E0
3.038156152E0,3.352249861E-1,3.515875041E-1,-9.226250052E-1,1.042701522E0
3.040659770E0,2.814624906E-1,3.553000093E-1,-9.238625169E-1,1.029068113E0
3.043164374E0,2.289374918E-1,3.614875078E-1,-9.288125038E-1,1.022633004E0
3.045669066E0,1.775124967E-1,3.748250008E-1,-9.348624945E-1,1.022727897E0
3.048173682E0,1.249874979E-1,3.920125067E-1,-9.435250163E-1,1.029337232E0
3.050678528E0,7.493750006E-2,4.127750099E-1,-9.556249976E-1,1.043656061E0
3.053183154E0,2.612499893E-2,4.335374832E-1,-9.666249752E-1,1.059717466E0
3.055687770E0,-2.158750035E-2,4.578749835E-1,-9.763875008E-1,1.078632501E0
3.058193383E0,-6.311249733E-2,4.823499918E-1,-9.838125110E-1,1.097511621E0
3.060697000E0,-1.033999994E-1,5.080624819E-1,-9.873874784E-1,1.115236781E0
3.063201614E0,-1.401125044E-1,5.361124873E-1,-9.873874784E-1,1.132246504E0
3.065706537E0,-1.731124967E-1,5.666375160E-1,-9.862874746E-1,1.150568987E0
3.068211154E0,-1.999250054E-1,6.008750200E-1,-9.800999761E-1,1.166883353E0
3.070715770E0,-2.279749960E-1,6.326375008E-1,-9.715750217E-1,1.181592497E0
3.073220371E0,-2.487374991E-1,6.681125164E-1,-9.581000209E-1,1.194236295E0
3.075725061E0,-2.659249902E-1,7.011125088E-1,-9.422875047E-1,1.204234442E0
3.078230831E0,-2.842124999E-1,7.316374779E-1,-9.202874899E-1,1.209545042E0
3.080734525E0,-3.001624942E-1,7.634000182E-1,-8.945749998E-1,1.213730424E0
3.083238908E0,-3.159750104E-1,7.976375222E-1,-8.665249944E-1,1.219397962E0
3.085743759E0,-3.282124996E-1,8.317375183E-1,-8.347625136E-1,1.223249442E0
3.088248451E0,-3.392125070E-1,8.672124743E-1,-7.980499864E-1,1.226379379E0
3.090753068E0,-3.465000093E-1,8.989750147E-1,-7.627124786E-1,1.228799682E0
3.093257684E0,-3.550249934E-1,9.282624722E-1,-7.222874761E-1,1.228581768E0
3.095762528E0,-3.612124920E-1,9.552124739E-1,-6.807624698E-1,1.227331608E0
3.098268152E0,-3.660250008E-1,9.807875156E-1,-6.404749751E-1,1.227243515E0
3.100771770E0,-3.697375059E-1,1.004024982E0,-5.964750051E-1,1.224971192E0
3.103276383E0,-3.770250082E-1,1.026024938E0,-5.561875105E-1,1.226466296E0
3.105780998E0,-3.832125068E-1,1.046787500E0,-5.171374679E-1,1.228839720E0
3.108285614E0,-3.905000091E-1,1.067549944E0,-4.791874886E-1,1.233601957E0
3.110790306E0,-3.977875113E-1,1.088312507E0,-4.461874962E-1,1.241669158E0
3.113294924E0,-4.100250006E-1,1.110312462E0,-4.144249856E-1,1.254058345E0
3.115799768E0,-4.222624898E-1,1.134787440E0,-3.851374984E-1,1.270582165E0
3.118305306E0,-4.332624972E-1,1.158025026E0,-3.583250046E-1,1.287297620E0
3.120809001E0,-4.454999864E-1,1.182362437E0,-3.350875080E-1,1.307185836E0
3.123313600E0,-4.602124989E-1,1.203125000E0,-3.143250048E-1,1.325935714E0
3.125818292E0,-4.735499918E-1,1.221549988E0,-2.971374989E-1,1.343400410E0
3.128322908E0,-4.907374978E-1,1.234887481E0,-2.813250124E-1,1.358276166E0
3.130827523E0,-5.102624893E-1,1.239837527E0,-2.666125000E-1,1.366984684E0
3.133332138E0,-5.335000157E-1,1.232550025E0,-2.531374991E-1,1.366704220E0
3.135837071E0,-5.590749979E-1,1.214125037E0,-2.385624945E-1,1.357783680E0
3.138342533E0,-5.872625113E-1,1.176312447E0,-2.177999914E-1,1.332675904E0
3.140846227E0,-6.153125167E-1,1.115262508E0,-1.835625023E-1,1.286901375E0
3.143350841E0,-6.433625221E-1,1.024787545E0,-1.310375035E-1,1.217076692E0
3.145855546E0,-6.690750122E-1,8.964999914E-1,-5.651250109E-2,1.120074671E0
3.148360161E0,-6.947875023E-1,7.254499793E-1,3.877500072E-2,1.005241686E0
3.150865085E0,-7.166500092E-1,5.092999935E-1,1.512500048E-1,8.921044126E-1
3.153369702E0,-7.338374853E-1,2.380124927E-1,2.868250012E-1,8.230649931E-1
3.155874317E0,-7.411249876E-1,-9.666249901E-2,4.456374943E-1,8.701739265E-1
3.158380085E0,-7.496500015E-1,-4.987125099E-1,6.312624812E-1,1.099627943E0
3.160883548E0,-7.533624768E-1,-9.702000022E-1,8.402624726E-1,1.488248665E0
3.163388161E0,-7.545999885E-1,-1.518824935E0,1.067412496E0,2.003901136E0
3.165893008E0,-7.570750117E-1,-2.165075064E0,1.298412442E0,2.635637964E0
3.168397625E0,-7.594124675E-1,-2.903037548E0,1.526800036E0,3.366816397E0
3.170902226E0,-7.631250024E-1,-3.700812578E0,1.747900009E0,4.163355372E0
3.173406842E0,-7.693125010E-1,-4.542587280E0,1.956900001E0,5.005636676E0
3.175911532E0,-7.790749669E-1,-5.440462589E0,2.147475004E0,5.900613517E0
3.178417301E0,-7.875999808E-1,-6.427575111E0,2.308762550E0,6.874912367E0
3.180920765E0,-7.948874831E-1,-7.448925018E0,2.443099976E0,7.879534728E0
3.183425609E0,-7.936499715E-1,-8.503274918E0,2.540862560E0,8.910193441E0
3.185930224E0,-7.814124823E-1,-9.595575333E0,2.598337412E0,9.971811708E0
3.188434917E0,-7.521250248E-1,-1.070849991E1,2.610437393E0,1.104771677E1
3.190939534E0,-7.033125162E-1,-1.186418724E1,2.572624922E0,1.216026259E1
3.193444378E0,-6.433625221E-1,-1.307734966E1,2.478574991E0,1.332570161E1
3.195948968E0,-5.774999857E-1,-1.436751270E1,2.340524912E0,1.456835558E1
3.198454581E0,-5.065500140E-1,-1.571624947E1,2.162187576E0,1.587237050E1
3.200958198E0,-4.430249929E-1,-1.712246323E1,1.945899963E0,1.723837419E1
3.203462812E0,-3.832125068E-1,-1.858848763E1,1.702800035E0,1.867025045E1
3.205967431E0,-3.379749954E-1,-2.013274956E1,1.440037489E0,2.018701414E1
3.208472124E0,-3.342624903E-1,-2.182358742E1,1.160362482E0,2.185697006E1
3.210976970E0,-3.929750025E-1,-2.369276237E1,8.744999766E-1,2.371215234E1
3.213481587E0,-5.285499692E-1,-2.570012474E1,5.836874843E-1,2.571218520E1
3.215986203E0,-7.350749969E-1,-2.775135040E1,2.733500004E-1,2.776242973E1
3.218492043E0,-9.537000060E-1,-2.966699982E1,-2.474999987E-2,2.968233539E1
3.220995429E0,-1.140699983E0,-3.137983704E1,-2.556124926E-1,3.140160357E1
3.223500120E0,-1.260324955E0,-3.275181198E1,-3.778499961E-1,3.277823024E1
3.226004735E0,-1.311749935E0,-3.364363861E1,-4.071374834E-1,3.367166268E1
3.228509350E0,-1.336087465E0,-3.420436096E1,-3.876124918E-1,3.423264059E1
3.231013980E0,-1.347087502E0,-3.451717377E1,-3.496625125E-1,3.454521955E1
3.233518826E0,-1.370324969E0,-3.464298630E1,-3.118500113E-1,3.467148022E1
3.236023443E0,-1.427799940E0,-3.465398788E1,-2.739000022E-1,3.468447074E1
3.238529057E0,-1.491325021E0,-3.464669800E1,-2.311374992E-1,3.467954955E1
3.241032736E0,-1.551137447E0,-3.463693619E1,-1.860374957E-1,3.467215000E1
3.243537349E0,-1.607375026E0,-3.462841415E1,-1.383250058E-1,3.466597547E1
3.246041965E0,-1.658662438E0,-3.462098694E1,-8.703749627E-2,3.466080601E1
3.248546811E0,-1.703899980E0,-3.461246109E1,-3.327500075E-2,3.465439143E1
3.251051438E0,-1.745424986E0,-3.460146332E1,2.172499895E-2,3.464546499E1
3.253556054E0,-1.784474969E0,-3.459046173E1,8.030000329E-2,3.463655355E1
3.256060669E0,-1.817474961E0,-3.458317566E1,1.402499974E-1,3.463118427E1
3.258566283E0,-1.844287515E0,-3.457464981E1,2.012999952E-1,3.462438920E1
3.261069977E0,-1.866287470E0,-3.456722641E1,2.623499930E-1,3.461856436E1
3.263574609E0,-1.882237434E0,-3.455993652E1,3.258749843E-1,3.461268878E1
3.266079455E0,-1.893237472E0,-3.455498886E1,3.906374872E-1,3.460901907E1
3.268584073E0,-1.899287462E0,-3.454769897E1,4.566375017E-1,3.460288016E1
3.271088763E0,-1.900524974E0,-3.454041290E1,5.201625228E-1,3.459657046E1
3.273593381E0,-1.893237472E0,-3.453670120E1,5.861625075E-1,3.459352056E1
3.276098220E0,-1.882237434E0,-3.453422546E1,6.509249806E-1,3.459160663E1
3.278603835E0,-1.866287470E0,-3.452941132E1,7.132124901E-1,3.458716448E1
3.281107222E0,-1.844287515E0,-3.452817535E1,7.767375112E-1,3.458611876E1
3.283612066E0,-1.818712473E0,-3.452212524E1,8.377875090E-1,3.458014943E1
3.286116681E0,-1.784474969E0,-3.451964951E1,8.975999951E-1,3.457739491E1
3.288621302E0,-1.746662498E0,-3.452212524E1,9.563124776E-1,3.457950975E1
3.291125994E0,-1.705137491E0,-3.451841354E1,1.012549996E0,3.457533261E1
3.293630611E0,-1.658662438E0,-3.451469803E1,1.066312551E0,3.457097863E1
3.296135455E0,-1.607375026E0,-3.451469803E1,1.117599964E0,3.457017593E1
3.298641052E0,-1.551137447E0,-3.451346207E1,1.165174961E0,3.456794359E1
3.301144746E0,-1.490087509E0,-3.451222610E1,1.210412502E0,3.456557840E1
3.303649360E0,-1.426562548E0,-3.451112366E1,1.253175020E0,3.456332137E1
3.306153975E0,-1.356850028E0,-3.451112366E1,1.290987492E0,3.456190601E1
3.308658590E0,-1.287274957E0,-3.451222610E1,1.326462507E0,3.456168877E1
3.311163201E0,-1.213987470E0,-3.450988770E1,1.355749965E0,3.455783807E1
3.313668047E0,-1.138224959E0,-3.451112366E1,1.382699966E0,3.455756171E1
3.316172664E0,-1.058750033E0,-3.450988770E1,1.405937433E0,3.455473861E1
3.318678278E0,-9.781749845E-1,-3.451222610E1,1.425462484E0,3.455549913E1
3.321181885E0,-8.963624835E-1,-3.450988770E1,1.438937545E0,3.455150294E1
3.323686575E0,-8.131750226E-1,-3.451112366E1,1.449937463E0,3.455113932E1
3.326191191E0,-7.301250100E-1,-3.451112366E1,1.455987453E0,3.454953890E1
3.328695806E0,-6.483125091E-1,-3.450864792E1,1.457224965E0,3.454548588E1
3.331200643E0,-5.640249848E-1,-3.450741196E1,1.452275038E0,3.454256370E1
3.333705338E0,-4.797374904E-1,-3.450246048E1,1.446225047E0,3.453608973E1
3.336209953E0,-3.954499960E-1,-3.450246048E1,1.433987498E0,3.453451143E1
3.338715720E0,-3.172124922E-1,-3.450012589E1,1.416937470E0,3.453066784E1
3.341219184E0,-2.353999913E-1,-3.450012589E1,1.397274971E0,3.452921193E1
3.343723797E0,-1.596374959E-1,-3.449393845E1,1.371700048E0,3.452157057E1
3.346228413E0,-8.635000139E-2,-3.448912430E1,1.343512535E0,3.451539044E1
3.348733259E0,-1.182499994E-2,-3.448788834E1,1.310649991E0,3.451278582E1
3.351237953E0,5.541250110E-2,-3.448170090E1,1.275174975E0,3.450531609E1
3.353742487E0,1.201749966E-1,-3.448046112E1,1.233649969E0,3.450273226E1
3.356247177E0,1.824624985E-1,-3.447688675E1,1.189649940E0,3.449788804E1
3.358752946E0,2.399374992E-1,-3.447193909E1,1.143175006E0,3.449172370E1
3.361256640E0,2.937000096E-1,-3.446836090E1,1.093124986E0,3.448694079E1
3.363761259E0,3.412750065E-1,-3.446588898E1,1.041837454E0,3.448332056E1
3.366265874E0,3.852750063E-1,-3.446093750E1,9.868375063E-1,3.447721709E1
3.368770490E0,4.230875075E-1,-3.445736313E1,9.293624759E-1,3.447249036E1
3.371275105E0,4.560874999E-1,-3.445241165E1,8.707875013E-1,3.446643230E1
3.373779802E0,4.866124988E-1,-3.445117569E1,8.097375035E-1,3.446412588E1
3.376284420E0,5.073750019E-1,-3.444512558E1,7.485499978E-1,3.445699396E1
3.378790187E0,5.257999897E-1,-3.444141388E1,6.850249767E-1,3.445223817E1
3.381293650E0,5.368000269E-1,-3.443769836E1,6.215000153E-1,3.444748881E1
3.383798490E0,5.440874696E-1,-3.443536377E1,5.579749942E-1,3.444418159E1
3.386303105E0,5.453249812E-1,-3.443164825E1,4.944500029E-1,3.443951599E1
3.388807720E0,5.416125059E-1,-3.442683792E1,4.296875000E-1,3.443377912E1
3.391312413E0,5.293750167E-1,-3.442312622E1,3.649249971E-1,3.442913050E1
3.393817263E0,5.148000121E-1,-3.442065048E1,3.026374876E-1,3.442583025E1
3.396321880E0,4.927999973E-1,-3.441693878E1,2.403499931E-1,3.442130583E1
3.398827494E0,4.646124840E-1,-3.441336060E1,1.792999953E-1,3.441696385E1
3.401331111E0,4.353249967E-1,-3.441212463E1,1.194875017E-1,3.441508546E1
3.403835801E0,3.975124955E-1,-3.440717316E1,6.324999779E-2,3.440952748E1
3.406340417E0,3.572250009E-1,-3.440593719E1,7.012499962E-3,3.440779233E1
3.408845263E0,3.107500076E-1,-3.440359879E1,-4.675000161E-2,3.440503394E1
3.411349880E0,2.594625056E-1,-3.439988708E1,-9.556250274E-2,3.440099831E1
3.413854496E0,2.056999952E-1,-3.439383698E1,-1.445125043E-1,3.439475568E1
3.416359126E0,1.469874978E-1,-3.439012527E1,-1.896124929E-1,3.439096211E1
3.418864739E0,8.346249908E-2,-3.439012527E1,-2.311374992E-1,3.439100328E1
3.421368434E0,1.746249944E-2,-3.438283920E1,-2.690874934E-1,3.438389659E1
3.423873047E0,-5.087500066E-2,-3.437788773E1,-3.045625091E-1,3.437927444E1
3.426377883E0,-1.216875017E-1,-3.437183762E1,-3.350875080E-1,3.437368634E1
3.428882501E0,-1.951124966E-1,-3.436688614E1,-3.631374836E-1,3.436935845E1
3.431387116E0,-2.696374953E-1,-3.436083603E1,-3.863750100E-1,3.436406615E1
3.433891732E0,-3.477374911E-1,-3.435836411E1,-4.046624899E-1,3.436250656E1
3.436396347E0,-4.272125065E-1,-3.435107422E1,-4.193750024E-1,3.435629034E1
3.438902191E0,-5.053125024E-1,-3.434365082E1,-4.303750098E-1,3.435006426E1
3.441405655E0,-5.860249996E-1,-3.433512497E1,-4.388999939E-1,3.434293035E1
3.443910268E0,-6.665999889E-1,-3.432783890E1,-4.413749874E-1,3.433714739E1
3.446415114E0,-7.436000109E-1,-3.432288742E1,-4.388999939E-1,3.433374688E1
3.448919737E0,-8.218374848E-1,-3.431560135E1,-4.328500032E-1,3.432817024E1
3.451424427E0,-9.011750221E-1,-3.431312561E1,-4.218499959E-1,3.432754962E1
3.453929044E0,-9.719874859E-1,-3.430955124E1,-4.071374834E-1,3.432573126E1
3.456433660E0,-1.047749996E0,-3.430088806E1,-3.888500035E-1,3.431908953E1
3.458939417E0,-1.127225041E0,-3.428754807E1,-3.643749952E-1,3.430800720E1
3.461443111E0,-1.201750040E0,-3.427283859E1,-3.386625051E-1,3.429557348E1
3.463947725E0,-1.270087481E0,-3.426183701E1,-3.093749881E-1,3.428676582E1
3.466452340E0,-1.337324977E0,-3.425331116E1,-2.727999985E-1,3.428049275E1
3.468957032E0,-1.400849938E0,-3.424354935E1,-2.300374955E-1,3.427296266E1
3.471461626E0,-1.463137507E0,-3.423255157E1,-1.908500046E-1,3.426433689E1
3.473966241E0,-1.518137455E0,-3.422636414E1,-1.555124968E-1,3.426036963E1
3.476471085E0,-1.570662498E0,-3.421907425E1,-1.139874980E-1,3.425529180E1
3.478976624E0,-1.618374944E0,-3.420683670E1,-6.132499874E-2,3.424515404E1
3.481480308E0,-1.662374973E0,-3.419831085E1,-5.224999972E-3,3.423869132E1
3.483984921E0,-1.705137491E0,-3.419226074E1,4.372499883E-2,3.423477911E1
3.486489614E0,-1.738000035E0,-3.418483734E1,9.624999762E-2,3.422912520E1
3.488994229E0,-1.767424941E0,-3.417755127E1,1.523499936E-1,3.422355932E1
3.491499061E0,-1.791762471E0,-3.416778564E1,2.135374993E-1,3.421539985E1
3.494003679E0,-1.812525034E0,-3.415802383E1,2.721124887E-1,3.420716130E1
3.496508369E0,-1.827237487E0,-3.415060043E1,3.320625126E-1,3.420106098E1
3.499014138E0,-1.837000012E0,-3.414455032E1,3.931125104E-1,3.419619019E1
3.501517583E0,-1.841949940E0,-3.413602448E1,4.553999901E-1,3.418871650E1
3.504022196E0,-1.839475036E0,-3.412626266E1,5.164499879E-1,3.417970439E1
3.506527042E0,-1.832187533E0,-3.412131119E1,5.774999857E-1,3.417534630E1
3.509031660E0,-1.821187496E0,-3.411154938E1,6.386874914E-1,3.416610084E1
3.511536355E0,-1.805237532E0,-3.410549927E1,6.997374892E-1,3.416040977E1
3.514040972E0,-1.784474969E0,-3.410055161E1,7.583125234E-1,3.415562924E1
3.516545588E0,-1.755187511E0,-3.409450150E1,8.157874942E-1,3.414939567E1
3.519051355E0,-1.723425031E0,-3.409078598E1,8.720250130E-1,3.414545812E1
3.521554809E0,-1.689187527E0,-3.408473587E1,9.270250201E-1,3.413915566E1
3.524059422E0,-1.647662520E0,-3.407854843E1,9.795500040E-1,3.413241528E1
3.526564037E0,-1.602424979E0,-3.407249832E1,1.030837536E0,3.412573126E1
3.529068884E0,-1.552374959E0,-3.407002640E1,1.077312469E0,3.412238516E1
3.531573481E0,-1.501087546E0,-3.406273651E1,1.122412443E0,3.411426523E1
3.534078096E0,-1.443612456E0,-3.405778885E1,1.166412473E0,3.410832034E1
3.536582787E0,-1.385037541E0,-3.405297470E1,1.205462456E0,3.410244206E1
3.539088556E0,-1.322749972E0,-3.404926300E1,1.240937471E0,3.409753516E1
3.541592250E0,-1.256749988E0,-3.404073715E1,1.272699952E0,3.408769531E1
3.544096864E0,-1.187037468E0,-3.403826141E1,1.301987529E0,3.408383003E1
3.546601479E0,-1.117462516E0,-3.403578568E1,1.328937531E0,3.408004554E1
3.549106171E0,-1.044175029E0,-3.402973557E1,1.350937486E0,3.407254373E1
3.551610789E0,-9.684125185E-1,-3.402602386E1,1.367987514E0,3.406727921E1
3.554115609E0,-8.938875198E-1,-3.402121353E1,1.382699966E0,3.406103146E1
3.556619995E0,-8.181250095E-1,-3.401502609E1,1.392462492E0,3.405334463E1
3.559125840E0,-7.398874760E-1,-3.401145172E1,1.398512483E0,3.404823224E1
3.561629457E0,-6.605499983E-1,-3.400650024E1,1.400987506E0,3.404175599E1
3.564134041E0,-5.847874880E-1,-3.400045013E1,1.398512483E0,3.403422429E1
3.566638657E0,-5.077875257E-1,-3.399673843E1,1.393700004E0,3.402908274E1
3.569143580E0,-4.307875037E-1,-3.399068832E1,1.383937478E0,3.402157776E1
3.571648197E0,-3.550249934E-1,-3.398078918E1,1.367987514E0,3.401016710E1
3.574152813E0,-2.817375064E-1,-3.397349930E1,1.350937486E0,3.400151559E1
3.576657423E0,-2.096875012E-1,-3.396744919E1,1.328937531E0,3.399408255E1
3.579163267E0,-1.401125044E-1,-3.396126175E1,1.303225040E0,3.398654626E1
3.581666654E0,-7.163749635E-2,-3.395397568E1,1.273937464E0,3.397794156E1
3.584171344E0,-4.399999976E-3,-3.394668579E1,1.242174983E0,3.396940527E1
3.586675959E0,5.788749829E-2,-3.394173813E1,1.206699967E0,3.396323104E1
3.589180556E0,1.176999956E-1,-3.393568802E1,1.166412473E0,3.395593163E1
3.591685171E0,1.727000028E-1,-3.392592621E1,1.126124978E0,3.394505048E1
3.594190017E0,2.264624983E-1,-3.391726303E1,1.080887437E0,3.393523736E1
3.596694635E0,2.740375102E-1,-3.391121292E1,1.033312440E0,3.392805908E1
3.599200257E0,3.180375099E-1,-3.390516281E1,9.843624830E-1,3.392094018E1
3.601703875E0,3.595624864E-1,-3.389649963E1,9.318374991E-1,3.391121192E1
3.604208565E0,4.133250117E-1,-3.388192368E1,8.768374920E-1,3.389578784E1
3.606713180E0,5.416125059E-1,-3.380492401E1,7.902125120E-1,3.381849594E1
3.609218026E0,8.764249682E-1,-3.343230057E1,6.289250255E-1,3.344969938E1
3.611722721E0,1.506862521E0,-3.250871277E1,5.042124987E-1,3.254752327E1
3.614227336E0,2.354687452E0,-3.093750000E1,4.456374943E-1,3.103017970E1
3.616731952E0,3.424849987E0,-2.861636162E1,1.585374922E-1,2.882101462E1
3.619237719E0,4.642962456E0,-2.519673729E1,-4.779500067E-1,2.562539964E1
3.621741399E0,5.819412231E0,-2.038561249E1,-1.284250021E0,2.123883362E1
3.624246012E0,6.630662441E0,-1.460813713E1,-2.106499910E0,1.618025639E1
3.626750705E0,6.920237541E0,-8.896662712E0,-2.663650036E0,1.158168064E1
3.629255245E0,6.739425182E0,-3.997674942E0,-2.779700041E0,8.314324329E0
3.631759936E0,6.251850128E0,-2.261874974E-1,-2.539074898E0,6.751569606E0
3.634264764E0,5.595837593E0,2.373524904E0,-2.022212505E0,6.405963023E0
3.636769381E0,4.970349789E0,3.926312447E0,-1.401537538E0,6.487265519E0
3.639274918E0,4.503674984E0,4.689987659E0,-8.530499935E-1,6.557954475E0
3.641778689E0,4.251912594E0,4.924562454E0,-4.657124877E-1,6.522803400E0
3.644283225E0,4.214099884E0,4.857325077E0,-2.483250052E-1,6.435364018E0
3.646787918E0,4.343625069E0,4.632512569E0,-1.555124968E-1,6.352277984E0
3.649292458E0,4.580675125E0,4.316124916E0,-1.322750002E-1,6.295158105E0
3.651797148E0,4.873825073E0,3.949549913E0,-1.530375034E-1,6.275072577E0
3.654301779E0,5.182924747E0,3.574587584E0,-1.908500046E-1,6.298953013E0
3.656806394E0,5.476075172E0,3.208012581E0,-2.360875010E-1,6.350943341E0
3.659312161E0,5.757124901E0,2.856149912E0,-2.788499892E-1,6.432716126E0
3.661815856E0,6.011224747E0,2.523812532E0,-3.179000020E-1,6.527289871E0
3.664320479E0,6.231087685E0,2.226949930E0,-3.558500111E-1,6.626642359E0
3.666825171E0,6.415612698E0,1.961850047E0,-3.900874853E-1,6.720201644E0
3.669329789E0,6.569612503E0,1.724799991E0,-4.218499959E-1,6.805343552E0
3.671834404E0,6.697899818E0,1.509887457E0,-4.523749948E-1,6.880862246E0
3.674339252E0,6.800475121E0,1.310649991E0,-4.841375053E-1,6.942525073E0
3.676843870E0,6.876237392E0,1.120074987E0,-5.146625042E-1,6.985848993E0
3.679349483E0,6.932475090E0,9.417374730E-1,-5.500000119E-1,7.017733278E0
3.681853177E0,6.972762585E0,7.719249725E-1,-5.854749680E-1,7.039749084E0
3.684358013E0,6.998337269E0,6.191624999E-1,-6.209499836E-1,7.053060727E0
3.686862630E0,7.019100189E0,4.798749983E-1,-6.527125239E-1,7.065697497E0
3.689367245E0,7.033812523E0,3.577750027E-1,-6.819999814E-1,7.075849457E0
3.691871936E0,7.044812679E0,2.514874935E-1,-7.112874985E-1,7.085094322E0
3.694376553E0,7.054574966E0,1.586750001E-1,-7.394750118E-1,7.095000282E0
3.696881183E0,7.065575123E0,7.919999957E-2,-7.675250173E-1,7.107581805E0
3.699386950E0,7.079050064E0,1.319999993E-2,-7.955750227E-1,7.123627143E0
3.701890644E0,7.094862461E0,-3.561250120E-2,-8.212875128E-1,7.142328386E0
3.704395257E0,7.114387512E0,-7.108750194E-2,-8.470000029E-1,7.164982352E0
3.706899873E0,7.140100002E0,-9.432499856E-2,-8.713374734E-1,7.193688500E0
3.709404565E0,7.173099995E0,-1.064250022E-1,-8.970500231E-1,7.229757158E0
3.711909183E0,7.209674835E0,-1.076624990E-1,-9.215250015E-1,7.269127236E0
3.714413721E0,7.258625031E0,-9.556250274E-2,-9.446250200E-1,7.320456677E0
3.716918411E0,7.317200184E0,-7.356250286E-2,-9.678624868E-1,7.381299870E0
3.719424262E0,7.384437561E0,-4.784999788E-2,-9.911000133E-1,7.450804450E0
3.721927880E0,7.456487656E0,-1.979999989E-2,-1.013100028E0,7.525023048E0
3.724432493E0,7.534725189E0,9.624999948E-3,-1.036337495E0,7.605667079E0
3.726937109E0,7.621487617E0,3.396249935E-2,-1.057099938E0,7.694523197E0
3.729441738E0,7.709350109E0,5.843750015E-2,-1.077862501E0,7.784554041E0
3.731946353E0,7.805874825E0,8.043749630E-2,-1.098624945E0,7.883218171E0
3.734451046E0,7.906112671E0,9.748750180E-2,-1.120625019E0,7.985732390E0
3.736955892E0,8.008687019E0,1.121999994E-1,-1.142624974E0,8.090565397E0
3.739461445E0,8.111399651E0,1.219625026E-1,-1.163387537E0,8.195312667E0
3.741965140E0,8.218924522E0,1.304875016E-1,-1.185387492E0,8.304991921E0
3.744469830E0,8.328787804E0,1.402499974E-1,-1.208624959E0,8.417193750E0
3.746974445E0,8.441262245E0,1.489125043E-1,-1.234200001E0,8.532311109E0
3.749479061E0,8.556075096E0,1.586750001E-1,-1.257437468E0,8.649436270E0
3.751983907E0,8.673362732E0,1.707749963E-1,-1.284250021E0,8.769588548E0
3.754488524E0,8.797937393E0,1.732500046E-1,-1.309962511E0,8.896612823E0
3.756993215E0,8.920174599E0,1.854874939E-1,-1.338012457E0,9.021873299E0
3.759498767E0,9.041037560E0,2.197249979E-1,-1.367437482E0,9.146503403E0
3.762002461E0,9.157087326E0,2.685374916E-1,-1.399199963E0,9.267260718E0
3.764507075E0,9.250037193E0,3.150124848E-1,-1.430962443E0,9.365365687E0
3.767011921E0,9.290325165E0,3.222999871E-1,-1.457774997E0,9.409523202E0
3.769516538E0,9.276849747E0,2.942500114E-1,-1.474962473E0,9.397980559E0
3.772021159E0,9.262274742E0,2.673000097E-1,-1.482249975E0,9.383935618E0
3.774525774E0,9.212087631E0,1.989624947E-1,-1.481012464E0,9.332499264E0
3.777030464E0,9.099749565E0,8.043749630E-2,-1.470012546E0,9.218071882E0
3.779536234E0,8.920174599E0,-6.489999592E-2,-1.451725006E0,9.037767002E0
3.782039697E0,8.666074753E0,-2.384250015E-1,-1.421200037E0,8.785073002E0
3.784544311E0,8.339787483E0,-4.241875112E-1,-1.375962496E0,8.463170984E0
3.787048926E0,7.956162453E0,-6.171000004E-1,-1.313675046E0,8.087464096E0
3.789553772E0,7.521249771E0,-8.138625026E-1,-1.240387440E0,7.666167967E0
3.792058467E0,7.043574810E0,-9.836750031E-1,-1.162150025E0,7.206258065E0
3.794563082E0,6.520662308E0,-1.113199949E0,-1.077862501E0,6.702241314E0
3.797067697E0,5.970937252E0,-1.207249999E0,-9.873874784E-1,6.171262291E0
3.799573465E0,5.416262627E0,-1.257300019E0,-8.945749998E-1,5.631782010E0
3.802077159E0,4.856774807E0,-1.284250021E0,-8.005250096E-1,5.087081672E0
3.804581536E0,4.292337418E0,-1.290300012E0,-6.917625070E-1,4.535148288E0
3.807086460E0,3.724187374E0,-1.279299974E0,-5.524749756E-1,3.976356199E0
3.809591000E0,3.168274879E0,-1.259775043E0,-3.900874853E-1,3.431787743E0
3.812095921E0,2.639312506E0,-1.213299990E0,-2.201374918E-1,2.913164582E0
3.814600337E0,2.153112411E0,-1.122962475E0,-5.775000155E-2,2.429047723E0
3.817105181E0,1.720537543E0,-9.776250124E-1,8.882500231E-2,1.980881113E0
3.819610796E0,1.334574938E0,-7.918624878E-1,2.183499932E-1,1.567103437E0
3.822114491E0,9.972875118E-1,-5.707625151E-1,3.271124959E-1,1.194719555E0
3.824619104E0,7.089499831E-1,-3.239499927E-1,4.138749838E-1,8.825226221E-1
3.827123714E0,4.745124876E-1,-6.737499684E-2,4.713499844E-1,6.722144739E-1
3.829628330E0,2.875125110E-1,1.977249980E-1,4.993999898E-1,6.092281746E-1
3.832133176E0,1.396999955E-1,4.420624971E-1,4.956874847E-1,6.787056966E-1
3.834637793E0,1.746249944E-2,6.521624923E-1,4.651624858E-1,8.012471488E-1
3.837142409E0,-8.263749629E-2,8.207374811E-1,4.076874852E-1,9.201348022E-1
3.839648027E0,-1.656875014E-1,9.380249977E-1,3.320625126E-1,1.008765957E0
3.842151644E0,-2.389750034E-1,9.930250049E-1,2.452999949E-1,1.050418869E0
3.844656335E0,-3.014000058E-1,9.905499816E-1,1.535875052E-1,1.046718850E0
3.847161181E0,-3.587374985E-1,9.367874861E-1,6.696250290E-2,1.005359321E0
3.849665798E0,-4.100250006E-1,8.549749851E-1,-5.224999972E-3,9.482246711E-1
3.852170428E0,-4.540250003E-1,7.584499717E-1,-6.022499874E-2,8.860090919E-1
3.854675043E0,-4.932124913E-1,6.631624699E-1,-1.005124971E-1,8.325537731E-1
3.857179659E0,-5.212625265E-1,5.715875030E-1,-1.273249984E-1,7.839888713E-1
3.859685272E0,-5.432624817E-1,4.860624969E-1,-1.432749927E-1,7.429122414E-1
3.862188961E0,-5.567374825E-1,4.078249931E-1,-1.518000066E-1,7.066265573E-1
3.864693575E0,-5.627874732E-1,3.430624902E-1,-1.530375034E-1,6.766402956E-1
3.867198421E0,-5.652624965E-1,2.892999947E-1,-1.493249983E-1,6.523144426E-1
3.869703038E0,-5.590749979E-1,2.465374917E-1,-1.420374960E-1,6.273119147E-1
3.872207654E0,-5.505499840E-1,2.099625021E-1,-1.322750002E-1,6.038925507E-1
3.874712378E0,-5.395500064E-1,1.842499971E-1,-1.225124970E-1,5.831565680E-1
3.877216995E0,-5.237374902E-1,1.659625024E-1,-1.102750003E-1,5.603615677E-1
3.879722762E0,-5.065500140E-1,1.524875015E-1,-9.803749621E-2,5.380118079E-1
3.882226457E0,-4.870249927E-1,1.427250057E-1,-8.703749627E-2,5.149167860E-1
3.884731080E0,-4.662624896E-1,1.342000067E-1,-7.479999959E-2,4.909229990E-1
3.887235696E0,-4.430249929E-1,1.304875016E-1,-6.256250292E-2,4.660602957E-1
3.889740388E0,-4.186874926E-1,1.280124933E-1,-5.156249925E-2,4.408458985E-1
3.892245234E0,-3.929750025E-1,1.269125044E-1,-4.056249931E-2,4.149475301E-1
3.894749530E0,-3.649249971E-1,1.256749928E-1,-3.079999983E-2,3.871861275E-1
3.897254451E0,-3.367374837E-1,1.269125044E-1,-2.103750035E-2,3.604739840E-1
3.899759989E0,-3.062124848E-1,1.269125044E-1,-1.251249947E-2,3.317068469E-1
3.902263684E0,-2.732124925E-1,1.256749928E-1,-6.462499965E-3,3.008006545E-1
3.904768384E0,-2.414499968E-1,1.244374961E-1,2.199999988E-3,2.716387885E-1
3.907272922E0,-2.072124928E-1,1.207249984E-1,7.012499962E-3,2.399181477E-1
3.909777538E0,-1.754499972E-1,1.159124970E-1,1.319999993E-2,2.106956300E-1
3.912282230E0,-1.376374960E-1,1.072499976E-1,1.677500084E-2,1.752941611E-1
3.914787076E0,-1.046374962E-1,9.515000135E-2,1.801249944E-2,1.425727130E-1
3.917291694E0,-7.039999962E-2,8.043749630E-2,1.924999990E-2,1.086135961E-1
3.919797307E0,-3.739999980E-2,6.338749826E-2,1.801249944E-2,7.577060813E-2
3.922300924E0,-6.874999963E-3,4.015000165E-2,1.677500084E-2,4.405325084E-2
3.924805538E0,2.364999987E-2,1.443750039E-2,1.319999993E-2,3.069208220E-2
3.927310461E0,5.169999972E-2,-1.113750041E-2,4.537499975E-3,5.308034281E-2
3.929815078E0,7.741250098E-2,-3.313750029E-2,-2.749999985E-3,8.425171650E-2
3.932319694E0,9.941250086E-2,-4.784999788E-2,-8.799999952E-3,1.106793008E-1
3.934824384E0,1.152250022E-1,-5.389999971E-2,-1.251249947E-2,1.278224305E-1
3.937329028E0,1.249874979E-1,-5.513750017E-2,-1.127499994E-2,1.370734992E-1
3.939834565E0,1.287000030E-1,-5.389999971E-2,-8.799999952E-3,1.398082285E-1
3.942338259E0,1.262249947E-1,-4.784999788E-2,-5.224999972E-3,1.350913476E-1
3.944842873E0,1.214125007E-1,-3.932499886E-2,-1.512499992E-3,1.276312600E-1
3.947347484E0,1.104125008E-1,-2.956249937E-2,4.537499975E-3,1.143916545E-1
3.949852330E0,9.817499667E-2,-2.213750035E-2,8.249999955E-3,1.009775291E-1
3.952356948E0,8.346249908E-2,-1.484999992E-2,1.072499994E-2,8.544903086E-2
3.954861638E0,6.641250104E-2,-6.324999966E-3,1.072499994E-2,6.756960517E-2
3.957366178E0,5.169999972E-2,3.437499981E-3,1.072499994E-2,5.291249381E-2
3.959872084E0,3.588749841E-2,9.624999948E-3,7.012499962E-3,3.781174846E-2
3.962375471E0,2.241249941E-2,1.567500085E-2,4.537499975E-3,2.772390102E-2
3.964880315E0,1.017499994E-2,2.296249941E-2,9.624999948E-4,2.513430742E-2
3.967384931E0,4.124999978E-4,2.667500079E-2,-2.749999985E-4,2.667960735E-2
3.969889546E0,-8.112499490E-3,2.914999984E-2,-1.512499992E-3,3.029559036E-2
3.972394161E0,-1.306249946E-2,2.791249938E-2,-1.512499992E-3,3.085488892E-2
3.974898854E0,-1.539999992E-2,2.419999987E-2,-1.512499992E-3,2.872433894E-2
3.977403471E0,-1.429999992E-2,1.691249944E-2,-2.749999985E-4,2.214945282E-2
3.979909257E0,-1.306249946E-2,1.072499994E-2,-2.749999985E-4,1.690355409E-2
3.982413029E0,-6.874999963E-3,-1.374999993E-4,-2.749999985E-4,6.881871529E-3
3.984917565E0,-8.249999955E-4,-6.324999966E-3,-1.512499992E-3,6.555448557E-3
3.987422180E0,6.599999964E-3,-1.113750041E-2,-1.512499992E-3,1.303424609E-2
3.989926859E0,1.017499994E-2,-1.113750041E-2,-2.749999985E-3,1.533417879E-2
3.992431705E0,1.388750039E-2,-1.237499993E-2,-1.512499992E-3,1.866255467E-2
3.994936322E0,1.636249945E-2,-1.003750041E-2,-1.512499992E-3,1.925540077E-2
3.997440938E0,1.636249945E-2,-8.799999952E-3,-2.749999985E-4,1.858082378E-2
3.999946474E0,1.512499992E-2,-3.849999979E-3,-2.749999985E-4,1.560973246E-2
4.002450168E0,1.512499992E-2,-1.374999993E-3,-2.749999985E-4,1.518986085E-2
4.004954782E0,1.388750039E-2,3.437499981E-3,-2.749999985E-4,1.430925219E-2
4.007459474E0,1.141249947E-2,4.674999975E-3,-2.749999985E-4,1.233597965E-2
4.009964089E0,7.699999958E-3,9.624999948E-3,-2.749999985E-4,1.232908141E-2
4.012468936E0,4.124999978E-3,9.624999948E-3,9.624999948E-4,1.051582879E-2
4.014973553E0,4.124999978E-3,9.624999948E-3,-2.749999985E-4,1.047529827E-2
4.017478243E0,1.649999991E-3,8.387500420E-3,-2.749999985E-4,8.552677257E-3
4.019983782E0,1.649999991E-3,7.149999961E-3,-2.749999985E-4,7.343066418E-3
4.022487476E0,2.887499984E-3,3.437499981E-3,-2.749999985E-4,4.497742465E-3
4.024992062E0,2.887499984E-3,9.624999948E-4,-2.749999985E-4,3.056090214E-3
4.027496908E0,2.887499984E-3,-1.374999993E-3,-2.749999985E-4,3.209969803E-3
4.030001525E0,4.124999978E-3,-3.849999979E-3,-2.749999985E-4,5.649225580E-3
4.032506215E0,4.124999978E-3,-6.324999966E-3,-2.749999985E-4,7.556247374E-3
4.035010852E0,6.599999964E-3,-8.799999952E-3,-2.749999985E-4,1.100343690E-2
4.037515467E0,6.599999964E-3,-6.324999966E-3,-1.512499992E-3,9.265704524E-3
4.040021234E0,6.599999964E-3,-5.087499972E-3,-1.512499992E-3,8.469374931E-3
4.042524698E0,6.599999964E-3,-3.849999979E-3,-1.512499992E-3,7.789104929E-3
4.045029508E0,5.362499971E-3,-2.612499986E-3,-1.512499992E-3,6.153797067E-3
4.047534124E0,5.362499971E-3,-1.374999993E-4,-2.749999985E-4,5.371306842E-3
4.050038816E0,5.362499971E-3,2.199999988E-3,-2.749999985E-4,5.802760626E-3
4.052543433E0,6.599999964E-3,3.437499981E-3,-1.512499992E-3,7.593685658E-3
4.055048277E0,5.362499971E-3,7.149999961E-3,-1.512499992E-3,9.064577299E-3
4.057552900E0,5.362499971E-3,8.387500420E-3,-1.512499992E-3,1.006946997E-2
4.060058436E0,5.362499971E-3,8.387500420E-3,-2.749999985E-4,9.959025767E-3
4.062562131E0,5.362499971E-3,8.387500420E-3,-2.749999985E-4,9.959025767E-3
4.065066744E0,4.124999978E-3,8.387500420E-3,-2.749999985E-4,9.351011342E-3
4.067571470E0,2.887499984E-3,8.387500420E-3,-2.749999985E-4,8.874877152E-3
4.070076316E0,2.887499984E-3,7.149999961E-3,-2.749999985E-4,7.715943274E-3
4.072580626E0,4.124999978E-4,3.437499981E-3,-2.749999985E-4,3.473065990E-3
4.075085316E0,4.124999978E-4,3.437499981E-3,9.624999948E-4,3.593461926E-3
4.077590163E0,-2.062499989E-3,-1.374999993E-3,-1.512499992E-3,2.903822896E-3
4.080095778E0,-3.299999982E-3,-3.849999979E-3,-2.749999985E-4,5.078200933E-3
4.082599395E0,-3.299999982E-3,-6.324999966E-3,-1.512499992E-3,7.292686794E-3
4.085104009E0,-2.062499989E-3,-7.562499959E-3,-2.749999985E-4,7.843528341E-3
4.087608628E0,-2.062499989E-3,-1.003750041E-2,-2.749999985E-4,1.025089975E-2
4.090113320E0,-2.062499989E-3,-8.799999952E-3,-1.512499992E-3,9.164145437E-3
4.092617938E0,-8.249999955E-4,-8.799999952E-3,-1.512499992E-3,8.967066431E-3
4.095122782E0,4.124999978E-4,-7.562499959E-3,-1.512499992E-3,7.723290627E-3
4.097627399E0,4.124999978E-4,-5.087499972E-3,-2.749999985E-4,5.111598304E-3
4.100133023E0,1.649999991E-3,-3.849999979E-3,-2.749999985E-4,4.197692796E-3
4.102636640E0,1.649999991E-3,-1.374999993E-4,-2.749999985E-4,1.678401388E-3
4.105141330E0,4.124999978E-4,4.674999975E-3,-2.749999985E-4,4.701213249E-3
4.107645946E0,2.887499984E-3,8.387500420E-3,-2.749999985E-4,8.874877152E-3
4.110150753E0,4.124999978E-4,1.196249947E-2,-2.749999985E-4,1.197276805E-2
4.112655447E0,4.124999978E-4,1.319999993E-2,-2.749999985E-4,1.320930654E-2
4.115160063E0,4.124999978E-4,1.443750039E-2,-1.512499992E-3,1.452236998E-2
4.117664678E0,-8.249999955E-4,1.319999993E-2,-1.512499992E-3,1.331196001E-2
4.120170441E0,4.124999978E-4,1.319999993E-2,-1.512499992E-3,1.329277287E-2
4.122674136E0,-2.062499989E-3,1.072499994E-2,-2.749999985E-4,1.092497849E-2
4.125178749E0,-3.299999982E-3,8.387500420E-3,-2.749999985E-4,9.017526722E-3
4.127683364E0,-2.062499989E-3,5.912499968E-3,-2.749999985E-4,6.267949192E-3
4.130187980E0,-4.399999976E-3,3.437499981E-3,-2.749999985E-4,5.590351591E-3
4.132692604E0,-4.399999976E-3,2.199999988E-3,-2.749999985E-4,4.927030012E-3
4.135197297E0,-3.299999982E-3,-1.374999993E-4,-2.749999985E-4,3.314291950E-3
4.137701914E0,-4.399999976E-3,9.624999948E-4,-2.749999985E-4,4.512430723E-3
4.140207758E0,-4.399999976E-3,2.199999988E-3,-2.749999985E-4,4.927030012E-3
4.142711400E0,-8.112499490E-3,3.437499981E-3,-2.749999985E-4,8.815025757E-3
4.145216090E0,-8.112499490E-3,5.912499968E-3,-2.749999985E-4,1.004220737E-2
4.147720628E0,5.362499971E-3,-1.237499993E-2,9.624999948E-4,1.352122167E-2
4.150225244E0,7.699999958E-3,-7.562499959E-3,4.537499975E-3,1.170770306E-2
4.152729859E0,1.017499994E-2,-8.799999952E-3,7.012499962E-3,1.517055631E-2
4.155234551E0,1.017499994E-2,-3.849999979E-3,5.774999969E-3,1.231680756E-2
4.157739398E0,1.017499994E-2,9.624999948E-4,5.774999969E-3,1.173915051E-2
4.160245013E0,1.141249947E-2,4.674999975E-3,5.774999969E-3,1.361805396E-2
4.162748645E0,8.937500417E-3,1.196249947E-2,4.537499975E-3,1.560670411E-2
4.165253259E0,8.937500417E-3,2.062499896E-2,5.774999969E-3,2.320819080E-2
4.167757951E0,1.017499994E-2,2.667500079E-2,8.249999955E-3,2.971781940E-2
4.170262797E0,1.264999993E-2,3.162499890E-2,1.319999993E-2,3.652948195E-2
4.172767415E0,1.869999990E-2,2.914999984E-2,1.553750038E-2,3.795821920E-2
4.175272029E0,2.846249938E-2,2.543750033E-2,1.677500084E-2,4.169629416E-2
4.177776719E0,3.946249932E-2,2.419999987E-2,1.801249944E-2,4.967271869E-2
4.180282489E0,5.293750018E-2,2.791249938E-2,1.801249944E-2,6.249749341E-2
4.182785952E0,6.764999777E-2,3.396249935E-2,1.677500084E-2,7.753305240E-2
4.185290580E0,8.222500235E-2,3.767500073E-2,1.801249944E-2,9.222150957E-2
4.187795196E0,9.693749994E-2,3.767500073E-2,1.924999990E-2,1.057678924E-1
4.190299811E0,1.128875017E-1,3.272499889E-2,2.172499895E-2,1.195261025E-1
4.192804657E0,1.324124932E-1,1.938750036E-2,2.296249941E-2,1.357800424E-1
4.195309275E0,1.544124931E-1,1.196249947E-2,2.529999986E-2,1.569280390E-1
4.197814003E0,1.799875051E-1,8.387500420E-3,2.653750032E-2,1.821265798E-1
4.200319542E0,2.069374919E-1,2.199999988E-3,3.148749843E-2,2.093309058E-1
4.202823236E0,2.312749922E-1,9.624999948E-4,3.506249934E-2,2.339197027E-1
4.205327849E0,2.557500005E-1,4.674999975E-3,4.124999791E-2,2.590974348E-1
4.207832690E0,2.765125036E-1,5.912499968E-3,4.496249929E-2,2.802066178E-1
4.210337308E0,2.947999835E-1,8.387500420E-3,4.977500066E-2,2.990901722E-1
4.212841923E0,3.095124960E-1,1.072499994E-2,5.224999785E-2,3.140749482E-1
4.215346539E0,3.192749918E-1,1.443750039E-2,5.472499877E-2,3.242526596E-1
4.217851229E0,3.242250085E-1,2.667500079E-2,5.706249923E-2,3.302870579E-1
4.220357012E0,3.278000057E-1,4.015000165E-2,5.829999968E-2,3.353561634E-1
4.222860706E0,3.290374875E-1,4.991250113E-2,5.706249923E-2,3.376581922E-1
4.225365320E0,3.265624940E-1,5.472499877E-2,5.706249923E-2,3.359970488E-1
4.227869935E0,3.254624903E-1,5.472499877E-2,5.829999968E-2,3.351410868E-1
4.230374628E0,3.217499852E-1,5.472499877E-2,5.706249923E-2,3.313216070E-1
4.232879245E0,3.205125034E-1,5.472499877E-2,5.348749831E-2,3.295208685E-1
4.235384089E0,3.167999983E-1,4.867500067E-2,5.224999785E-2,3.247484517E-1
4.237888706E0,3.132250011E-1,3.767500073E-2,4.977500066E-2,3.193851244E-1
4.240394243E0,3.095124960E-1,2.791249938E-2,5.224999785E-2,3.151303779E-1
4.242897991E0,3.070375025E-1,1.691249944E-2,5.596249923E-2,3.125537744E-1
4.245402605E0,3.082749844E-1,8.387500420E-3,6.077500060E-2,3.143205638E-1
4.247907451E0,3.095124960E-1,-3.849999979E-3,6.572499871E-2,3.164373289E-1
4.250412068E0,3.119874895E-1,-1.237499993E-2,7.301250100E-2,3.206558272E-1
4.252916458E0,3.180375099E-1,-1.856249943E-2,7.782500237E-2,3.279468785E-1
4.255421302E0,3.242250085E-1,-2.337500080E-2,8.277499676E-2,3.354399304E-1
4.257925919E0,3.327499926E-1,-2.337500080E-2,8.772499859E-2,3.449124869E-1
4.260431533E0,3.425124884E-1,-2.337500080E-2,9.006249905E-2,3.549259769E-1
4.262935159E0,3.559874892E-1,-2.103750035E-2,9.253749996E-2,3.684194048E-1
4.265440080E0,3.693250120E-1,-2.337500080E-2,9.501250088E-2,3.820663953E-1
4.267944467E0,3.865124881E-1,-2.103750035E-2,9.624999762E-2,3.988715858E-1
4.270449080E0,4.047999978E-1,-1.484999992E-2,9.624999762E-2,4.163503606E-1
4.272953907E0,4.218499959E-1,-2.612499986E-3,9.624999762E-2,4.326988632E-1
4.275458525E0,4.377999902E-1,1.814999990E-2,8.882500231E-2,4.470885091E-1
4.277963140E0,4.536125064E-1,4.015000165E-2,8.153750002E-2,4.626280282E-1
4.280468984E0,4.720374942E-1,5.843750015E-2,7.301250100E-2,4.812121805E-1
4.282972448E0,4.890874922E-1,7.919999957E-2,6.572499871E-2,4.997989500E-1
4.285477307E0,5.073750019E-1,9.748750180E-2,5.829999968E-2,5.199347031E-1
4.287981922E0,5.293750167E-1,1.194875017E-1,5.472499877E-2,5.454447697E-1
4.290486615E0,5.538499951E-1,1.512500048E-1,5.101250112E-2,5.763927969E-1
4.292991232E0,5.783249736E-1,1.867250055E-1,4.606249928E-2,6.094651398E-1
4.295495842E0,6.063749790E-1,2.172500044E-1,4.124999791E-2,6.454376360E-1
4.298000687E0,6.308500171E-1,2.380124927E-1,3.753750026E-2,6.753004921E-1
4.300506225E0,6.503750086E-1,2.624875009E-1,3.629999980E-2,7.022855758E-1
4.303009919E0,6.784250140E-1,3.858250082E-1,4.001250118E-2,7.814873235E-1
4.305514551E0,7.101874948E-1,6.191624999E-1,5.348749831E-2,9.437104384E-1
4.308019166E0,7.444249988E-1,8.744999766E-1,6.929999590E-2,1.150530868E0
4.310523782E0,7.676625252E-1,1.059025049E0,8.648750186E-2,1.310847014E0
4.313028397E0,7.884249687E-1,1.148262501E0,1.023000032E-1,1.396633808E0
4.315533084E0,8.079500198E-1,1.154312491E0,1.194875017E-1,1.414036006E0
4.318037702E0,8.336625099E-1,1.112787485E0,1.365374923E-1,1.397115476E0
4.320543469E0,8.702374697E-1,1.045549989E0,1.548250020E-1,1.369108766E0
4.323047163E0,9.106624722E-1,9.735000134E-1,1.732500046E-1,1.344255920E0
4.325551782E0,9.582374692E-1,9.026874900E-1,1.915374994E-1,1.330319648E0
4.328056397E0,1.005949974E0,8.317375183E-1,2.085874975E-1,1.321828807E0
4.330561089E0,1.054762483E0,7.584499717E-1,2.281125039E-1,1.319016895E0
4.333065707E0,1.102475047E0,6.778749824E-1,2.440624982E-1,1.317016410E0
4.335570551E0,1.146337509E0,5.935875177E-1,2.575374842E-1,1.316343945E0
4.338075168E0,1.189100027E0,5.031124949E-1,2.660624981E-1,1.318283092E0
4.340580782E0,1.230625033E0,3.993000090E-1,2.745875120E-1,1.322602273E0
4.343084476E0,1.269812465E0,2.917749882E-1,2.806375027E-1,1.332784209E0
4.345589089E0,1.301574945E0,1.867250055E-1,2.831124961E-1,1.345033922E0
4.348093931E0,1.325912476E0,1.049124971E-1,2.806375027E-1,1.359340992E0
4.350598548E0,1.339387536E0,4.138749838E-2,2.733500004E-1,1.367622799E0
4.353103238E0,1.345574975E0,-1.361249946E-2,2.611125112E-1,1.370743250E0
4.355607856E0,1.338150024E0,-5.156249925E-2,2.440624982E-1,1.361201926E0
4.358112458E0,1.323575020E0,-7.837499678E-2,2.220624983E-1,1.344360527E0
4.360618225E0,1.299100041E0,-9.556250274E-2,1.951124966E-1,1.317141601E0
4.363121689E0,1.266100049E0,-9.790000319E-2,1.658249944E-1,1.280660639E0
4.365626302E0,1.225812435E0,-9.061250091E-2,1.315875053E-1,1.236180417E0
4.368131124E0,1.180575013E0,-6.489999592E-2,9.872499853E-2,1.186472080E0
4.370635818E0,1.126812458E0,-2.337500080E-2,6.448750198E-2,1.128898288E0
4.373140357E0,1.070712447E0,3.272499889E-2,3.396249935E-2,1.071750681E0
4.375644971E0,1.005949974E0,9.391249716E-2,5.774999969E-3,1.010340664E0
4.378149658E0,9.399499893E-1,1.634874940E-1,-1.979999989E-2,9.542673541E-1
4.380655427E0,8.690000176E-1,2.429624945E-1,-3.822499886E-2,9.031350701E-1
4.383159121E0,7.994250059E-1,3.235374987E-1,-5.651250109E-2,8.642629900E-1
4.385663735E0,7.298499942E-1,4.065875113E-1,-7.232499868E-2,8.385853110E-1
4.388168321E0,6.601374745E-1,4.835875034E-1,-8.208750188E-2,8.224212526E-1
4.390673013E0,5.893250108E-1,5.533000231E-1,-9.198749810E-2,8.135764154E-1
4.393177631E0,5.183749795E-1,6.033499837E-1,-1.005124971E-1,8.017771413E-1
4.395682246E0,4.573250115E-1,6.278250217E-1,-1.077999994E-1,7.841755313E-1
4.398186862E0,4.060375094E-1,6.436374784E-1,-1.200374961E-1,7.704184987E-1
4.400692690E0,3.767499924E-1,6.693499684E-1,-1.395625025E-1,7.806712683E-1
4.403196307E0,3.767499924E-1,7.254499793E-1,-1.665125042E-1,8.342329670E-1
4.405700921E0,3.999874890E-1,7.914500237E-1,-1.982749999E-1,9.086782196E-1
4.408205536E0,4.328500032E-1,8.525000215E-1,-2.263250053E-1,9.825163713E-1
4.410710459E0,4.548499882E-1,8.916875124E-1,-2.520374954E-1,1.032239328E0
4.413214846E0,4.573250115E-1,9.112125039E-1,-2.763749957E-1,1.056332112E0
4.415719690E0,4.415124953E-1,9.282624722E-1,-3.020874858E-1,1.071382915E0
4.418224307E0,4.158000052E-1,9.612625241E-1,-3.228499889E-1,1.095968704E0
4.420729921E0,3.730374873E-1,9.844999909E-1,-3.265624940E-1,1.102288647E0
4.423233611E0,2.972750068E-1,9.820249677E-1,-3.106124997E-1,1.072019399E0
4.425738224E0,2.105125040E-1,9.832624793E-1,-2.751374841E-1,1.042507196E0
4.428242763E0,1.237500012E-1,1.022312522E0,-2.287999988E-1,1.054886911E0
4.430747455E0,4.317500070E-2,1.092025042E0,-1.786125004E-1,1.107377622E0
4.433252286E0,-3.011249937E-2,1.165312529E0,-1.335124969E-1,1.173322479E0
4.435756904E0,-9.968750179E-2,1.231312513E0,-9.803749621E-2,1.239225344E0
4.438261519E0,-1.669249982E-1,1.286312461E0,-7.356250286E-2,1.299182491E0
4.440767363E0,-2.341624945E-1,1.325362444E0,-5.898749828E-2,1.347181208E0
4.443270851E0,-3.074499965E-1,1.351074934E0,-5.651250109E-2,1.386766974E0
4.445775695E0,-3.832125068E-1,1.372937441E0,-6.751249731E-2,1.427013307E0
4.448280082E0,-4.577375054E-1,1.409649968E0,-8.456250280E-2,1.484515905E0
4.450784926E0,-5.395500064E-1,1.431650043E0,-1.053249985E-1,1.533567543E0
4.453289620E0,-6.287875175E-1,1.420650005E0,-1.285624951E-1,1.558893356E0
4.455794235E0,-7.240750194E-1,1.397412539E0,-1.555124968E-1,1.581527924E0
4.458298851E0,-8.181250095E-1,1.377887487E0,-1.896124929E-1,1.613646602E0
4.460804695E0,-9.146500230E-1,1.372937441E0,-2.275625020E-1,1.665330770E0
4.463308082E0,-1.017225027E0,1.369362473E0,-2.715624869E-1,1.727323515E0
4.465812941E0,-1.117462516E0,1.372937441E0,-3.203749955E-1,1.798977440E0
4.468317556E0,-1.217562437E0,1.398650050E0,-3.704249859E-1,1.891003681E0
4.470822248E0,-1.315325022E0,1.438937545E0,-4.206124842E-1,1.994376101E0
4.473326866E0,-1.418037534E0,1.487887502E0,-4.706625044E-1,2.108592625E0
4.475831481E0,-1.521849990E0,1.551412463E0,-5.207124949E-1,2.234737015E0
4.478336310E0,-1.619612455E0,1.646700025E0,-5.634750128E-1,2.377450224E0
4.480841849E0,-1.717237473E0,1.763987541E0,-5.939999819E-1,2.532467682E0
4.483345543E0,-1.819949985E0,1.888562441E0,-6.282374859E-1,2.696955390E0
4.485850157E0,-1.922525048E0,2.036375046E0,-6.697624922E-1,2.879497818E0
4.488354854E0,-2.015337467E0,2.208662510E0,-7.112874985E-1,3.073386584E0
4.490859469E0,-2.107049942E0,2.388237476E0,-7.480000257E-1,3.271519791E0
4.493364315E0,-2.199862480E0,2.572762489E0,-7.810000181E-1,3.473969313E0
4.495868702E0,-2.306149960E0,2.742574930E0,-8.175749779E-1,3.675387562E0
4.498373315E0,-2.438149929E0,2.886674881E0,-8.603374958E-1,3.875260966E0
4.500879157E0,-2.570012569E0,3.067487478E0,-9.105250239E-1,4.104083315E0
4.503382774E0,-2.691012383E0,3.285012484E0,-9.605749846E-1,4.353798222E0
4.505887387E0,-2.803349972E0,3.507349968E0,-1.008149981E0,4.601808476E0
4.508392310E0,-2.914587498E0,3.725975037E0,-1.058337450E0,4.847451744E0
4.510896928E0,-3.018399954E0,3.942262411E0,-1.112100005E0,5.088117296E0
4.513401322E0,-3.116162539E0,4.160887241E0,-1.168200016E0,5.328052447E0
4.515906167E0,-3.205399990E0,4.378412247E0,-1.225674987E0,5.563035329E0
4.518410784E0,-3.285974979E0,4.572700024E0,-1.284250021E0,5.775509950E0
4.520916397E0,-3.354449987E0,4.743750095E0,-1.338012457E0,5.962027928E0
4.523420101E0,-3.420312405E0,4.887849808E0,-1.388200045E0,6.125088738E0
4.525924714E0,-3.485074997E0,5.019849777E0,-1.430962443E0,6.276327990E0
4.528429560E0,-3.545024872E0,5.135900021E0,-1.468775034E0,6.411081848E0
4.530934255E0,-3.604837418E0,5.228712559E0,-1.499300003E0,6.525502918E0
4.533438885E0,-3.661074877E0,5.327712536E0,-1.517724991E0,6.640141509E0
4.535943500E0,-3.717175007E0,5.437574863E0,-1.520062447E0,6.759822503E0
4.538448345E0,-3.775887489E0,5.490099907E0,-1.496962547E0,6.829305981E0
4.540953883E0,-3.834462404E0,5.459575176E0,-1.456537485E0,6.828730810E0
4.543457347E0,-3.889462471E0,5.393712521E0,-1.399199963E0,6.795425932E0
4.545962191E0,-3.945699930E0,5.308187485E0,-1.316012502E0,6.743685285E0
4.548466806E0,-4.011700153E0,5.179900169E0,-1.210962534E0,6.662697212E0
4.550971498E0,-4.083749771E0,5.001424789E0,-1.092574954E0,6.548662623E0
4.553476048E0,-4.166800022E0,4.779087543E0,-9.690999985E-1,6.414129324E0
4.555980661E0,-4.259612560E0,4.516462326E0,-8.481000066E-1,6.265940051E0
4.558485584E0,-4.361087322E0,4.203649998E0,-7.320500016E-1,6.101282909E0
4.560991200E0,-4.469850063E0,3.872550011E0,-6.209499836E-1,5.946577340E0
4.563494817E0,-4.578474998E0,3.510925055E0,-5.171374679E-1,5.792793731E0
4.565999526E0,-4.688475132E0,3.142012596E0,-4.193750024E-1,5.659498000E0
4.568504065E0,-4.802050114E0,2.786575079E0,-3.253250122E-1,5.561521584E0
4.571008680E0,-4.915762424E0,2.449287415E0,-2.348500043E-1,5.497170506E0
4.573513373E0,-5.022049904E0,2.149950027E0,-1.457500011E-1,5.464843403E0
4.576018240E0,-5.111149788E0,1.875087500E0,-5.156249925E-2,5.444489322E0
4.578522857E0,-5.178387642E0,1.635699987E0,4.248749837E-2,5.430747481E0
4.581028394E0,-5.224862576E0,1.432887435E0,1.340624988E-1,5.419439832E0
4.583532088E0,-5.256625175E0,1.275312543E0,2.220624983E-1,5.413671773E0
4.586036773E0,-5.273674965E0,1.178787470E0,3.051125109E-1,5.412419161E0
4.588541389E0,-5.287149906E0,1.143312454E0,3.906374872E-1,5.423441264E0
4.591046235E0,-5.284675121E0,1.153074980E0,4.736874998E-1,5.429710204E0
4.593550852E0,-5.267624855E0,1.195837498E0,5.519250035E-1,5.429780856E0
4.596055543E0,-5.243149757E0,1.269124985E0,6.227374673E-1,5.430386686E0
4.598560164E0,-5.213862419E0,1.370599985E0,6.862624884E-1,5.434506587E0
4.601065931E0,-5.180862427E0,1.490224957E0,7.412624955E-1,5.441651955E0
4.603569395E0,-5.147862434E0,1.627174973E0,7.877374887E-1,5.456071516E0
4.606074008E0,-5.107574940E0,1.754225016E0,8.255500197E-1,5.463163919E0
4.608578638E0,-5.064812660E0,1.870275021E0,8.707875013E-1,5.468868878E0
4.611083485E0,-5.013525009E0,1.982612491E0,9.257875085E-1,5.470216432E0
4.613588102E0,-4.953575134E0,2.069375038E0,9.855999947E-1,5.458170665E0
4.616092792E0,-4.880287647E0,2.134137392E0,1.050362468E0,5.429089357E0
4.618597333E0,-4.799712658E0,2.180612564E0,1.116362453E0,5.388745483E0
4.621103167E0,-4.717762470E0,2.213474989E0,1.179887533E0,5.343116024E0
4.623606630E0,-4.642137527E0,2.242899895E0,1.245887518E0,5.303986847E0
4.626111244E0,-4.576137543E0,2.261187553E0,1.315462470E0,5.271095282E0
4.628616090E0,-4.514949799E0,2.266137600E0,1.391224980E0,5.239814715E0
4.631120707E0,-4.461325169E0,2.239187479E0,1.479225039E0,5.206293263E0
4.633625323E0,-4.414849758E0,2.190375090E0,1.570799947E0,5.172625435E0
4.636130013E0,-4.379374981E0,2.118187428E0,1.672274947E0,5.144137119E0
4.638634631E0,-4.356137276E0,2.025374889E0,1.785850048E0,5.125166905E0
4.641140384E0,-4.336612701E0,1.900799990E0,1.909187436E0,5.105315562E0
4.643644078E0,-4.319562435E0,1.760275006E0,2.025237560E0,5.085152397E0
4.646148691E0,-4.302374840E0,1.612462521E0,2.134000063E0,5.066006407E0
4.648653384E0,-4.284087658E0,1.463412523E0,2.233000040E0,5.047897825E0
4.651158001E0,-4.263325214E0,1.314362526E0,2.321000099E0,5.028969297E0
4.653662845E0,-4.241324902E0,1.166550040E0,2.399100065E0,5.010524627E0
4.656167463E0,-4.212037563E0,1.022312522E0,2.461387396E0,4.984456965E0
4.658672078E0,-4.181512356E0,8.989750147E-1,2.506624937E0,4.957456024E0
4.661177692E0,-4.146037579E0,7.914500237E-1,2.538387537E0,4.925386485E0
4.663681386E0,-4.105750084E0,7.121124864E-1,2.559149981E0,4.890146886E0
4.666185979E0,-4.065462589E0,6.558749676E-1,2.573862553E0,4.856225538E0
4.668690825E0,-4.023937702E0,6.216375232E-1,2.573862553E0,4.816977920E0
4.671195443E0,-3.981174946E0,5.996375084E-1,2.565337420E0,4.773916125E0
4.673700058E0,-3.939650059E0,5.948249698E-1,2.549387455E0,4.730120054E0
4.676204660E0,-3.899224997E0,6.093999743E-1,2.529862404E0,4.687806276E0
4.678709275E0,-3.855225086E0,6.241124868E-1,2.504149914E0,4.639293443E0
4.681214888E0,-3.811362505E0,6.351125240E-1,2.474862576E0,4.588550624E0
4.683718506E0,-3.770937443E0,6.375874877E-1,2.445574999E0,4.539529059E0
4.686223182E0,-3.734362364E0,6.375874877E-1,2.416287422E0,4.493375677E0
4.688728028E0,-3.700124979E0,6.386874914E-1,2.385762453E0,4.448674977E0
4.691232646E0,-3.665887594E0,6.424000263E-1,2.351525068E0,4.402394779E0
4.693737261E0,-3.626837492E0,6.521624923E-1,2.313575029E0,4.351079812E0
4.696241876E0,-3.586549997E0,6.803500056E-1,2.268475056E0,4.297929280E0
4.698746552E0,-3.545024872E0,7.266874909E-1,2.215950012E0,4.243313624E0
4.701252321E0,-3.496074915E0,7.877374887E-1,2.155999899E0,4.182272794E0
4.703755784E0,-3.443549871E0,8.574500084E-1,2.087662458E0,4.117230960E0
4.706260629E0,-3.389787436E0,9.282624722E-1,2.010662556E0,4.049085574E0
4.708765244E0,-3.338500023E0,1.011312485E0,1.922662497E0,3.983085038E0
4.711269936E0,-3.290925026E0,1.095737457E0,1.833425045E0,3.923299058E0
4.713774554E0,-3.254212379E0,1.183599949E0,1.744325042E0,3.877302787E0
4.716279398E0,-3.232212543E0,1.272837520E0,1.660037518E0,3.850069848E0
4.718784015E0,-3.224925041E0,1.364412546E0,1.580562472E0,3.841866844E0
4.721289552E0,-3.234687567E0,1.452412486E0,1.509750009E0,3.853835852E0
4.723793246E0,-3.260262489E0,1.528174996E0,1.443750024E0,3.879309790E0
4.726297936E0,-3.299449921E0,1.597749949E0,1.382699966E0,3.918039545E0
4.728802475E0,-3.353212595E0,1.661275029E0,1.321650028E0,3.968706115E0
4.731307398E0,-3.417974949E0,1.722462535E0,1.260462523E0,4.029664466E0
4.733811785E0,-3.496074915E0,1.777325034E0,1.200649977E0,4.101583164E0
4.736316398E0,-3.582837582E0,1.826274991E0,1.135887504E0,4.178785218E0
4.738821244E0,-3.676887512E0,1.875087500E0,1.077312469E0,4.265683657E0
4.741326783E0,-3.772175074E0,1.919087529E0,1.023550034E0,4.354291722E0
4.743830477E0,-3.871175051E0,1.968037486E0,9.733625054E-1,4.450460918E0
4.746335090E0,-3.971412420E0,2.029087543E0,9.245499969E-1,4.554569746E0
4.748839706E0,-4.078800201E0,2.082849979E0,8.720250130E-1,4.662113549E0
4.751344398E0,-4.190037251E0,2.117087603E0,8.182625175E-1,4.765293866E0
4.753849234E0,-4.307324886E0,2.134137392E0,7.693125010E-1,4.868206221E0
4.756353852E0,-4.423375130E0,2.143899918E0,7.290250063E-1,4.969308992E0
4.758858467E0,-4.538187504E0,2.149950027E0,6.997374892E-1,5.070213358E0
4.761364080E0,-4.645712376E0,2.147612572E0,6.802124977E-1,5.163097159E0
4.763867698E0,-4.738524914E0,2.130424976E0,6.704499722E-1,5.238495214E0
4.766372647E0,-4.822949886E0,2.101137400E0,6.716874838E-1,5.303469436E0
4.768877264E0,-4.897474766E0,2.060849905E0,6.814500093E-1,5.356933407E0
4.771381880E0,-4.964574814E0,2.020562410E0,6.949250102E-1,5.404867834E0
4.773886570E0,-5.022049904E0,1.978899956E0,7.082625031E-1,5.444140524E0
4.776391187E0,-5.070862293E0,1.935037494E0,7.192624807E-1,5.474975161E0
4.778895808E0,-5.110050201E0,1.886087537E0,7.277874947E-1,5.495417536E0
4.781401575E0,-5.136862278E0,1.838512540E0,7.327374816E-1,5.504942020E0
4.783905269E0,-5.155149937E0,1.803037524E0,7.375500202E-1,5.510943224E0
4.786409883E0,-5.162574768E0,1.776224971E0,7.400249839E-1,5.509518160E0
4.788914498E0,-5.160099983E0,1.755324960E0,7.375500202E-1,5.500161596E0
4.791419127E0,-5.149099827E0,1.737037539E0,7.327374816E-1,5.483377851E0
4.793923743E0,-5.127099991E0,1.722462535E0,7.242124677E-1,5.456969415E0
4.796428435E0,-5.099050045E0,1.719987512E0,7.156875134E-1,5.428708596E0
4.798933052E0,-5.068387508E0,1.721225023E0,7.046874762E-1,5.398865803E0
4.801438830E0,-5.039100170E0,1.717512488E0,6.887375116E-1,5.368122487E0
4.803942293E0,-5.012287617E0,1.705274940E0,6.667374969E-1,5.336246683E0
4.806447137E0,-4.987812519E0,1.680937529E0,6.434999704E-1,5.302633017E0
4.808951753E0,-4.967050076E0,1.645462513E0,6.191624999E-1,5.269012767E0
4.811456445E0,-4.949999809E0,1.598987460E0,5.971624851E-1,5.236015856E0
4.813961062E0,-4.935287476E0,1.542750001E0,5.799750090E-1,5.203221218E0
4.816465678E0,-4.920575142E0,1.482937455E0,5.714499950E-1,5.170852765E0
4.818970522E0,-4.903524876E0,1.421887517E0,5.702124834E-1,5.137262169E0
4.821476061E0,-4.885237694E0,1.363175035E0,5.751624703E-1,5.104371202E0
4.823979755E0,-4.864474773E0,1.309412479E0,5.849249959E-1,5.071470508E0
4.826484368E0,-4.840000153E0,1.275312543E0,5.983999968E-1,5.040843790E0
4.828988984E0,-4.815525055E0,1.258124948E0,6.093999743E-1,5.014332285E0
4.831493907E0,-4.788712502E0,1.261837482E0,6.239749789E-1,4.991327081E0
4.833998524E0,-4.753237247E0,1.289887547E0,6.324999928E-1,4.965594673E0
4.836503134E0,-4.716662407E0,1.335124969E0,6.337375045E-1,4.942781218E0
4.839007825E0,-4.675000191E0,1.390125036E0,6.276875138E-1,4.917526412E0
4.841513363E0,-4.627425194E0,1.462175012E0,6.129750013E-1,4.891498548E0
4.844016981E0,-4.578474998E0,1.551412463E0,5.909749866E-1,4.870170980E0
4.846521666E0,-4.523612499E0,1.645462513E0,5.629249811E-1,4.846390560E0
4.849026512E0,-4.468612671E0,1.737037539E0,5.311625004E-1,4.823684506E0
4.851530899E0,-4.414849758E0,1.820087433E0,5.018749833E-1,4.801613807E0
4.854035743E0,-4.369612694E0,1.887325048E0,4.749250114E-1,4.783415589E0
4.856540360E0,-4.329325199E0,1.939849973E0,4.516874850E-1,4.765511114E0
4.859044976E0,-4.298799992E0,1.976562500E0,4.296875000E-1,4.750906443E0
4.861550820E0,-4.278037548E0,1.997324944E0,4.076874852E-1,4.738894521E0
4.864054514E0,-4.263325214E0,2.002137423E0,3.845874965E-1,4.725717267E0
4.866558897E0,-4.256037712E0,1.994850039E0,3.551625013E-1,4.713748412E0
4.869063733E0,-4.253562450E0,1.977800012E0,3.198249936E-1,4.701784175E0
4.871568425E0,-4.251087666E0,1.952087522E0,2.818749845E-1,4.686346716E0
4.874073043E0,-4.247512341E0,1.921562433E0,2.415875047E-1,4.668203915E0
4.876577658E0,-4.243800163E0,1.888562441E0,2.050125003E-1,4.649573964E0
4.879082502E0,-4.236512661E0,1.853087544E0,1.720124930E-1,4.627262827E0
4.881588118E0,-4.229087353E0,1.810325027E0,1.425874978E-1,4.602476261E0
4.884091735E0,-4.221799850E0,1.760275006E0,1.157749966E-1,4.575539960E0
4.886596348E0,-4.223037243E0,1.710224986E0,8.772499859E-2,4.557039470E0
4.889100964E0,-4.224275112E0,1.655225039E0,5.596249923E-2,4.537334234E0
4.891605656E0,-4.231562614E0,1.600224972E0,1.553750038E-2,4.524056093E0
4.894110502E0,-4.240087509E0,1.550174952E0,-2.722499892E-2,4.514656761E0
4.896615120E0,-4.249849796E0,1.517174959E0,-6.998749822E-2,4.513085574E0
4.899119735E0,-4.254799843E0,1.503700018E0,-1.077999994E-1,4.513984524E0
4.901625368E0,-4.258512497E0,1.502462506E0,-1.395625025E-1,4.517942005E0
4.904128986E0,-4.258512497E0,1.517174959E0,-1.627999991E-1,4.523632653E0
4.906633676E0,-4.254799843E0,1.543987513E0,-1.798499972E-1,4.529852665E0
4.909138291E0,-4.248612404E0,1.580700040E0,-1.883749962E-1,4.537048062E0
4.911642907E0,-4.241324902E0,1.627174973E0,-1.908500046E-1,4.546752582E0
4.914147522E0,-4.229087353E0,1.679700017E0,-1.920875013E-1,4.554499928E0
4.916652368E0,-4.216849804E0,1.739512444E0,-1.860374957E-1,4.565340706E0
4.919156986E0,-4.201037407E0,1.805512547E0,-1.773750037E-1,4.576030239E0
4.921662599E0,-4.185087681E0,1.877562523E0,-1.676124930E-1,4.590021119E0
4.924166197E0,-4.165562630E0,1.957037449E0,-1.555124968E-1,4.605007246E0
4.926670887E0,-4.141224861E0,2.040087461E0,-1.432749927E-1,4.618682488E0
4.929175502E0,-4.114274979E0,2.126849890E0,-1.322750002E-1,4.633383831E0
4.931680348E0,-4.083749771E0,2.217187405E0,-1.225124970E-1,4.648434305E0
4.934184982E0,-4.049512386E0,2.309999943E0,-1.138499975E-1,4.663433512E0
4.936689597E0,-4.015275002E0,2.411474943E0,-1.040875018E-1,4.684920378E0
4.939194213E0,-3.983512402E0,2.514050007E0,-9.556250274E-2,4.711470119E0
4.941700057E0,-3.949412584E0,2.611812592E0,-8.703749627E-2,4.735715395E0
4.944203505E0,-3.913937569E0,2.702149868E0,-8.208750188E-2,4.756811911E0
4.946708349E0,-3.880937576E0,2.782862425E0,-7.975000143E-2,4.776228618E0
4.949212965E0,-3.845462561E0,2.842674971E0,-7.975000143E-2,4.782754787E0
4.951717657E0,-3.808887482E0,2.884200096E0,-8.332499862E-2,4.778407381E0
4.954222275E0,-3.772175074E0,2.913625002E0,-8.579999954E-2,4.767166567E0
4.956726886E0,-3.731887579E0,2.930675030E0,-8.703749627E-2,4.745884170E0
4.959231501E0,-3.689125061E0,2.940437555E0,-8.456250280E-2,4.718364923E0
4.961737269E0,-3.645124912E0,2.939199924E0,-8.208750188E-2,4.683222201E0
4.964240963E0,-3.599887371E0,2.934387445E0,-7.975000143E-2,4.645016558E0
4.966745576E0,-3.545024872E0,2.917200089E0,-7.851249725E-2,4.591668750E0
4.969250177E0,-3.491262436E0,2.897675037E0,-8.332499862E-2,4.537882444E0
4.971754792E0,-3.432549953E0,2.878149986E0,-8.827500045E-2,4.480394961E0
4.974259484E0,-3.369024992E0,2.867150068E0,-9.432499856E-2,4.424904080E0
4.976764331E0,-3.301787376E0,2.863437414E0,-1.017500013E-1,4.371661785E0
4.979268948E0,-3.229737520E0,2.867150068E0,-1.115124971E-1,4.320207055E0
4.981774561E0,-3.151637554E0,2.873199940E0,-1.225124970E-1,4.266509871E0
4.984278179E0,-3.069687366E0,2.878149986E0,-1.358499974E-1,4.210128631E0
4.986782869E0,-2.985399961E0,2.892862558E0,-1.505624950E-1,4.159799968E0
4.989287408E0,-2.895062447E0,2.912387371E0,-1.665125042E-1,4.109879948E0
4.991792105E0,-2.802112579E0,2.935625076E0,-1.835625023E-1,4.062440730E0
4.994296722E0,-2.706825018E0,2.962437391E0,-2.055625021E-1,4.018108127E0
4.996801566E0,-2.607962370E0,2.992962599E0,-2.275625020E-1,3.976314567E0
4.999306184E0,-2.506487370E0,3.025962591E0,-2.518999875E-1,3.937306458E0
5.001812042E0,-2.405149937E0,3.060199976E0,-2.763749957E-1,3.902044752E0
5.004315429E0,-2.296387434E0,3.115200043E0,-3.008500040E-1,3.881800778E0
5.006820350E0,-2.130287409E0,3.278825045E0,-3.106124997E-1,3.922409749E0
5.009324736E0,-1.973812461E0,3.460875034E0,-3.264249861E-1,3.997517343E0
5.011829580E0,-1.856524944E0,3.590399981E0,-3.570874929E-1,4.057729460E0
5.014334280E0,-1.767424941E0,3.673449993E0,-3.986124992E-1,4.095963586E0
5.016838895E0,-1.696475029E0,3.705212593E0,-4.401375055E-1,4.098822869E0
5.019343434E0,-1.639137506E0,3.705212593E0,-4.816625118E-1,4.080118981E0
5.021849278E0,-1.617137432E0,3.921499968E0,-5.647125244E-1,4.279275138E0
5.024352755E0,-1.722187519E0,4.686275005E0,-7.467625141E-1,5.048243014E0
5.026857599E0,-1.817474961E0,5.071137428E0,-9.238625169E-1,5.465635553E0
5.029362215E0,-1.774712443E0,4.924562454E0,-1.038812518E0,5.336670410E0
5.031866830E0,-1.764950037E0,4.798612595E0,-1.154862523E0,5.241701910E0
5.034371461E0,-1.819949985E0,4.567749977E0,-1.256199956E0,5.074898632E0
5.036876076E0,-1.843187451E0,4.118124962E0,-1.312437534E0,4.698806813E0
5.039380768E0,-1.872475028E0,3.611162424E0,-1.363724947E0,4.290268350E0
5.041886538E0,-1.960474968E0,3.150537491E0,-1.430962443E0,3.977059478E0
5.044390006E0,-2.105812550E0,2.775574923E0,-1.514012456E0,3.798749315E0
5.046894850E0,-2.286624908E0,2.466475010E0,-1.609300017E0,3.728538453E0
5.049399466E0,-2.472249985E0,2.204950094E0,-1.705824971E0,3.726078869E0
5.051904081E0,-2.644537449E0,1.987562537E0,-1.799875021E0,3.766103191E0
5.054408802E0,-2.776537418E0,1.816512465E0,-1.882925034E0,3.815007766E0
5.056913649E0,-2.865637541E0,1.707749963E0,-1.950162530E0,3.864119867E0
5.059418266E0,-2.919399977E0,1.677224994E0,-2.001450062E0,3.916858723E0
5.061923879E0,-2.951162577E0,1.730987549E0,-2.046687603E0,3.986804308E0
5.064427497E0,-2.972062588E0,1.856799960E0,-2.084500074E0,4.077499562E0
5.066932110E0,-2.991587400E0,2.037612438E0,-2.122449875E0,4.195980588E0
5.069436725E0,-3.018399954E0,2.246474981E0,-2.161499977E0,4.339293753E0
5.071941649E0,-3.058687449E0,2.467712402E0,-2.196974993E0,4.502429625E0
5.074446266E0,-3.108875036E0,2.685100079E0,-2.228737593E0,4.673557283E0
5.076950876E0,-3.171162367E0,2.885437489E0,-2.256787539E0,4.845111996E0
5.079455492E0,-3.234687567E0,3.069962502E0,-2.278787374E0,5.008068022E0
5.081961336E0,-3.309212446E0,3.193300009E0,-2.294600010E0,5.139381399E0
5.084464799E0,-3.383737564E0,3.275249958E0,-2.299550056E0,5.240693909E0
5.086969639E0,-3.453312397E0,3.331350088E0,-2.303262472E0,5.322431581E0
5.089474254E0,-3.519312382E0,3.386349916E0,-2.313024998E0,5.403980943E0
5.091978869E0,-3.570600033E0,3.452349901E0,-2.330075026E0,5.486087318E0
5.094483485E0,-3.602362394E0,3.513400078E0,-2.355787516E0,5.556143424E0
5.096988196E0,-3.614599943E0,3.570874929E0,-2.382600069E0,5.611885922E0
5.099492737E0,-3.608550072E0,3.625874996E0,-2.418075085E0,5.658240912E0
5.101998350E0,-3.593837500E0,3.669874907E0,-2.451075077E0,5.691345960E0
5.104501967E0,-3.571837425E0,3.684449911E0,-2.477887392E0,5.698519077E0
5.107006647E0,-3.548599958E0,3.664925098E0,-2.507312536E0,5.684263699E0
5.109511493E0,-3.530312538E0,3.611162424E0,-2.542649984E0,5.654084330E0
5.112016110E0,-3.507075071E0,3.515874863E0,-2.592700005E0,5.602057204E0
5.114520801E0,-3.481499910E0,3.360774994E0,-2.657462597E0,5.520666413E0
5.117025341E0,-3.452075005E0,3.168962479E0,-2.725937366E0,5.421243359E0
5.119529954E0,-3.416737556E0,2.946624994E0,-2.794412374E0,5.307111729E0
5.122035801E0,-3.367787600E0,2.702149868E0,-2.855462551E0,5.176608311E0
5.124539264E0,-3.293262482E0,2.455475092E0,-2.912800074E0,5.035805791E0
5.127044104E0,-3.201687574E0,2.211137533E0,-2.983749866E0,4.903335169E0
5.129548720E0,-3.095400095E0,1.988800049E0,-3.059512377E0,4.785127309E0
5.132053412E0,-2.982924938E0,1.803037524E0,-3.129087448E0,4.684012570E0
5.134558029E0,-2.871824980E0,1.655225039E0,-3.187799931E0,4.598827790E0
5.137062873E0,-2.770349979E0,1.552649975E0,-3.235374928E0,4.533565029E0
5.139567274E0,-2.669012547E0,1.471937537E0,-3.265899897E0,4.467250857E0
5.142073041E0,-2.572487593E0,1.418174982E0,-3.269612551E0,4.395370169E0
5.144576736E0,-2.484487534E0,1.381600022E0,-3.250087500E0,4.317935349E0
5.147081349E0,-2.408725023E0,1.357125044E0,-3.209662437E0,4.236233892E0
5.149585964E0,-2.339149952E0,1.341174960E0,-3.159612417E0,4.153736077E0
5.152090657E0,-2.279337406E0,1.309412479E0,-3.110800028E0,4.072716153E0
5.154595274E0,-2.216912508E0,1.269124985E0,-3.042325020E0,3.972545887E0
5.157100118E0,-2.151050091E0,1.209312439E0,-2.955562592E0,3.850299118E0
5.159604736E0,-2.080100060E0,1.131075025E0,-2.854224920E0,3.708469612E0
5.162110263E0,-1.992237449E0,1.045549989E0,-2.735699892E0,3.542067014E0
5.164613957E0,-1.874949932E0,9.637374878E-1,-2.603699923E0,3.350146337E0
5.167118648E0,-1.727137446E0,8.806874752E-1,-2.463312387E0,3.134728394E0
5.169623263E0,-1.562137485E0,7.902125120E-1,-2.319074869E0,2.905652695E0
5.172127879E0,-1.386274934E0,6.876375079E-1,-2.177449942E0,2.671309002E0
5.174632725E0,-1.212749958E0,5.740625262E-1,-2.038162470E0,2.440167309E0
5.177137342E0,-1.044175029E0,4.603500068E-1,-1.897637486E0,2.214328713E0
5.179641958E0,-8.743624687E-1,3.590124846E-1,-1.764400005E0,2.001626106E0
5.182147571E0,-7.118374705E-1,2.697750032E-1,-1.645874977E0,1.813393387E0
5.184651265E0,-5.665000081E-1,1.867250055E-1,-1.544537544E0,1.655712751E0
5.187156104E0,-4.345000088E-1,9.019999951E-2,-1.459012508E0,1.525006163E0
5.189660722E0,-3.037374914E-1,-1.361249946E-2,-1.384487510E0,1.417479251E0
5.192165412E0,-1.742125005E-1,-1.088999957E-1,-1.317250013E0,1.333175458E0
5.194670029E0,-4.358749837E-2,-1.944250017E-1,-1.259912491E0,1.275570631E0
5.197174630E0,8.470000327E-2,-2.714250088E-1,-1.210962534E0,1.243895448E0
5.199679168E0,2.032250017E-1,-3.409999907E-1,-1.170675039E0,1.236147824E0
5.202185012E0,3.144625127E-1,-4.107125103E-1,-1.135200024E0,1.247497708E0
5.204688707E0,4.145624936E-1,-4.790500104E-1,-1.104674935E0,1.273443240E0
5.207193397E0,5.025625229E-1,-5.425750017E-1,-1.077862501E0,1.307189463E0
5.209697938E0,5.868499875E-1,-6.000499725E-1,-1.053387523E0,1.346877185E0
5.212202551E0,6.626124978E-1,-6.477624774E-1,-1.031387448E0,1.386510591E0
5.214707243E0,7.334250212E-1,-6.782875061E-1,-1.005812526E0,1.417619497E0
5.217211861E0,7.994250059E-1,-6.916249990E-1,-9.776250124E-1,1.439852820E0
5.219716491E0,8.556625247E-1,-6.892874837E-1,-9.410499930E-1,1.446668822E0
5.222222335E0,9.007624984E-1,-6.672874689E-1,-8.958125114E-1,1.434965400E0
5.224725953E0,9.314249754E-1,-6.415749788E-1,-8.505749702E-1,1.415149716E0
5.227230643E0,9.447624683E-1,-6.098124981E-1,-8.090500236E-1,1.385283128E0
5.229735243E0,9.447624683E-1,-5.780500174E-1,-7.662875056E-1,1.346816426E0
5.232239859E0,9.374749660E-1,-5.634750128E-1,-7.199500203E-1,1.309462269E0
5.234744474E0,9.081875086E-1,-5.328124762E-1,-6.795250177E-1,1.253175141E0
5.237249089E0,8.654249907E-1,-4.827624857E-1,-6.429499984E-1,1.181272506E0
5.239753936E0,8.067125082E-1,-4.302375019E-1,-6.147624850E-1,1.101736035E0
5.242259547E0,7.383750081E-1,-3.789499998E-1,-5.904250145E-1,1.018529554E0
5.244763164E0,6.638500094E-1,-3.191374838E-1,-5.757125020E-1,9.348745657E-1
5.247267855E0,5.819000006E-1,-2.446125001E-1,-5.696625113E-1,8.502695236E-1
5.249772470E0,4.963749945E-1,-1.578499973E-1,-5.720000267E-1,7.736205707E-1
5.252277316E0,4.145624936E-1,-8.084999770E-2,-5.867124796E-1,7.229317512E-1
5.254781948E0,3.265624940E-1,-1.361249946E-2,-6.074749827E-1,6.898218736E-1
5.257286638E0,2.374625057E-1,3.643750027E-2,-6.331874728E-1,6.772315031E-1
5.259791178E0,1.494625062E-1,7.672499865E-2,-6.649500132E-1,6.858456723E-1
5.262296792E0,6.393750012E-2,1.036750004E-1,-6.979500055E-1,7.084989201E-1
5.264800423E0,-2.158750035E-2,1.194875017E-1,-7.357624769E-1,7.457142252E-1
5.267305114E0,-1.021625027E-1,1.219625026E-1,-7.748125196E-1,7.909781726E-1
5.269809729E0,-1.731124967E-1,1.269125044E-1,-8.152375221E-1,8.430225014E-1
5.272314575E0,-2.304500043E-1,1.280124933E-1,-8.555250168E-1,8.952192230E-1
5.274819188E0,-2.804999948E-1,1.342000067E-1,-8.958125114E-1,9.482457195E-1
5.277323878E0,-3.122625053E-1,1.500124931E-1,-9.325249791E-1,9.947936756E-1
5.279828418E0,-3.257375062E-1,1.684374958E-1,-9.630500078E-1,1.030505425E0
5.282334262E0,-3.269749880E-1,1.891999990E-1,-9.911000133E-1,1.060654759E0
5.284837726E0,-3.159750104E-1,2.087250054E-1,-1.014337540E0,1.082722023E0
5.287342570E0,-3.014000058E-1,2.343000025E-1,-1.031387448E0,1.099772032E0
5.289847186E0,-2.879250050E-1,2.612499893E-1,-1.041149974E0,1.111371060E0
5.292351878E0,-2.707374990E-1,2.795374990E-1,-1.041149974E0,1.111500461E0
5.294856495E0,-2.463999987E-1,2.880625129E-1,-1.035099983E0,1.102327059E0
5.297361339E0,-2.182125002E-1,2.930124998E-1,-1.020387530E0,1.083819050E0
5.299865957E0,-1.876875013E-1,2.990624905E-1,-1.002099991E0,1.062482641E0
5.302371493E0,-1.511124969E-1,3.040125072E-1,-9.800999761E-1,1.037234088E0
5.304875188E0,-1.143999994E-1,3.088249862E-1,-9.543874860E-1,1.009611661E0
5.307379801E0,-7.535000145E-2,3.077250123E-1,-9.263374805E-1,9.790165646E-1
5.309884416E0,-3.382499889E-2,3.015374839E-1,-9.007624984E-1,9.504956934E-1
5.312389109E0,1.017499994E-2,2.967250049E-1,-8.750500083E-1,9.240464145E-1
5.314893955E0,5.541250110E-2,2.917749882E-1,-8.493375182E-1,8.997651965E-1
5.317398572E0,9.941250086E-2,2.905375063E-1,-8.225250244E-1,8.779762546E-1
5.319903160E0,1.409374923E-1,2.942500114E-1,-7.968124747E-1,8.610206535E-1
5.322408696E0,1.824624985E-1,3.015374839E-1,-7.712374926E-1,8.479532343E-1
5.324912390E0,2.215124965E-1,3.088249862E-1,-7.442874908E-1,8.357060053E-1
5.327417004E0,2.679874897E-1,3.235374987E-1,-7.125250101E-1,8.271551836E-1
5.329921686E0,3.192749918E-1,3.504875004E-1,-6.734749675E-1,8.236179576E-1
5.332426301E0,3.718000054E-1,3.797749877E-1,-6.367624998E-1,8.294159189E-1
5.334931148E0,4.109874964E-1,3.980624974E-1,-6.062374711E-1,8.335996313E-1
5.337435765E0,4.353249967E-1,4.323000014E-1,-5.904250145E-1,8.514651148E-1
5.339940385E0,4.500375092E-1,4.615874887E-1,-5.732374787E-1,8.626691002E-1
5.342446230E0,4.658499956E-1,4.615874887E-1,-5.464249849E-1,8.536155412E-1
5.344949693E0,4.793249965E-1,4.408249855E-1,-5.134249926E-1,8.292673532E-1
5.347454307E0,4.976125062E-1,4.078249931E-1,-4.718999863E-1,7.978903611E-1
5.349959153E0,5.135625005E-1,3.625875115E-1,-4.254249930E-1,7.590800815E-1
5.352463775E0,5.343250036E-1,3.113000095E-1,-3.766124845E-1,7.240496315E-1
5.354968390E0,5.611374974E-1,2.539624870E-1,-3.301374912E-1,6.988297353E-1
5.357473006E0,5.868499875E-1,1.879625022E-1,-2.946625054E-1,6.830437776E-1
5.359977696E0,6.088500023E-1,1.194875017E-1,-2.666125000E-1,6.753205265E-1
5.362483455E0,6.198499799E-1,4.619999975E-2,-2.470874935E-1,6.688801589E-1
5.364986919E0,6.186124682E-1,-3.561250120E-2,-2.348500043E-1,6.626493497E-1
5.367491532E0,6.136624813E-1,-1.273249984E-1,-2.373249978E-1,6.701615109E-1
5.369996379E0,6.186124682E-1,-2.371875048E-1,-2.470874935E-1,7.071007904E-1
5.372501083E0,6.246625185E-1,-3.519999981E-1,-2.543750107E-1,7.607982037E-1
5.375005698E0,6.333249807E-1,-4.680500031E-1,-2.617999911E-1,8.298858789E-1
5.377510314E0,6.406124830E-1,-5.609999895E-1,-2.715624869E-1,8.937849439E-1
5.380014929E0,6.528499722E-1,-6.367624998E-1,-2.800875008E-1,9.540065909E-1
5.382520696E0,6.663249731E-1,-7.233874798E-1,-2.813250124E-1,1.022947789E0
5.385024391E0,6.846125126E-1,-8.126249909E-1,-2.727999985E-1,1.097029401E0
5.387529081E0,6.931374669E-1,-9.116249681E-1,-2.580874860E-1,1.173928780E0
5.390033696E0,6.991875172E-1,-1.031387448E0,-2.385624945E-1,1.268674630E0
5.392538312E0,6.980875134E-1,-1.157199979E0,-2.238499969E-1,1.369871085E0
5.395042847E0,6.919000149E-1,-1.284250021E0,-2.165624946E-1,1.474762035E0
5.397547768E0,6.833750010E-1,-1.406350017E0,-2.201374918E-1,1.579013070E0
5.400052386E0,6.711375117E-1,-1.517587543E0,-2.323749959E-1,1.675558309E0
5.402557999E0,6.564249992E-1,-1.605587482E0,-2.470874935E-1,1.752100788E0
5.405061693E0,6.443250179E-1,-1.665400028E0,-2.666125000E-1,1.805490019E0
5.407566230E0,6.333249807E-1,-1.706925035E0,-2.910875082E-1,1.843753113E0
5.410070845E0,6.333249807E-1,-1.734974980E0,-3.143250048E-1,1.873509787E0
5.412575537E0,6.430875063E-1,-1.754637480E0,-3.338499963E-1,1.898359831E0
5.415080155E0,6.540874839E-1,-1.755737543E0,-3.558500111E-1,1.907111425E0
5.417585008E0,6.650875211E-1,-1.737450004E0,-3.814249933E-1,1.899094245E0
5.420089702E0,6.723750234E-1,-1.705687523E0,-4.021874964E-1,1.877022344E0
5.422595239E0,6.771875024E-1,-1.667874932E0,-4.241875112E-1,1.849412001E0
5.425098933E0,6.808999777E-1,-1.621399999E0,-4.486624897E-1,1.814899657E0
5.427603532E0,6.870874763E-1,-1.565162539E0,-4.767124951E-1,1.774564109E0
5.430108379E0,6.931374669E-1,-1.494349957E0,-5.061374903E-1,1.723280737E0
5.432612996E0,7.028999925E-1,-1.413774967E0,-5.366625190E-1,1.667583496E0
5.435117611E0,7.089499831E-1,-1.327012539E0,-5.684249997E-1,1.608315683E0
5.437622330E0,7.066124678E-1,-1.231724977E0,-5.989499688E-1,1.541164711E0
5.440126870E0,6.968500018E-1,-1.132725000E0,-6.294749975E-1,1.471361487E0
5.442632714E0,6.771875024E-1,-1.037437439E0,-6.612374783E-1,1.404312770E0
5.445136409E0,6.503750086E-1,-9.568625093E-1,-7.112874985E-1,1.358124964E0
5.447641017E0,6.161375046E-1,-8.749125004E-1,-7.625749707E-1,1.314008331E0
5.450145632E0,5.709000230E-1,-7.906249762E-1,-8.078125119E-1,1.266323712E0
5.452650248E0,5.208500028E-1,-7.075750232E-1,-8.470000029E-1,1.220391799E0
5.455154863E0,4.598000050E-1,-6.245250106E-1,-8.823375106E-1,1.174719973E0
5.457659465E0,3.987500072E-1,-5.389999747E-1,-9.068124890E-1,1.127755040E0
5.460164157E0,3.352249861E-1,-4.607625008E-1,-9.250999689E-1,1.086502566E0
5.462669926E0,2.692250013E-1,-3.887124956E-1,-9.312874675E-1,1.044450024E0
5.465173390E0,2.044624984E-1,-3.239499927E-1,-9.288125038E-1,1.004709499E0
5.467678229E0,1.421750039E-1,-2.689499855E-1,-9.140999913E-1,9.633932845E-1
5.470182844E0,8.222500235E-2,-2.249500006E-1,-8.908625245E-1,9.224963368E-1
5.472687460E0,2.364999987E-2,-1.931875050E-1,-8.628125191E-1,8.844920450E-1
5.475192152E0,-2.763750032E-2,-1.761374921E-1,-8.335250020E-1,8.523803004E-1
5.477696779E0,-7.782500237E-2,-1.724250019E-1,-8.102874756E-1,8.320774636E-1
5.480201624E0,-1.205874979E-1,-1.798499972E-1,-7.955750227E-1,8.245162114E-1
5.482707162E0,-1.546874940E-1,-2.066625059E-1,-7.858124971E-1,8.271268904E-1
5.485210856E0,-1.803999990E-1,-2.446125001E-1,-7.810000181E-1,8.380575536E-1
5.487715561E0,-1.974499971E-1,-2.884750068E-1,-7.797625065E-1,8.545372417E-1
5.490220176E0,-2.084500045E-1,-3.337124884E-1,-7.810000181E-1,8.745149842E-1
5.492725022E0,-2.121624947E-1,-3.667125106E-1,-7.810000181E-1,8.885111242E-1
5.495229640E0,-2.121624947E-1,-3.899500072E-1,-7.845749855E-1,9.014609476E-1
5.497734255E0,-2.084500045E-1,-4.034250081E-1,-7.858124971E-1,9.075816339E-1
5.500238959E0,-2.023999989E-1,-4.094749987E-1,-7.882875204E-1,9.110613311E-1
5.502744729E0,-1.951124966E-1,-4.057624936E-1,-7.895249724E-1,9.088794033E-1
5.505248192E0,-1.852124929E-1,-3.947624862E-1,-7.882875204E-1,9.008542074E-1
5.507752805E0,-1.766874939E-1,-3.789499998E-1,-7.834749818E-1,8.880622838E-1
5.510257648E0,-1.731124967E-1,-3.594250083E-1,-7.772874832E-1,8.736876471E-1
5.512762034E0,-1.731124967E-1,-3.398999870E-1,-7.699999809E-1,8.593019890E-1
5.515266878E0,-1.779250056E-1,-3.227125108E-1,-7.614749670E-1,8.459579172E-1
5.517771496E0,-1.852124929E-1,-3.044250011E-1,-7.504749894E-1,8.307773219E-1
5.520276091E0,-1.999250054E-1,-2.884750068E-1,-7.394750118E-1,8.185420762E-1
5.522781705E0,-2.146375030E-1,-2.739000022E-1,-7.260000110E-1,8.050878740E-1
5.525285399E0,-2.316875011E-1,-2.604250014E-1,-7.137625217E-1,7.943281544E-1
5.527790012E0,-2.487374991E-1,-2.518999875E-1,-7.027624846E-1,7.868920236E-1
5.530294858E0,-2.646875083E-1,-2.446125001E-1,-6.892874837E-1,7.778251651E-1
5.532799486E0,-2.804999948E-1,-2.457125038E-1,-6.782875061E-1,7.740341223E-1
5.535304101E0,-2.927374840E-1,-2.518999875E-1,-6.710000038E-1,7.742027146E-1
5.537808717E0,-3.001624942E-1,-2.653749883E-1,-6.612374783E-1,7.731470817E-1
5.540313332E0,-3.049750030E-1,-2.897124887E-1,-6.562874913E-1,7.795231554E-1
5.542819195E0,-3.025000095E-1,-3.154250085E-1,-6.502375007E-1,7.834589964E-1
5.545322889E0,-2.964499891E-1,-3.422375023E-1,-6.441875100E-1,7.873923114E-1
5.547827503E0,-2.829749882E-1,-3.642374873E-1,-6.380000114E-1,7.872660324E-1
5.550332195E0,-2.696374953E-1,-3.911874890E-1,-6.307125092E-1,7.896393478E-1
5.552836813E0,-2.524499893E-1,-4.229499996E-1,-6.269999743E-1,7.973372354E-1
5.555341414E0,-2.304500043E-1,-4.582875073E-1,-6.234250069E-1,8.073372177E-1
5.557846258E0,-2.084500045E-1,-4.889499843E-1,-6.221874952E-1,8.183158136E-1
5.560350875E0,-1.791625023E-1,-5.157625079E-1,-6.221874952E-1,8.277846616E-1
5.562856489E0,-1.473999918E-1,-5.414749980E-1,-6.209499836E-1,8.369592661E-1
5.565360091E0,-1.131625026E-1,-5.645750165E-1,-6.234250069E-1,8.486515424E-1
5.567864705E0,-7.535000145E-2,-5.805249810E-1,-6.282374859E-1,8.587020525E-1
5.570369397E0,-3.739999980E-2,-5.927624702E-1,-6.294749975E-1,8.654506795E-1
5.572874012E0,4.124999978E-4,-6.000499725E-1,-6.307125092E-1,8.705506355E-1
5.575378859E0,3.836249933E-2,-6.000499725E-1,-6.319500208E-1,8.722915107E-1
5.577883467E0,7.246249914E-2,-5.988125205E-1,-6.294749975E-1,8.718176535E-1
5.580388082E0,1.018875018E-1,-5.915250182E-1,-6.257625222E-1,8.670995585E-1
5.582893619E0,1.274625063E-1,-5.817624927E-1,-6.197124720E-1,8.594985959E-1
5.585397313E0,1.494625062E-1,-5.682874918E-1,-6.099500060E-1,8.469526102E-1
5.587901926E0,1.665125042E-1,-5.585250258E-1,-6.001874804E-1,8.366012373E-1
5.590406619E0,1.787499934E-1,-5.450500250E-1,-5.904250145E-1,8.231845405E-1
5.592911234E0,1.909874976E-1,-5.317124724E-1,-5.794249773E-1,8.092760233E-1
5.595416080E0,2.044624984E-1,-5.145249963E-1,-5.671874881E-1,7.926175192E-1
5.597920712E0,2.129874974E-1,-5.047624707E-1,-5.561875105E-1,7.807005654E-1
5.600425327E0,2.142249942E-1,-4.974749982E-1,-5.476624966E-1,7.702648455E-1
5.602930941E0,2.092749923E-1,-4.877125025E-1,-5.402374864E-1,7.573084241E-1
5.605434635E0,2.032250017E-1,-4.827624857E-1,-5.354250073E-1,7.490260059E-1
5.607939479E0,1.934625059E-1,-4.729999900E-1,-5.354250073E-1,7.401598950E-1
5.610444048E0,1.799875051E-1,-4.607625008E-1,-5.341874957E-1,7.280479824E-1
5.612948664E0,1.629374921E-1,-4.437125027E-1,-5.317124724E-1,7.114404857E-1
5.615453354E0,1.434125006E-1,-4.229499996E-1,-5.268999934E-1,6.907079343E-1
5.617957971E0,1.176999956E-1,-4.082374871E-1,-5.256624818E-1,6.758936156E-1
5.620462500E0,8.841250092E-2,-3.924250007E-1,-5.256624818E-1,6.619178168E-1
5.622968344E0,5.541250110E-2,-3.777124882E-1,-5.256624818E-1,6.496601525E-1
5.625472038E0,2.612499893E-2,-3.654749990E-1,-5.268999934E-1,6.417772928E-1
5.627976652E0,-4.399999976E-3,-3.544749916E-1,-5.281375051E-1,6.360826235E-1
5.630481344E0,-3.506249934E-2,-3.459500074E-1,-5.304750204E-1,6.342826923E-1
5.632985900E0,-5.816249922E-2,-3.349500000E-1,-5.329499841E-1,6.321471857E-1
5.635490590E0,-7.892499864E-2,-3.251875043E-1,-5.354250073E-1,6.313921181E-1
5.637995436E0,-9.968750179E-2,-3.202374876E-1,-5.378999710E-1,6.338974880E-1
5.640499823E0,-1.156374961E-1,-3.166624904E-1,-5.391374826E-1,6.358587803E-1
5.643005595E0,-1.241625026E-1,-3.154250085E-1,-5.414749980E-1,6.388305225E-1
5.645509289E0,-1.291124970E-1,-3.141874969E-1,-5.451874733E-1,6.423497498E-1
5.648013903E0,-1.291124970E-1,-3.141874969E-1,-5.464249849E-1,6.434004074E-1
5.650518518E0,-1.229249984E-1,-3.154250085E-1,-5.464249849E-1,6.427937114E-1
5.653023119E0,-1.095874980E-1,-3.166624904E-1,-5.451874733E-1,6.399327571E-1
5.655527812E0,-9.239999950E-2,-3.202374876E-1,-5.427125096E-1,6.368882763E-1
5.658032429E0,-7.287500054E-2,-3.264249861E-1,-5.391374826E-1,6.344550910E-1
5.660537273E0,-5.211250111E-2,-3.299999833E-1,-5.354250073E-1,6.311066790E-1
5.663042903E0,-3.135000169E-2,-3.386625051E-1,-5.292375088E-1,6.291005132E-1
5.665546597E0,-1.058750041E-2,-3.459500074E-1,-5.231875181E-1,6.273106742E-1
5.668051133E0,4.124999978E-3,-3.569499850E-1,-5.146625042E-1,6.263447938E-1
5.670556057E0,1.869999990E-2,-3.642374873E-1,-5.073750019E-1,6.248584077E-1
5.673060674E0,2.969999984E-2,-3.716624975E-1,-5.011875033E-1,6.246631217E-1
5.675565275E0,4.069999978E-2,-3.777124882E-1,-4.963749945E-1,6.250690753E-1
5.678069966E0,4.441250116E-2,-3.826625049E-1,-4.939000010E-1,6.263707161E-1
5.680574506E0,4.564999789E-2,-3.789499998E-1,-4.926624894E-1,6.232201482E-1
5.683080119E0,4.441250116E-2,-3.727625012E-1,-4.939000010E-1,6.203721171E-1
5.685583833E0,2.241249941E-2,-3.519999981E-1,-4.939000010E-1,6.069131155E-1
5.688088369E0,-6.187500060E-2,-2.799499929E-1,-5.011875033E-1,5.773988463E-1
5.690593292E0,-1.766874939E-1,-1.809500009E-1,-5.292375088E-1,5.865609210E-1
5.693097910E0,-2.756874859E-1,-1.016125008E-1,-5.609999895E-1,6.332848320E-1
5.695602525E0,-3.489750028E-1,-4.784999788E-2,-5.842375159E-1,6.822071898E-1
5.698107155E0,-4.100250006E-1,-2.612499986E-3,-5.989499688E-1,7.258570048E-1
5.700611845E0,-4.613125026E-1,4.619999975E-2,-6.099500060E-1,7.661479458E-1
5.703117614E0,-5.065500140E-1,9.872499853E-2,-6.172375083E-1,8.045630390E-1
5.705621078E0,-5.407875180E-1,1.549624950E-1,-6.245250106E-1,8.405331661E-1
5.708125927E0,-5.677375197E-1,2.184875011E-1,-6.319500208E-1,8.771678906E-1
5.710630542E0,-5.835499763E-1,2.637250125E-1,-6.319500208E-1,8.996901055E-1
5.713135234E0,-5.872625113E-1,2.905375063E-1,-6.221874952E-1,9.035522004E-1
5.715639852E0,-5.810750127E-1,3.125374913E-1,-6.062374711E-1,8.960199357E-1
5.718144453E0,-5.725499988E-1,3.222999871E-1,-5.867124796E-1,8.808645279E-1
5.720649297E0,-5.567374825E-1,3.284874856E-1,-5.659499764E-1,8.591623994E-1
5.723154836E0,-5.322625041E-1,3.320625126E-1,-5.451874733E-1,8.311427474E-1
5.725658530E0,-5.053125024E-1,3.308250010E-1,-5.256624818E-1,8.006915455E-1
5.728163144E0,-4.747875035E-1,3.235374987E-1,-5.109499693E-1,7.688755151E-1
5.730667850E0,-4.382124841E-1,3.210625052E-1,-4.939000010E-1,7.341992404E-1
5.733172465E0,-3.954499960E-1,3.113000095E-1,-4.767124951E-1,6.932122317E-1
5.735677081E0,-3.539249897E-1,2.905375063E-1,-4.571875036E-1,6.470667310E-1
5.738181927E0,-3.111625016E-1,2.527250051E-1,-4.437125027E-1,5.979739256E-1
5.740686341E0,-2.622124851E-1,2.025374919E-1,-4.328500032E-1,5.451017779E-1
5.743192186E0,-2.096875012E-1,1.414874941E-1,-4.206124842E-1,4.908181140E-1
5.745695803E0,-1.534499973E-1,7.315000147E-2,-4.083749950E-1,4.423437136E-1
5.748200493E0,-9.487500042E-2,-2.612499986E-3,-3.973749876E-1,4.085522875E-1
5.750705104E0,-3.987500072E-2,-7.961250097E-2,-3.876124918E-1,3.977079454E-1
5.753209719E0,7.699999958E-3,-1.553750038E-1,-3.778499961E-1,4.086212199E-1
5.755714335E0,4.317500070E-2,-2.226125002E-1,-3.619000018E-1,4.270737843E-1
5.758219181E0,6.393750012E-2,-2.774749994E-1,-3.521375060E-1,4.528589210E-1
5.760723808E0,6.888750196E-2,-3.154250085E-1,-3.484250009E-1,4.750141105E-1
5.763229421E0,6.764999777E-2,-3.484250009E-1,-3.473249972E-1,4.965995944E-1
5.765733039E0,6.022499874E-2,-3.667125106E-1,-3.521375060E-1,5.119628297E-1
5.768237729E0,4.812499881E-2,-3.789499998E-1,-3.570874929E-1,5.229059146E-1
5.770742340E0,3.836249933E-2,-3.826625049E-1,-3.643749952E-1,5.297843063E-1
5.773246955E0,2.612499893E-2,-3.764750063E-1,-3.691875041E-1,5.279349952E-1
5.775751801E0,2.117500082E-2,-3.654749990E-1,-3.716624975E-1,5.216832062E-1
5.778256418E0,1.388750039E-2,-3.519999981E-1,-3.704249859E-1,5.111863960E-1
5.780761038E0,1.017499994E-2,-3.361875117E-1,-3.656125069E-1,4.967877603E-1
5.783266882E0,1.141249947E-2,-3.214749992E-1,-3.583250046E-1,4.815321683E-1
5.783266882E0,6.626124978E-1,6.131125093E-1,1.205874979E-1,9.107708910E-1
5.785771499E0,6.931374669E-1,6.191624999E-1,1.315875053E-1,9.386783373E-1
5.788277113E0,7.224249840E-1,6.118749976E-1,1.475374997E-1,9.581524847E-1
5.790780730E0,7.529500127E-1,5.996375084E-1,1.670625061E-1,9.769384546E-1
5.793285343E0,7.799000144E-1,5.813499689E-1,1.915374994E-1,9.914123423E-1
5.795790035E0,8.043749928E-1,5.715875030E-1,2.208250016E-1,1.011184990E0
5.798294650E0,8.299499750E-1,5.703499913E-1,2.550624907E-1,1.038832493E0
5.800799266E0,8.519499898E-1,5.703499913E-1,2.916375101E-1,1.065912912E0
5.803304122E0,8.788999915E-1,5.666375160E-1,3.308250010E-1,1.096808302E0
5.805808739E0,9.032375216E-1,5.654000044E-1,3.698749840E-1,1.127972823E0
5.808314353E0,9.252374768E-1,5.666375160E-1,4.089249969E-1,1.159466307E0
5.810818047E0,9.424250126E-1,5.691124797E-1,4.456374943E-1,1.187706485E0
5.813322660E0,9.545249939E-1,5.715875030E-1,4.822124839E-1,1.212583654E0
5.815827199E0,9.631875157E-1,5.751624703E-1,5.176874995E-1,1.235533247E0
5.818332122E0,9.679999948E-1,5.850625038E-1,5.482124686E-1,1.256924434E0
5.820836739E0,9.692375064E-1,6.021124721E-1,5.787374973E-1,1.279413093E0
5.823341369E0,9.655249715E-1,6.204000115E-1,6.056874990E-1,1.297687170E0
5.825845984E0,9.607124925E-1,6.448749900E-1,6.312624812E-1,1.318076085E0
5.828351597E0,9.534249902E-1,6.754000187E-1,6.545000076E-1,1.339236595E0
5.830855215E0,9.411875010E-1,7.084000111E-1,6.777374744E-1,1.359041049E0
5.833359804E0,9.325249791E-1,7.414000034E-1,7.045499682E-1,1.384076392E0
5.835864420E0,9.191874862E-1,7.731624842E-1,7.277874947E-1,1.404407526E0
5.838369112E0,9.020000100E-1,8.024500012E-1,7.462124825E-1,1.419282597E0
5.840873729E0,8.824750185E-1,8.329749703E-1,7.620249987E-1,1.432931107E0
5.843378330E0,8.604750037E-1,8.599249721E-1,7.754999995E-1,1.442667127E0
5.845883174E0,8.361374736E-1,8.879749775E-1,7.815499902E-1,1.448601333E0
5.848388712E0,8.079500198E-1,9.185000062E-1,7.827875018E-1,1.452302231E0
5.850892407E0,7.799000144E-1,9.527375102E-1,7.790749669E-1,1.457021139E0
5.853397006E0,7.541875243E-1,9.917874932E-1,7.754999995E-1,1.467597187E0
5.855901621E0,7.224249840E-1,1.034549952E0,7.693125010E-1,1.477847483E0
5.858406314E0,6.956124902E-1,1.082262516E0,7.632625103E-1,1.495907266E0
5.860910931E0,6.674249768E-1,1.132312536E0,7.534999847E-1,1.515041256E0
5.863415775E0,6.406124830E-1,1.183599949E0,7.437375188E-1,1.537673141E0
5.865920147E0,6.136624813E-1,1.236124992E0,7.363125086E-1,1.564206747E0
5.868425914E0,5.905625224E-1,1.282600045E0,7.314999700E-1,1.590257581E0
5.870929609E0,5.611374974E-1,1.322887540E0,7.265499830E-1,1.610211667E0
5.873434222E0,5.368000269E-1,1.355887532E0,7.229750156E-1,1.627660328E0
5.875938823E0,5.098500252E-1,1.370599985E0,7.242124677E-1,1.631862453E0
5.878443516E0,4.855124950E-1,1.362074971E0,7.314999700E-1,1.620513134E0
5.880948133E0,4.573250115E-1,1.340075016E0,7.412624955E-1,1.598254455E0
5.883452748E0,4.292750061E-1,1.318074942E0,7.522624731E-1,1.577180209E0
5.885957393E0,3.987500072E-1,1.293599963E0,7.669749856E-1,1.555844806E0
5.888463160E0,3.669874966E-1,1.263074994E0,7.827875018E-1,1.530619004E0
5.890966624E0,3.364624977E-1,1.224025011E0,8.035500050E-1,1.502377067E0
5.893471468E0,3.082749844E-1,1.193362474E0,8.267874718E-1,1.484158005E0
5.895976083E0,2.765125036E-1,1.172600031E0,8.475499749E-1,1.473021031E0
5.898480685E0,2.435124964E-1,1.156787515E0,8.683124781E-1,1.466772733E0
5.900985300E0,2.117500007E-1,1.149500012E0,8.890749812E-1,1.468551212E0
5.903489915E0,1.787499934E-1,1.149500012E0,9.050250053E-1,1.473896909E0
5.905994608E0,1.457500011E-1,1.148262501E0,9.183624983E-1,1.477545096E0
5.908500367E0,1.116499975E-1,1.127499938E0,9.293624759E-1,1.465413404E0
5.911003830E0,7.741250098E-2,1.090787530E0,9.330750108E-1,1.437511428E0
5.913508675E0,3.836249933E-2,1.057787538E0,9.293624759E-1,1.408581119E0
5.916013290E0,-8.249999955E-4,1.039499998E0,9.183624983E-1,1.387065465E0
5.918517905E0,-4.235000163E-2,1.028499961E0,9.000750184E-1,1.367384632E0
5.921022512E0,-7.892499864E-2,1.006500006E0,8.780750036E-1,1.338016117E0
5.923527204E0,-1.156374961E-1,9.710249901E-1,8.548374772E-1,1.298848981E0
5.926031821E0,-1.449249983E-1,9.307374954E-1,8.305000067E-1,1.255788916E0
5.928537589E0,-1.754499972E-1,8.892124891E-1,8.035500050E-1,1.211269649E0
5.931041283E0,-2.048749924E-1,8.391624689E-1,7.767375112E-1,1.161674900E0
5.933545670E0,-2.329249978E-1,7.841625214E-1,7.534999847E-1,1.112172263E0
5.936050285E0,-2.646875083E-1,7.401624918E-1,7.314999700E-1,1.073774742E0
5.938555131E0,-3.001624942E-1,7.034500241E-1,7.119749784E-1,1.044915226E0
5.941059749E0,-3.331624866E-1,6.839249730E-1,6.924499869E-1,1.028706759E0
5.943564439E0,-3.709749877E-1,6.924499869E-1,6.740249991E-1,1.035093776E0
5.946069032E0,-4.076874852E-1,7.266874909E-1,6.569749713E-1,1.061084308E0
5.948574569E0,-4.454999864E-1,7.756375074E-1,6.349750161E-1,1.096939858E0
5.951078186E0,-4.797374904E-1,8.294000030E-1,6.092625260E-1,1.135452883E0
5.953582876E0,-5.139750242E-1,8.794500232E-1,5.774999857E-1,1.170943595E0
5.956087492E0,-5.457375050E-1,9.234499931E-1,5.421624780E-1,1.201885796E0
5.958592107E0,-5.737875104E-1,9.576874971E-1,5.079249740E-1,1.226533827E0
5.961096953E0,-5.982624888E-1,9.807875156E-1,4.749250114E-1,1.243147587E0
5.963601571E0,-6.190249920E-1,9.954999685E-1,4.456374943E-1,1.254115188E0
5.966106186E0,-6.397874951E-1,1.004024982E0,4.211624861E-1,1.262842842E0
5.968611786E0,-6.556000113E-1,1.010212541E0,3.991625011E-1,1.268728282E0
5.971115480E0,-6.678375006E-1,1.013787508E0,3.808749914E-1,1.272335568E0
5.973620093E0,-6.751250029E-1,1.015025020E0,3.661625087E-1,1.272848987E0
5.976124709E0,-6.800749898E-1,1.004024982E0,3.576374948E-1,1.264307215E0
5.978629309E0,-6.837875247E-1,9.844999909E-1,3.515875041E-1,1.249167476E0
5.981133924E0,-6.861249804E-1,9.552124739E-1,3.491125107E-1,1.226816166E0
5.983638771E0,-6.886000037E-1,9.172624946E-1,3.515875041E-1,1.199647541E0
5.986143388E0,-6.910749674E-1,8.721625209E-1,3.551625013E-1,1.168072119E0
5.988649001E0,-6.873624921E-1,8.269249797E-1,3.613499999E-1,1.134392322E0
5.991152605E0,-6.825500131E-1,7.866374850E-1,3.686375022E-1,1.104792587E0
5.993657295E0,-6.690750122E-1,7.462124825E-1,3.711124957E-1,1.068746427E0
5.996161834E0,-6.520249844E-1,7.133499980E-1,3.735874891E-1,1.036133395E0
5.998666757E0,-6.312624812E-1,6.791124940E-1,3.711124957E-1,9.987044528E-1
6.001171374E0,-6.067875028E-1,6.485875249E-1,3.649249971E-1,9.602224245E-1
6.003675989E0,-5.860249996E-1,6.278250217E-1,3.551625013E-1,9.293707336E-1
6.006180605E0,-5.640249848E-1,6.131125093E-1,3.429250121E-1,9.009043770E-1
6.008686141E0,-5.407875180E-1,6.081625223E-1,3.271124959E-1,8.771062525E-1
6.011189836E0,-5.187875032E-1,6.021124721E-1,3.063499928E-1,8.517806176E-1
6.013694444E0,-4.955500066E-1,5.996375084E-1,2.843500078E-1,8.282450588E-1
6.016199136E0,-4.723125100E-1,5.960624814E-1,2.598749995E-1,8.036819049E-1
6.018703677E0,-4.467374980E-1,5.850625038E-1,2.343000025E-1,7.725082632E-1
6.021208367E0,-4.235000014E-1,5.715875030E-1,2.085874975E-1,7.413320908E-1
6.023712984E0,-4.002625048E-1,5.605875254E-1,1.830125004E-1,7.127145443E-1
6.026217834E0,-3.759250045E-1,5.605875254E-1,1.610125005E-1,6.939041778E-1
6.028723449E0,-3.550249934E-1,5.643000007E-1,1.402499974E-1,6.812835669E-1
6.031227143E0,-3.319250047E-1,5.740625262E-1,1.243000031E-1,6.746647193E-1
6.033731757E0,-3.049750030E-1,5.874000192E-1,1.095874980E-1,6.708635887E-1
6.036236372E0,-2.793999910E-1,6.045874953E-1,9.748750180E-2,6.731227284E-1
6.038740927E0,-2.524499893E-1,6.278250217E-1,9.006249905E-2,6.826466940E-1
6.041245617E0,-2.256374955E-1,6.448749900E-1,8.277499676E-2,6.882061698E-1
6.043750234E0,-1.962125003E-1,6.705874801E-1,7.906249911E-2,7.031627070E-1
6.046255078E0,-1.718750000E-1,6.949250102E-1,7.906249911E-2,7.202170952E-1
6.048760603E0,-1.461624950E-1,7.169250250E-1,8.030000329E-2,7.360659325E-1
6.051264297E0,-1.241625026E-1,7.376874685E-1,8.524999768E-2,7.529054990E-1
6.053768911E0,-9.968750179E-2,7.548750043E-1,9.501250088E-2,7.673338553E-1
6.056273526E0,-7.658749819E-2,7.719249725E-1,1.072499976E-1,7.830941004E-1
6.058778218E0,-5.087500066E-2,7.804499865E-1,1.255374998E-1,7.921174855E-1
6.061282835E0,-2.639999986E-2,7.816874981E-1,1.463000029E-1,7.956984325E-1
6.063787679E0,-2.062499989E-3,7.804499865E-1,1.707749963E-1,7.989183529E-1
6.066292065E0,2.241249941E-2,7.804499865E-1,1.963499933E-1,8.050824935E-1
6.068797833E0,4.193750024E-2,7.756375074E-1,2.232999951E-1,8.082296608E-1
6.071301513E0,6.641250104E-2,7.682124972E-1,2.525874972E-1,8.113947898E-1
6.073806126E0,8.717499673E-2,7.511624694E-1,2.793999910E-1,8.061692691E-1
6.076310742E0,1.116499975E-1,7.254499793E-1,3.075875044E-1,7.958350754E-1
6.078815357E0,1.347499937E-1,6.949250102E-1,3.381125033E-1,7.844733236E-1
6.081320049E0,1.616999954E-1,6.521624923E-1,3.638249934E-1,7.640886275E-1
6.083824896E0,1.897500008E-1,6.131125093E-1,3.881624937E-1,7.500547536E-1
6.086329282E0,2.154625058E-1,5.763999820E-1,4.076874852E-1,7.381531794E-1
6.088835049E0,2.422749996E-1,5.433999896E-1,4.223999977E-1,7.296591548E-1
6.091338513E0,2.679874897E-1,5.190625191E-1,4.358749986E-1,7.288554093E-1
6.093843116E0,2.899875045E-1,4.970625043E-1,4.444000125E-1,7.270868291E-1
6.096347732E0,3.082749844E-1,4.897750020E-1,4.492124915E-1,7.326014477E-1
6.098852578E0,3.254624903E-1,4.933499992E-1,4.481124878E-1,7.417040218E-1
6.101357195E0,3.437500000E-1,5.068249702E-1,4.419249892E-1,7.552041506E-1
6.103861816E0,3.607999980E-1,5.288249850E-1,4.296875000E-1,7.710148189E-1
6.106366431E0,3.767499924E-1,5.520625114E-1,4.138749838E-1,7.861336245E-1
6.108872045E0,3.950375021E-1,5.728250146E-1,3.979249895E-1,8.015780827E-1
6.111375739E0,4.085125029E-1,5.874000192E-1,3.808749914E-1,8.105473500E-1
6.113880338E0,4.268000126E-1,5.960624814E-1,3.673999906E-1,8.200191983E-1
6.116384954E0,4.487999976E-1,5.740625262E-1,3.625875115E-1,8.139035111E-1
6.118889800E0,4.720374942E-1,5.336375237E-1,3.698749840E-1,8.027427398E-1
6.121394494E0,4.866124988E-1,5.226374865E-1,3.833499849E-1,8.104929840E-1
6.123899110E0,4.927999973E-1,5.325375199E-1,4.064500034E-1,8.316547678E-1
6.126403662E0,5.025625229E-1,5.373499990E-1,4.296875000E-1,8.520243297E-1
6.128909275E0,5.098500252E-1,5.165874958E-1,4.444000125E-1,8.510587877E-1
6.131413200E0,5.220875144E-1,4.628250003E-1,4.516874850E-1,8.311461590E-1
6.133917814E0,5.306124687E-1,3.907749951E-1,4.602124989E-1,8.037725007E-1
6.136422429E0,5.257999897E-1,3.590124846E-1,4.626874924E-1,7.870421265E-1
6.138927055E0,5.062749982E-1,3.785375059E-1,4.602124989E-1,7.819210710E-1
6.141431747E0,4.817999899E-1,4.175874889E-1,4.481124878E-1,7.793043968E-1
6.143936287E0,4.610374868E-1,4.640625119E-1,4.223999977E-1,7.786728050E-1
6.146440901E0,4.438500106E-1,5.080624819E-1,3.821125031E-1,7.753323690E-1
6.148946516E0,4.255625010E-1,5.520625114E-1,3.331624866E-1,7.725760165E-1
6.151450148E0,4.097499847E-1,5.960624814E-1,2.770625055E-1,7.745638538E-1
6.153954838E0,3.937999904E-1,6.375874877E-1,2.123000026E-1,7.788886493E-1
6.156459453E0,3.790875077E-1,6.705874801E-1,1.450625062E-1,7.838609811E-1
6.158964069E0,3.657499850E-1,6.973999739E-1,7.424999774E-2,7.909821978E-1
6.161468901E0,3.535124958E-1,7.133499980E-1,5.774999969E-3,7.961611991E-1
6.163973518E0,3.462249935E-1,7.133499980E-1,-6.256250292E-2,7.953955195E-1
6.166478134E0,3.437500000E-1,6.924499869E-1,-1.237500012E-1,7.829208834E-1
6.168983747E0,3.437500000E-1,6.546375155E-1,-1.786125004E-1,7.606686299E-1
6.171487378E0,3.462249935E-1,6.008750200E-1,-2.275625020E-1,7.298679525E-1
6.173992069E0,3.510375023E-1,5.336375237E-1,-2.715624869E-1,6.940767385E-1
6.176496684E0,3.547500074E-1,4.628250003E-1,-3.093749881E-1,6.601268301E-1
6.179001530E0,3.547500074E-1,3.932499886E-1,-3.386625051E-1,6.286377444E-1
6.181506143E0,3.547500074E-1,3.297249973E-1,-3.631374836E-1,6.053387263E-1
6.184010758E0,3.510375023E-1,2.759625018E-1,-3.888500035E-1,5.921038385E-1
6.186515373E0,3.473249972E-1,2.355374992E-1,-4.131875038E-1,5.889282473E-1
6.189020987E0,3.400374949E-1,1.989624947E-1,-4.351874888E-1,5.870261686E-1
6.191524681E0,3.315125108E-1,1.709125042E-1,-4.523749948E-1,5.863060334E-1
6.194029319E0,3.205125034E-1,1.414874941E-1,-4.646124840E-1,5.819035453E-1
6.196533934E0,3.057999909E-1,1.109625027E-1,-4.743750095E-1,5.752025392E-1
6.199038549E0,2.912249863E-1,7.919999957E-2,-4.791874886E-1,5.663084687E-1
6.201543165E0,2.727999985E-1,4.743750021E-2,-4.816625118E-1,5.555798151E-1
6.204048016E0,2.557500005E-1,1.691249944E-2,-4.804250002E-1,5.445202257E-1
6.206552402E0,2.362249941E-1,-7.562499959E-3,-4.791874886E-1,5.343033674E-1
6.209058170E0,2.167000026E-1,-2.584999986E-2,-4.756124914E-1,5.232918455E-1
6.211561864E0,2.007499933E-1,-3.313750029E-2,-4.706625044E-1,5.127590534E-1
6.214066487E0,1.849374920E-1,-3.684999794E-2,-4.633750021E-1,5.002761147E-1
6.216571103E0,1.689874977E-1,-3.561250120E-2,-4.536125064E-1,4.853754532E-1
6.219075718E0,1.494625062E-1,-2.584999986E-2,-4.426124990E-1,4.678814887E-1
6.221580411E0,1.287000030E-1,-1.608750038E-2,-4.266625047E-1,4.459410178E-1
6.224085033E0,1.091749966E-1,-3.849999979E-3,-4.046624899E-1,4.191488198E-1
6.226589648E0,8.964999765E-2,8.387500420E-3,-3.790875077E-1,3.896342012E-1
6.229095416E0,7.122500241E-2,2.062499896E-2,-3.485625088E-1,3.563624757E-1
6.231599110E0,5.293750018E-2,3.162499890E-2,-3.130874932E-1,3.191023313E-1
6.234103492E0,3.464999795E-2,4.619999975E-2,-2.751374841E-1,2.811328822E-1
6.236608430E0,1.869999990E-2,6.215000153E-2,-2.373249978E-1,2.460395644E-1
6.239113047E0,2.887499984E-3,7.548750192E-2,-1.995124966E-1,2.133352688E-1
6.241617662E0,-1.429999992E-2,8.896250278E-2,-1.615625024E-1,1.849898891E-1
6.244122278E0,-3.258749843E-2,1.036750004E-1,-1.249874979E-1,1.656270672E-1
6.246627132E0,-4.716249928E-2,1.159124970E-1,-8.827500045E-2,1.531420387E-1
6.249132670E0,-6.063750014E-2,1.281500012E-1,-5.279999971E-2,1.512850594E-1
6.251636365E0,-7.411249727E-2,1.427250057E-1,-1.746249944E-2,1.617653498E-1
6.254140978E0,-8.635000139E-2,1.537249982E-1,1.677500084E-2,1.771132363E-1
6.256645593E0,-9.858749807E-2,1.684374958E-1,4.729999974E-2,2.008182630E-1
6.259150271E0,-1.058750004E-1,1.830125004E-1,7.906249911E-2,2.257298602E-1
6.261654811E0,-1.156374961E-1,1.952500045E-1,1.047749966E-1,2.499447833E-1
6.264159425E0,-1.241625026E-1,2.087250054E-1,1.292500049E-1,2.751145556E-1
6.266664117E0,-1.339250058E-1,2.135374993E-1,1.500124931E-1,2.933222100E-1
6.269169886E0,-1.424500048E-1,2.160124928E-1,1.670625061E-1,3.079988342E-1
6.271673350E0,-1.461624950E-1,2.184875011E-1,1.792999953E-1,3.181960896E-1
6.274178194E0,-1.534499973E-1,2.222000062E-1,1.890625060E-1,3.296428000E-1
6.276682809E0,-1.571625024E-1,2.257750034E-1,1.938749999E-1,3.365440832E-1
6.279187425E0,-1.583999991E-1,2.282499969E-1,1.951124966E-1,3.394959604E-1
6.281692026E0,-1.571625024E-1,2.294874936E-1,1.927749962E-1,3.384180271E-1
6.284196641E0,-1.534499973E-1,2.282499969E-1,1.890625060E-1,3.337507961E-1
6.286701257E0,-1.473999918E-1,2.245374918E-1,1.841125041E-1,3.256397656E-1
6.289207103E0,-1.413500011E-1,2.197249979E-1,1.792999953E-1,3.168712449E-1
6.291710480E0,-1.326874942E-1,2.135374993E-1,1.743499935E-1,3.059446926E-1
6.294215170E0,-1.229249984E-1,2.050125003E-1,1.707749963E-1,2.937767517E-1
6.296719785E0,-1.181124970E-1,2.001999915E-1,1.670625061E-1,2.862524751E-1
6.299224708E0,-1.083500013E-1,2.014375031E-1,1.633500010E-1,2.810694100E-1
6.301729244E0,-1.009249985E-1,2.037750036E-1,1.597750038E-1,2.779175404E-1
6.304233934E0,-9.487500042E-2,2.147749960E-1,1.572999954E-1,2.826178572E-1
6.306738552E0,-8.882500231E-2,2.245374918E-1,1.560624987E-1,2.875108168E-1
6.309244088E0,-8.016250283E-2,2.367749959E-1,1.585374922E-1,2.960110842E-1
6.311747696E0,-7.411249727E-2,2.502500117E-1,1.610125005E-1,3.066639136E-1
6.314252387E0,-6.311249733E-2,2.637250125E-1,1.670625061E-1,3.185026695E-1
6.316757002E0,-5.582499877E-2,2.844874859E-1,1.731124967E-1,3.376647696E-1
6.319261618E0,-4.606249928E-2,3.125374913E-1,1.817750037E-1,3.644771451E-1
6.321766459E0,-3.506249934E-2,3.297249973E-1,1.903000027E-1,3.823114486E-1
6.324271076E0,-2.158750035E-2,3.455374837E-1,1.963499933E-1,3.980144378E-1
6.326775691E0,-1.058750041E-2,3.565374911E-1,2.037750036E-1,4.107984053E-1
6.329281305E0,-8.249999955E-4,3.614875078E-1,2.135374993E-1,4.198477850E-1
6.331784922E0,1.017499994E-2,3.602499962E-1,2.245374918E-1,4.246182704E-1
6.334289618E0,1.993750036E-2,3.577750027E-1,2.343000025E-1,4.281319278E-1
6.336794233E0,2.846249938E-2,3.492499888E-1,2.488749921E-1,4.297958006E-1
6.339299079E0,3.712499887E-2,3.418250084E-1,2.635875046E-1,4.332447051E-1
6.341803696E0,4.564999789E-2,3.320625126E-1,2.806375027E-1,4.371576861E-1
6.344308312E0,5.293750018E-2,3.199625015E-1,2.990624905E-1,4.411538898E-1
6.346812922E0,6.022499874E-2,3.077250123E-1,3.173500001E-1,4.461308735E-1
6.349318766E0,6.393750012E-2,2.942500114E-1,3.343999982E-1,4.499938132E-1
6.351822230E0,6.764999777E-2,2.807750106E-1,3.515875041E-1,4.549998921E-1
6.354326766E0,7.246249914E-2,2.710124850E-1,3.661625087E-1,4.612738488E-1
6.356831507E0,7.493750006E-2,2.612499893E-1,3.771624863E-1,4.648857138E-1
6.359336122E0,7.617499679E-2,2.551999986E-1,3.845874965E-1,4.678003975E-1
6.361840968E0,7.741250098E-2,2.539624870E-1,3.881624937E-1,4.702762610E-1
6.364345586E0,7.864999771E-2,2.575374842E-1,3.845874965E-1,4.694879342E-1
6.366850201E0,7.988750190E-2,2.662000060E-1,3.759250045E-1,4.675083584E-1
6.369355714E0,7.864999771E-2,2.795374990E-1,3.601124883E-1,4.626100298E-1
6.371859408E0,7.741250098E-2,2.917749882E-1,3.418250084E-1,4.560369233E-1
6.374364021E0,7.741250098E-2,3.064875007E-1,3.173500001E-1,4.479266748E-1
6.376868637E0,7.617499679E-2,3.260124922E-1,2.903999984E-1,4.431917579E-1
6.379373329E0,7.741250098E-2,3.443000019E-1,2.598749995E-1,4.382581453E-1
6.381877946E0,7.246249914E-2,3.614875078E-1,2.281125039E-1,4.335427851E-1
6.384382562E0,7.246249914E-2,3.760625124E-1,1.951124966E-1,4.298170696E-1
6.386887406E0,7.246249914E-2,3.895374835E-1,1.658249944E-1,4.295208884E-1
6.389392944E0,7.122500241E-2,3.980624974E-1,1.390125006E-1,4.276110711E-1
6.391896629E0,7.246249914E-2,4.042499959E-1,1.157749966E-1,4.266998041E-1
6.394401242E0,7.246249914E-2,4.102999866E-1,9.748750180E-2,4.279026826E-1
6.396905857E0,7.741250098E-2,4.152500033E-1,8.401250094E-2,4.306777924E-1
6.399410473E0,8.112499863E-2,4.200625122E-1,7.424999774E-2,4.342198080E-1
6.401915160E0,8.346249908E-2,4.237749875E-1,6.448750198E-2,4.367034081E-1
6.404419701E0,9.088750184E-2,4.237749875E-1,5.706249923E-2,4.371520408E-1
6.406924391E0,9.817499667E-2,4.212999940E-1,5.348749831E-2,4.358817814E-1
6.409430160E0,1.079374999E-1,4.225375056E-1,5.101250112E-2,4.390794038E-1
6.411933854E0,1.139874980E-1,4.188250005E-1,5.224999785E-2,4.371928557E-1
6.414438454E0,1.238875017E-1,4.127750099E-1,5.472499877E-2,4.344262277E-1
6.416943069E0,1.324124932E-1,4.030124843E-1,6.201250106E-2,4.287163178E-1
6.419447762E0,1.409374923E-1,3.920125067E-1,7.053750008E-2,4.225076580E-1
6.421952379E0,1.469874978E-1,3.822500110E-1,8.153750002E-2,4.175748547E-1
6.424456984E0,1.544124931E-1,3.687750101E-1,9.377499670E-2,4.106482389E-1
6.426961600E0,1.604624987E-1,3.553000093E-1,1.095874980E-1,4.049638623E-1
6.429467367E0,1.665125042E-1,3.418250084E-1,1.255374998E-1,4.004128048E-1
6.431970831E0,1.727000028E-1,3.260124922E-1,1.413500011E-1,3.950813319E-1
6.434475675E0,1.739374995E-1,3.100624979E-1,1.585374922E-1,3.892648748E-1
6.436980075E0,1.739374995E-1,2.942500114E-1,1.731124967E-1,3.831517447E-1
6.439484919E0,1.727000028E-1,2.820124924E-1,1.853500009E-1,3.790922838E-1
6.441989537E0,1.702249944E-1,2.685374916E-1,1.927749962E-1,3.718213714E-1
6.444494152E0,1.654125005E-1,2.600125074E-1,1.963499933E-1,3.654054176E-1
6.446998843E0,1.592250019E-1,2.527250051E-1,1.938749999E-1,3.561039807E-1
6.449504627E0,1.544124931E-1,2.454375029E-1,1.890625060E-1,3.461609698E-1
6.452008090E0,1.446499974E-1,2.454375029E-1,1.792999953E-1,3.366179999E-1
6.454512935E0,1.359875053E-1,2.465374917E-1,1.658249944E-1,3.267587263E-1
6.457017550E0,1.262249947E-1,2.490125000E-1,1.523499936E-1,3.180416561E-1
6.459522174E0,1.164624989E-1,2.539624870E-1,1.340624988E-1,3.098922587E-1
6.462026790E0,1.067000031E-1,2.587749958E-1,1.145374998E-1,3.024371472E-1
6.464531405E0,9.817499667E-2,2.624875009E-1,9.501250088E-2,2.959145036E-1
6.467036020E0,9.088750184E-2,2.637250125E-1,7.782500237E-2,2.895999848E-1
6.469541867E0,7.988750190E-2,2.673000097E-1,6.077500060E-2,2.855256711E-1
6.472045330E0,7.246249914E-2,2.673000097E-1,4.606249928E-2,2.807523158E-1
6.474549944E0,6.022499874E-2,2.697750032E-1,3.506249934E-2,2.786305469E-1
6.477054559E0,5.417500064E-2,2.722499967E-1,2.901249938E-2,2.790998325E-1
6.479559405E0,5.046249926E-2,2.759625018E-1,2.529999986E-2,2.816768649E-1
6.482064014E0,4.812499881E-2,2.782999873E-1,2.653750032E-2,2.836743509E-1
6.484568704E0,4.441250116E-2,2.844874859E-1,3.148749843E-2,2.896498963E-1
6.487073244E0,4.441250116E-2,2.880625129E-1,3.753750026E-2,2.938733494E-1
6.489578781E0,4.564999789E-2,2.942500114E-1,4.482499883E-2,3.011250107E-1
6.492082489E0,4.812499881E-2,2.954874933E-1,5.224999785E-2,3.039061310E-1
6.494587102E0,5.046249926E-2,2.979624867E-1,6.201250106E-2,3.085022814E-1
6.497091795E0,5.541250110E-2,3.003000021E-1,6.929999590E-2,3.131343577E-1
6.499596410E0,5.788749829E-2,3.027749956E-1,7.548750192E-2,3.173673319E-1
6.502101256E0,6.146249920E-2,3.100624979E-1,8.030000329E-2,3.261356802E-1
6.504605879E0,6.764999777E-2,3.174875081E-1,8.030000329E-2,3.343993578E-1
6.507110494E0,7.246249914E-2,3.260124922E-1,7.906249911E-2,3.431994138E-1
6.509616031E0,7.741250098E-2,3.357749879E-1,7.548750192E-2,3.527547318E-1
6.512119725E0,8.222500235E-2,3.455374837E-1,7.053750008E-2,3.621224138E-1
6.514624357E0,8.841250092E-2,3.553000093E-1,6.324999779E-2,3.715581100E-1
6.517128973E0,9.446249902E-2,3.614875078E-1,5.348749831E-2,3.774351527E-1
6.519633588E0,1.006499976E-1,3.675374985E-1,4.372499883E-2,3.835702156E-1
6.522138511E0,1.079374999E-1,3.712500036E-1,3.382499889E-2,3.880994713E-1
6.524643134E0,1.104125008E-1,3.712500036E-1,2.172499895E-2,3.879297115E-1
6.527147749E0,1.164624989E-1,3.687750101E-1,1.196249947E-2,3.869129400E-1
6.529653285E0,1.201749966E-1,3.650625050E-1,3.299999982E-3,3.843482176E-1
6.532156980E0,1.214125007E-1,3.602499962E-1,-5.224999972E-3,3.801951548E-1
6.534661535E0,1.262249947E-1,3.517250121E-1,-1.127499994E-2,3.738587421E-1
6.537166150E0,1.262249947E-1,3.430624902E-1,-1.374999993E-2,3.658055275E-1
6.539670843E0,1.287000030E-1,3.308250010E-1,-1.498750038E-2,3.552935367E-1
6.542175689E0,1.324124932E-1,3.187249899E-1,-1.251249947E-2,3.453624910E-1
6.544680306E0,1.336500049E-1,3.052499890E-1,-1.003750041E-2,3.333776103E-1
6.547184932E0,1.347499937E-1,2.930124998E-1,-6.462499965E-3,3.225765797E-1
6.549690545E0,1.372250021E-1,2.771999836E-1,-1.512499992E-3,3.093102322E-1
6.552194239E0,1.457500011E-1,2.624875009E-1,3.299999982E-3,3.002559590E-1
6.554698853E0,1.482249945E-1,2.490125000E-1,7.012499962E-3,2.898741957E-1
6.557203472E0,1.507000029E-1,2.380124927E-1,1.196249947E-2,2.819637192E-1
6.559708088E0,1.556500047E-1,2.294874936E-1,1.553750038E-2,2.777280102E-1
6.562212628E0,1.579875052E-1,2.234375030E-1,2.296249941E-2,2.746118095E-1
6.564717241E0,1.616999954E-1,2.135374993E-1,2.901249938E-2,2.694195190E-1
6.567221934E0,1.629374921E-1,2.087250054E-1,3.753750026E-2,2.674393728E-1
6.569727699E0,1.629374921E-1,2.124374956E-1,4.853750020E-2,2.720922726E-1
6.572231393E0,1.641750038E-1,2.160124928E-1,6.201250106E-2,2.783170480E-1
6.574736007E0,1.641750038E-1,2.245374918E-1,7.548750192E-2,2.882167241E-1
6.577240622E0,1.641750038E-1,2.331999987E-1,8.758749813E-2,2.983408137E-1
6.579745314E0,1.654125005E-1,2.417249978E-1,9.858749807E-2,3.090497770E-1
6.582249864E0,1.665125042E-1,2.502500117E-1,1.072499976E-1,3.191458043E-1
6.584754477E0,1.689874977E-1,2.600125074E-1,1.157749966E-1,3.310092570E-1
6.587259093E0,1.689874977E-1,2.685374916E-1,1.218250021E-1,3.398683420E-1
6.589764939E0,1.714625061E-1,2.771999836E-1,1.255374998E-1,3.492833889E-1
6.592268633E0,1.727000028E-1,2.844874859E-1,1.292500049E-1,3.570209859E-1
6.594773247E0,1.764124930E-1,2.954874933E-1,1.328250021E-1,3.688857649E-1
6.597277862E0,1.812250018E-1,3.027749956E-1,1.352999955E-1,3.779170385E-1
6.599782554E0,1.799875051E-1,3.125374913E-1,1.377750039E-1,3.860791851E-1
6.602287172E0,1.836999953E-1,3.199625015E-1,1.401125044E-1,3.946558051E-1
6.604791781E0,1.849374920E-1,3.272500038E-1,1.401125044E-1,4.011557738E-1
6.607296320E0,1.885125041E-1,3.297249973E-1,1.390125006E-1,4.044502607E-1
6.609802164E0,1.922249943E-1,3.345375061E-1,1.365374923E-1,4.092777519E-1
6.612305627E0,1.947000027E-1,3.382500112E-1,1.328250021E-1,4.122664700E-1
6.614810471E0,1.982749999E-1,3.394874930E-1,1.255374998E-1,4.127037646E-1
6.617315087E0,2.019875050E-1,3.418250084E-1,1.193500012E-1,4.145934289E-1
6.619819702E0,2.032250017E-1,3.430624902E-1,1.157749966E-1,4.152061215E-1
6.622324318E0,2.044624984E-1,3.430624902E-1,1.120624989E-1,4.147948760E-1
6.624828915E0,2.069374919E-1,3.418250084E-1,1.072499976E-1,4.137269920E-1
6.627333607E0,2.081750035E-1,3.407250047E-1,1.047749966E-1,4.128052335E-1
6.629839146E0,2.105125040E-1,3.394874930E-1,1.035374999E-1,4.126588011E-1
6.632342840E0,2.117500007E-1,3.345375061E-1,9.982500225E-2,4.083116908E-1
6.634847453E0,2.142249942E-1,3.357749879E-1,9.858749807E-2,4.103129116E-1
6.637352305E0,2.154625058E-1,3.345375061E-1,9.858749807E-2,4.099499106E-1
6.639856922E0,2.179374993E-1,3.345375061E-1,9.858749807E-2,4.112561141E-1
6.642361537E0,2.167000026E-1,3.357749879E-1,9.982500225E-2,4.119086849E-1
6.644866153E0,2.167000026E-1,3.357749879E-1,1.035374999E-1,4.128241121E-1
6.647370781E0,2.154625058E-1,3.357749879E-1,1.060125008E-1,4.128045352E-1
6.649876395E0,2.129874974E-1,3.382500112E-1,1.108250022E-1,4.147998617E-1
6.652380012E0,2.117500007E-1,3.394874930E-1,1.170125008E-1,4.168713783E-1
6.654884702E0,2.081750035E-1,3.357749879E-1,1.255374998E-1,4.145374995E-1
6.657389333E0,2.044624984E-1,3.308250010E-1,1.328250021E-1,4.109654191E-1
6.659894179E0,1.995124966E-1,3.284874856E-1,1.401125044E-1,4.090730722E-1
6.662398796E0,1.934625059E-1,3.272500038E-1,1.487749964E-1,4.082331512E-1
6.664903412E0,1.861750036E-1,3.247750103E-1,1.572999954E-1,4.060581583E-1
6.667408017E0,1.775124967E-1,3.199625015E-1,1.645874977E-1,4.012178128E-1
6.669913553E0,1.702249944E-1,3.150124848E-1,1.718750000E-1,3.971780834E-1
6.672417248E0,1.616999954E-1,3.100624979E-1,1.780624986E-1,3.924180099E-1
6.674921861E0,1.531749964E-1,3.027749956E-1,1.828749925E-1,3.854588698E-1
6.677426472E0,1.446499974E-1,2.967250049E-1,1.865874976E-1,3.791889299E-1
6.679931164E0,1.324124932E-1,2.892999947E-1,1.903000027E-1,3.707312319E-1
6.682435781E0,1.189374998E-1,2.820124924E-1,1.890625060E-1,3.597524231E-1
6.684940397E0,1.054624990E-1,2.747249901E-1,1.865874976E-1,3.484408890E-1
6.687445241E0,8.841250092E-2,2.662000060E-1,1.817750037E-1,3.342474614E-1
6.689950833E0,7.369999588E-2,2.600125074E-1,1.755875051E-1,3.222873956E-1
6.692454451E0,5.541250110E-2,2.539624870E-1,1.658249944E-1,3.083268053E-1
6.694959064E0,3.588749841E-2,2.490125000E-1,1.548250020E-1,2.954080550E-1
6.697463679E0,1.636249945E-2,2.429624945E-1,1.425874978E-1,2.821873485E-1
6.699968367E0,-3.299999982E-3,2.319625020E-1,1.292500049E-1,2.655617745E-1
6.702472984E0,-2.639999986E-2,2.184875011E-1,1.132999957E-1,2.475290633E-1
6.704977599E0,-5.087500066E-2,2.050125003E-1,9.748750180E-2,2.326417933E-1
6.707482215E0,-7.892499864E-2,1.916749924E-1,8.030000329E-2,2.222983326E-1
6.709987997E0,-1.095874980E-1,1.782000065E-1,6.324999779E-2,2.185525663E-1
6.712491691E0,-1.436875015E-1,1.634874940E-1,4.372499883E-2,2.220048070E-1
6.714996305E0,-1.803999990E-1,1.489125043E-1,2.529999986E-2,2.352853238E-1
6.717500997E0,-2.243999988E-1,1.342000067E-1,3.299999982E-3,2.614878415E-1
6.720005614E0,-2.696374953E-1,1.219625026E-1,-1.746249944E-2,2.964526434E-1
6.722510230E0,-3.196874857E-1,1.121999994E-1,-4.179999977E-2,3.413739421E-1
6.725014845E0,-3.722124994E-1,1.049124971E-1,-6.503749639E-2,3.921462134E-1
6.727519461E0,-4.284499884E-1,1.011999995E-1,-8.827500045E-2,4.490025703E-1
6.730025228E0,-4.870249927E-1,9.748750180E-2,-1.115124971E-1,5.090502859E-1
6.732528686E0,-5.468375087E-1,9.267500043E-2,-1.310375035E-1,5.699041533E-1
6.735033531E0,-6.092625260E-1,8.896250278E-2,-1.480875015E-1,6.332811861E-1
6.737538146E0,-6.665999889E-1,7.919999957E-2,-1.615625024E-1,6.904568251E-1
6.740042761E0,-7.265499830E-1,6.338749826E-2,-1.762750000E-1,7.503104213E-1
6.742547454E0,-7.911750078E-1,3.767500073E-2,-1.958000064E-1,8.159135623E-1
6.745052071E0,-8.511250019E-1,1.086249948E-2,-2.226125002E-1,8.798227594E-1
6.747556686E0,-9.158874750E-1,-2.832499892E-2,-2.568500042E-1,9.516428411E-1
6.750062454E0,-9.366499782E-1,-1.528999954E-1,-3.216125071E-1,1.002060974E0
6.752565917E0,-9.439374804E-1,-2.884750068E-1,-4.034250081E-1,1.066296175E0
6.755070536E0,-9.611250162E-1,-3.715249896E-1,-4.914250076E-1,1.141617560E0
6.757575382E0,-9.806500077E-1,-4.644750059E-1,-5.831375122E-1,1.231852599E0
6.760079999E0,-1.008700013E0,-5.950999856E-1,-6.819999814E-1,1.355265171E0
6.762584689E0,-1.036749959E0,-7.650499940E-1,-7.932375073E-1,1.513068972E0
6.765089230E0,-1.069749951E0,-9.811999798E-1,-9.202874899E-1,1.718734250E0
6.767593933E0,-1.099174976E0,-1.232962489E0,-1.064387441E0,1.965019784E0
6.770099703E0,-1.124750018E0,-1.522400022E0,-1.221962452E0,2.252988385E0
6.772603089E0,-1.145512462E0,-1.855975032E0,-1.388200045E0,2.585331987E0
6.775107779E0,-1.165037513E0,-2.237124920E0,-1.556774974E0,2.964049364E0
6.777612641E0,-1.174800038E0,-2.674512386E0,-1.722874999E0,3.391381709E0
6.780117258E0,-1.173699975E0,-3.171712399E0,-1.875637531E0,3.867214413E0
6.782621873E0,-1.166275024E0,-3.734912395E0,-2.006400108E0,4.397204729E0
6.785126489E0,-1.146749973E0,-4.370299816E0,-2.101687431E0,4.983136165E0
6.787631090E0,-1.118700027E0,-5.082550049E0,-2.157924891E0,5.633865865E0
6.790136704E0,-1.078274965E0,-5.897375107E0,-2.178687572E0,6.378745142E0
6.792640321E0,-1.028224945E0,-6.811200142E0,-2.168787479E0,7.221726459E0
6.795145011E0,-9.659374952E-1,-7.803262234E0,-2.138262510E0,8.148380409E0
6.797649627E0,-8.974624872E-1,-8.866137505E0,-2.106499910E0,9.157028723E0
6.800154492E0,-8.193625212E-1,-9.990062714E0,-2.082162380E0,1.023758312E1
6.802658878E0,-7.350749969E-1,-1.115069962E1,-2.072400093E0,1.136544233E1
6.805163723E0,-6.520249844E-1,-1.234309959E1,-2.073499918E0,1.253302222E1
6.807668340E0,-5.713124871E-1,-1.357097530E1,-2.086975098E0,1.374238821E1
6.810173953E0,-4.894999862E-1,-1.484271240E1,-2.115162373E0,1.500065444E1
6.812677648E0,-4.197874963E-1,-1.617563820E1,-2.156687498E0,1.632417819E1
6.815182261E0,-3.684999943E-1,-1.759766197E1,-2.205499887E0,1.773915807E1
6.817686800E0,-3.392125070E-1,-1.913092422E1,-2.255549908E0,1.926641721E1
6.820191492E0,-3.441624939E-1,-2.076566315E1,-2.324024916E0,2.089814120E1
6.822696095E0,-3.929750025E-1,-2.249183655E1,-2.420549870E0,2.262512326E1
6.825200939E0,-5.065500140E-1,-2.430119896E1,-2.552412510E0,2.444012425E1
6.827705326E0,-7.045499682E-1,-2.613380051E1,-2.712462425E0,2.628363316E1
6.830211170E0,-9.916499853E-1,-2.795168686E1,-2.872512579E0,2.811639195E1
6.832714778E0,-1.383800030E0,-2.967181206E1,-2.978800058E0,2.985304981E1
6.835219391E0,-1.896950006E0,-3.124054909E1,-2.940987587E0,3.143596244E1
6.837724083E0,-2.397725105E0,-3.240971375E1,-2.788224936E0,3.261767663E1
6.840228699E0,-2.788774967E0,-3.306091309E1,-2.634362459E0,3.328274486E1
6.842733314E0,-3.166212559E0,-3.347258759E1,-2.447362423E0,3.371095674E1
6.845238170E0,-3.501024961E0,-3.371445084E1,-2.259262562E0,3.397095286E1
6.847742557E0,-3.759937525E0,-3.379516220E1,-2.089449883E0,3.406781354E1
6.850248324E0,-3.968937397E0,-3.377921295E1,-1.923349977E0,3.406592090E1
6.852752018E0,-4.165562630E0,-3.374992371E1,-1.748587489E0,3.405094449E1
6.855256713E0,-4.341562271E0,-3.372063828E1,-1.561725020E0,3.403482913E1
6.857761253E0,-4.502850056E0,-3.369245148E1,-1.366199970E0,3.401945690E1
6.860265867E0,-4.649425030E0,-3.366687393E1,-1.164625049E0,3.400635095E1
6.862770482E0,-4.776474953E0,-3.364116287E1,-9.545249939E-1,3.399196479E1
6.865275097E0,-4.886475086E0,-3.361792374E1,-7.394750118E-1,3.397924747E1
6.867780035E0,-4.976812363E0,-3.359606171E1,-5.183749795E-1,3.396664152E1
6.870285651E0,-5.048862457E0,-3.357640076E1,-2.923249900E-1,3.395513442E1
6.872789268E0,-5.102624893E0,-3.356058884E1,-6.503749639E-2,3.394634198E1
6.875293882E0,-5.136862278E0,-3.354463577E1,1.645874977E-1,3.393607273E1
6.877798502E0,-5.152812481E0,-3.353611374E1,3.966875076E-1,3.393198730E1
6.880303117E0,-5.147862434E0,-3.353006363E1,6.289250255E-1,3.392876658E1
6.882807733E0,-5.125862598E0,-3.352634811E1,8.610249758E-1,3.392686029E1
6.885312348E0,-5.083099842E0,-3.352511215E1,1.089412451E0,3.392576997E1
6.887817025E0,-5.020812511E0,-3.352511215E1,1.316699982E0,3.392455456E1
6.890322564E0,-4.939000130E0,-3.353129959E1,1.541512489E0,3.392813044E1
6.892826258E0,-4.842474937E0,-3.353734970E1,1.758900046E0,3.393076949E1
6.895330872E0,-4.723949909E0,-3.354587555E1,1.973950028E0,3.393431814E1
6.897835718E0,-4.590712547E0,-3.355563736E1,2.181712389E0,3.393840464E1
6.900340350E0,-4.438087463E0,-3.356911087E1,2.380812407E0,3.394480951E1
6.902844966E0,-4.268274784E0,-3.358382416E1,2.573862553E0,3.395167423E1
6.905349656E0,-4.086225033E0,-3.360211182E1,2.754674911E0,3.396155749E1
6.907854273E0,-3.888225079E0,-3.361792374E1,2.929300070E0,3.396857209E1
6.910359795E0,-3.675649881E0,-3.363634872E1,3.091825008E0,3.397754758E1
6.912863412E0,-3.449737549E0,-3.365463638E1,3.243350029E0,3.398609361E1
6.915368102E0,-3.212687492E0,-3.367416382E1,3.382637501E0,3.399577777E1
6.917872641E0,-2.962162495E0,-3.369011307E1,3.508450031E0,3.400157859E1
6.920377564E0,-2.700774908E0,-3.370963669E1,3.623262405E0,3.401120141E1
6.922881956E0,-2.430725098E0,-3.372311401E1,3.723500013E0,3.401501574E1
6.925386800E0,-2.155862570E0,-3.373645020E1,3.807787418E0,3.401903967E1
6.927891417E0,-1.871237516E0,-3.374992371E1,3.879837513E0,3.402369791E1
6.930396954E0,-1.581662536E0,-3.376092529E1,3.936074972E0,3.402637829E1
6.932900643E0,-1.288512468E0,-3.376945114E1,3.977600098E0,3.402730370E1
6.935405256E0,-9.916499853E-1,-3.377439880E1,4.003174782E0,3.402526697E1
6.937909872E0,-6.947875023E-1,-3.377797318E1,4.012937546E0,3.402260821E1
6.940414564E0,-3.942124844E-1,-3.378044891E1,4.009362698E0,3.401983424E1
6.942919181E0,-9.858749807E-2,-3.377921295E1,3.988600016E0,3.401402471E1
6.945424026E0,1.971749961E-1,-3.377797318E1,3.951887369E0,3.400893653E1
6.947928412E0,4.878500104E-1,-3.377563858E1,3.901837587E0,3.400376590E1
6.950434256E0,7.737125158E-1,-3.376697540E1,3.835837364E0,3.399295379E1
6.952937874E0,1.053524971E0,-3.375844955E1,3.755262375E0,3.398300791E1
6.955442462E0,1.325912476E0,-3.374992371E1,3.659975052E0,3.397367821E1
6.957947154E0,1.589912534E0,-3.373892593E1,3.552449942E0,3.396266841E1
6.960451770E0,1.844012499E0,-3.372668839E1,3.428974867E0,3.395066656E1
6.962956616E0,2.087112427E0,-3.370963669E1,3.293400049E0,3.393437973E1
6.965461233E0,2.319212437E0,-3.369492340E1,3.146825075E0,3.392092448E1
6.967965849E0,2.536737442E0,-3.367663574E1,2.988012552E0,3.390396807E1
6.970471385E0,2.739549875E0,-3.365958786E1,2.816962481E0,3.388817295E1
6.972975157E0,2.928887367E0,-3.364239883E1,2.637387514E0,3.387248431E1
6.975479693E0,3.101175070E0,-3.362411118E1,2.449150085E0,3.385552356E1
6.977984380E0,3.257512569E0,-3.360458755E1,2.251287460E0,3.383708008E1
6.980488996E0,3.396800041E0,-3.358987427E1,2.047237396E0,3.382320335E1
6.982993536E0,3.518899918E0,-3.357406235E1,1.837137461E0,3.380791909E1
6.985498150E0,3.623950005E0,-3.356306076E1,1.619612455E0,3.379697036E1
6.988002842E0,3.709475040E0,-3.355206299E1,1.397274971E0,3.378540385E1
6.990508611E0,3.775475025E0,-3.353982544E1,1.172462463E0,3.377201164E1
6.993012075E0,3.824424982E0,-3.353006363E1,9.440749884E-1,3.376066751E1
6.995516919E0,3.851237535E0,-3.352153778E1,7.132124901E-1,3.374958071E1
6.998021539E0,3.859762430E0,-3.351906204E1,4.834499955E-1,3.374402184E1
7.000526155E0,3.851237535E0,-3.351535034E1,2.525874972E-1,3.373684247E1
7.003030770E0,3.821949959E0,-3.351782608E1,2.296249941E-2,3.373503363E1
7.005535385E0,3.777950048E0,-3.352153778E1,-2.055625021E-1,3.373438391E1
7.008040088E0,3.714425087E0,-3.353363800E1,-4.303750098E-1,3.374147380E1
7.010545857E0,3.627662420E0,-3.353982544E1,-6.514750123E-1,3.374172854E1
7.013049320E0,3.518899918E0,-3.354339981E1,-8.677625060E-1,3.373863274E1
7.015553934E0,3.393087387E0,-3.354587555E1,-1.077862501E0,3.373426442E1
7.018058780E0,3.252562523E0,-3.355440140E1,-1.281912446E0,3.373603883E1
7.020563474E0,3.093750000E0,-3.356663895E1,-1.472487450E0,3.374105450E1
7.023068090E0,2.920362473E0,-3.357763672E1,-1.657012463E0,3.374510179E1
7.025572705E0,2.728549957E0,-3.359482574E1,-1.837824941E0,3.375551662E1
7.028077244E0,2.524499893E0,-3.361187363E1,-2.016162395E0,3.376678929E1
7.030583083E0,2.305737495E0,-3.362535095E1,-2.177449942E0,3.377457535E1
7.033086777E0,2.074874878E0,-3.363758850E1,-2.316737413E0,3.378105591E1
7.035591160E0,1.830537438E0,-3.364968872E1,-2.449837446E0,3.378837258E1
7.038096006E0,1.576437473E0,-3.366316223E1,-2.575649977E0,3.379833752E1
7.040600623E0,1.313812494E0,-3.367663574E1,-2.685649872E0,3.380909069E1
7.043105239E0,1.040050030E0,-3.368392563E1,-2.782175064E0,3.381462772E1
7.045609854E0,7.603750229E-1,-3.369134903E1,-2.861512423E0,3.382119783E1
7.048114544E0,4.720374942E-1,-3.369492340E1,-2.928750038E0,3.382526067E1
7.050620083E0,1.787499934E-1,-3.369739914E1,-2.978800058E0,3.382927593E1
7.053123777E0,-1.156374961E-1,-3.369863892E1,-3.015512466E0,3.383348862E1
7.055628390E0,-4.137375057E-1,-3.369134903E1,-3.037512541E0,3.383052853E1
7.058133006E0,-7.118374705E-1,-3.368392563E1,-3.042325020E0,3.382852790E1
7.060637626E0,-1.011175036E0,-3.367416382E1,-3.033799887E0,3.382566667E1
7.063142242E0,-1.306800008E0,-3.366192627E1,-3.008224964E0,3.382133090E1
7.065647088E0,-1.603662491E0,-3.364735031E1,-2.967799902E0,3.381602804E1
7.068151705E0,-1.893237472E0,-3.362892532E1,-2.912937403E0,3.380790101E1
7.070657319E0,-2.175387383E0,-3.360335159E1,-2.843225002E0,3.379351235E1
7.073161003E0,-2.453962564E0,-3.357763672E1,-2.758937597E0,3.378004376E1
7.075665616E0,-2.725250006E0,-3.355082321E1,-2.661175013E0,3.376635275E1
7.078170232E0,-2.982924938E0,-3.351906204E1,-2.548837423E0,3.374791747E1
7.080675078E0,-3.235924959E0,-3.348606110E1,-2.425362587E0,3.372936231E1
7.083179709E0,-3.474075079E0,-3.345182419E1,-2.288549900E0,3.370951201E1
7.085684325E0,-3.698887587E0,-3.341635132E1,-2.138262510E0,3.368837294E1
7.088188940E0,-3.913937569E0,-3.337853622E1,-1.978212476E0,3.366539636E1
7.090694476E0,-4.113037586E0,-3.334182358E1,-1.808400035E0,3.364319528E1
7.093198157E0,-4.296325207E0,-3.330401230E1,-1.627587438E0,3.361940937E1
7.095702770E0,-4.467374802E0,-3.327348709E1,-1.438249946E0,3.360284130E1
7.098207386E0,-4.617662430E0,-3.323677444E1,-1.241624951E0,3.357897578E1
7.100712078E0,-4.754475117E0,-3.320377350E1,-1.036337495E0,3.355845055E1
7.103216618E0,-4.873000145E0,-3.316967392E1,-8.249999881E-1,3.353586175E1
7.105721515E0,-4.973100185E0,-3.314148712E1,-6.087124944E-1,3.351806118E1
7.108225902E0,-5.051337242E0,-3.311343765E1,-3.863750100E-1,3.349873202E1
7.110731746E0,-5.114862442E0,-3.309267426E1,-1.615625024E-1,3.348601215E1
7.113235133E0,-5.156387329E0,-3.307067490E1,6.682500243E-2,3.347032020E1
7.115739962E0,-5.183337688E0,-3.305472565E1,2.965874970E-1,3.345997372E1
7.118244577E0,-5.185675144E0,-3.304138565E1,5.274500251E-1,3.345000143E1
7.120749270E0,-5.167387486E0,-3.303272629E1,7.570750117E-1,3.344302711E1
7.123253810E0,-5.133150101E0,-3.302667618E1,9.868375063E-1,3.343776933E1
7.125758501E0,-5.079387665E0,-3.302543640E1,1.214125037E0,3.343581505E1
7.128263041E0,-5.003762245E0,-3.302420044E1,1.438799977E0,3.343210428E1
7.130768885E0,-4.909574986E0,-3.302791214E1,1.657562494E0,3.343193713E1
7.133272272E0,-4.798474789E0,-3.303643799E1,1.871374965E0,3.343551464E1
7.135777193E0,-4.670187473E0,-3.304619980E1,2.081475019E0,3.343941552E1
7.138281820E0,-4.524849892E0,-3.306338882E1,2.283050060E0,3.344957794E1
7.140786511E0,-4.362325191E0,-3.307796097E1,2.476099968E0,3.345612730E1
7.143291051E0,-4.182749748E0,-3.309748840E1,2.661725044E0,3.346675835E1
7.145795741E0,-3.987225056E0,-3.312319946E1,2.838962555E0,3.348289137E1
7.148300282E0,-3.777124882E0,-3.314643860E1,3.005062580E0,3.349602163E1
7.150805890E0,-3.554787397E0,-3.317201233E1,3.160300016E0,3.351128782E1
7.153309584E0,-3.316499949E0,-3.319648743E1,3.304399967E0,3.352499081E1
7.155814198E0,-3.070924997E0,-3.322096252E1,3.436399937E0,3.353910816E1
7.158318813E0,-2.812012434E0,-3.324777603E1,3.553687572E0,3.355518917E1
7.160823659E0,-2.541962385E0,-3.327101135E1,3.659975052E0,3.356809775E1
7.163328263E0,-2.267100096E0,-3.329177475E1,3.750312567E0,3.357896444E1
7.165832878E0,-1.981237531E0,-3.331129837E1,3.827312469E0,3.358893005E1
7.168337569E0,-1.692899942E0,-3.332725143E1,3.888362408E0,3.359599620E1
7.170843107E0,-1.399612546E0,-3.333824921E1,3.936074972E0,3.359896519E1
7.173346805E0,-1.103987455E0,-3.334801102E1,3.967837572E0,3.360137441E1
7.175851419E0,-8.021749854E-1,-3.334801102E1,3.984887362E0,3.359483072E1
7.178356265E0,-5.029749870E-1,-3.334925079E1,3.984887362E0,3.359024917E1
7.180860651E0,-2.048749924E-1,-3.334429932E1,3.971412420E0,3.358059540E1
7.183365482E0,9.198749810E-2,-3.333453751E1,3.943362474E0,3.356709639E1
7.185870099E0,3.852750063E-1,-3.331872559E1,3.899362564E0,3.354833736E1
7.188374789E0,6.723750234E-1,-3.330401230E1,3.839550018E0,3.353135052E1
7.190880328E0,9.545249939E-1,-3.328572464E1,3.766262531E0,3.351171909E1
7.193383945E0,1.230625033E0,-3.326496124E1,3.678262472E0,3.349032247E1
7.195888559E0,1.496962547E0,-3.323925018E1,3.576787472E0,3.346463892E1
7.198393251E0,1.754775047E0,-3.321120071E1,3.459500074E0,3.343697398E1
7.200897866E0,2.002825022E0,-3.317819977E1,3.331350088E0,3.340512148E1
7.203402712E0,2.238637447E0,-3.314519882E1,3.190824986E0,3.337359835E1
7.205907330E0,2.463449955E0,-3.310848618E1,3.039299965E0,3.333883301E1
7.208411930E0,2.683312416E0,-3.304619980E1,2.869487524E0,3.327890391E1
7.210917467E0,2.937412500E0,-3.285810089E1,2.665437460E0,3.309664248E1
7.213421161E0,3.228224993E0,-3.253552628E1,2.433337450E0,3.278571393E1
7.215925774E0,3.692425013E0,-3.173527527E1,2.127949953E0,3.202014787E1
7.218430376E0,4.354624748E0,-3.037072563E1,1.788324952E0,3.073339939E1
7.220934991E0,5.237925053E0,-2.819726181E1,1.407037497E0,2.871412870E1
7.223439607E0,6.244562626E0,-2.528831291E1,9.746000171E-1,2.606613085E1
7.225944299E0,7.232912540E0,-2.188587570E1,3.051125109E-1,2.305210777E1
7.228448916E0,8.207924843E0,-1.779442406E1,-7.834749818E-1,1.961186862E1
7.230954760E0,8.912750244E0,-1.352092457E1,-2.232312441E0,1.634734648E1
7.233458378E0,8.857887268E0,-9.942487717E0,-3.884099960E0,1.387088538E1
7.235963068E0,8.133399963E0,-7.216825008E0,-5.483362675E0,1.217793186E1
7.238467684E0,7.113287449E0,-4.924837589E0,-6.850387573E0,1.103542901E1
7.240972309E0,5.985650063E0,-2.988562584E0,-8.033024788E0,1.045413795E1
7.243476849E0,4.847012520E0,-1.541924953E0,-9.091087341E0,1.041724205E1
7.245981540E0,3.832949877E0,-2.664749920E-1,-9.894912720E0,1.061469790E1
7.248486157E0,2.975224972E0,1.011450052E0,-1.037877464E1,1.084407478E1
7.250991909E0,2.272875071E0,2.251425028E0,-1.057416248E1,1.104752406E1
7.253495373E0,1.718199968E0,3.397350073E0,-1.053263760E1,1.119958273E1
7.255999986E0,1.291812539E0,4.421175003E0,-1.029682541E1,1.128007897E1
7.258504832E0,9.692375064E-1,5.315474987E0,-9.916912079E0,1.129330956E1
7.261009450E0,7.261375189E-1,6.087537289E0,-9.430712700E0,1.124827667E1
7.263514131E0,5.490375161E-1,6.743687630E0,-8.860224724E0,1.114819928E1
7.266018749E0,4.158000052E-1,7.290937424E0,-8.231024742E0,1.100365514E1
7.268523287E0,3.242250085E-1,7.752799988E0,-7.572537422E0,1.084224850E1
7.271029131E0,2.520374954E-1,8.127900124E0,-6.915150166E0,1.067452974E1
7.273532604E0,1.947000027E-1,8.427100182E0,-6.273849964E0,1.050785986E1
7.276037217E0,1.457500011E-1,8.654387474E0,-5.664175034E0,1.034420342E1
7.278541832E0,9.569999576E-2,8.837675095E0,-5.096024990E0,1.020211401E1
7.281046679E0,4.936249927E-2,8.958675385E0,-4.580537319E0,1.006188966E1
7.283551306E0,8.937500417E-3,9.024537086E0,-4.112625122E0,9.917461112E0
7.286055921E0,-2.282499894E-2,9.061249733E0,-3.687474966E0,9.782854355E0
7.288560537E0,-5.335000157E-2,9.073487282E0,-3.303849936E0,9.656419734E0
7.291066381E0,-7.892499864E-2,9.060012817E0,-2.964225054E0,9.532926706E0
7.293569845E0,-1.009249985E-1,9.025774956E0,-2.667362452E0,9.412206004E0
7.296074689E0,-1.229249984E-1,8.978199959E0,-2.401025057E0,9.294520234E0
7.298579075E0,-1.363999993E-1,8.921962738E0,-2.163975000E0,9.181656270E0
7.301083689E0,-1.401125044E-1,8.870675087E0,-1.953874946E0,9.084389650E0
7.303588545E0,-1.326874942E-1,8.836437225E0,-1.770587444E0,9.013057678E0
7.306092931E0,-1.205874979E-1,8.807149887E0,-1.604487538E0,8.952921911E0
7.308597776E0,-1.058750004E-1,8.786387444E0,-1.450487494E0,8.905937783E0
7.311103391E0,-8.992499858E-2,8.771675110E0,-1.308724999E0,8.869223859E0
7.313607008E0,-8.016250283E-2,8.774149895E0,-1.178099990E0,8.853250928E0
7.316111613E0,-7.039999962E-2,8.793675423E0,-1.055862546E0,8.857117438E0
7.318616305E0,-6.435000151E-2,8.833962440E0,-9.398124814E-1,8.884046422E0
7.321121151E0,-6.435000151E-2,8.898724556E0,-8.322874904E-1,8.937792911E0
7.323625769E0,-6.558749825E-2,8.981775284E0,-7.321875095E-1,9.011808227E0
7.326130374E0,-7.163749635E-2,9.083250046E0,-6.344249845E-1,9.105660788E0
7.328634989E0,-8.387500048E-2,9.204112053E0,-5.464249849E-1,9.220699212E0
7.331140603E0,-9.968750179E-2,9.337349892E0,-4.646124840E-1,9.349433424E0
7.333644220E0,-1.216875017E-1,9.480212212E0,-3.863750100E-1,9.488862791E0
7.336148834E0,-1.523499936E-1,9.623212814E0,-3.130874932E-1,9.629509809E0
7.338653449E0,-1.852124929E-1,9.757550240E0,-2.458499968E-1,9.762404036E0
7.341158064E0,-2.268749923E-1,9.868787766E0,-1.823250055E-1,9.873078883E0
7.343662680E0,-2.696374953E-1,9.944549561E0,-1.212750003E-1,9.948943560E0
7.346167372E0,-3.221625090E-1,9.990887642E0,-6.379999965E-2,9.996284059E0
7.348672208E0,-3.880249858E-1,1.000188732E1,-1.251249947E-2,1.000941906E1
7.351177824E0,-4.662624896E-1,9.970125198E0,3.148749843E-2,9.981071518E0
7.353681210E0,-5.517874956E-1,9.890787125E0,6.682500243E-2,9.906392127E0
7.356186054E0,-6.397874951E-1,9.764974594E0,9.253749996E-2,9.786348658E0
7.358690680E0,-7.276499867E-1,9.593924522E0,1.108250022E-1,9.622117461E0
7.361195372E0,-8.058875203E-1,9.384924889E0,1.218250021E-1,9.420250060E0
7.363699913E0,-8.779374957E-1,9.135774612E0,1.255374998E-1,9.178720591E0
7.366204603E0,-9.549375176E-1,8.835200310E0,1.193500012E-1,8.887458276E0
7.368709215E0,-1.036749959E0,8.477287292E0,1.047749966E-1,8.541090570E0
7.371214983E0,-1.101512551E0,8.077712059E0,8.277499676E-2,8.152889899E0
7.373718446E0,-1.155274987E0,7.637987614E0,5.582499877E-2,7.725065146E0
7.376223059E0,-1.187037468E0,7.161412239E0,2.653750032E-2,7.259172642E0
7.378727906E0,-1.196799994E0,6.639737606E0,-3.987499978E-3,6.746737108E0
7.381232600E0,-1.179749966E0,6.076537609E0,-3.079999983E-2,6.190078185E0
7.383737215E0,-1.145512462E0,5.484049797E0,-5.156249925E-2,5.602647559E0
7.386241754E0,-1.091750026E0,4.870800018E0,-6.998749822E-2,4.992144748E0
7.388746444E0,-1.020937443E0,4.237887383E0,-8.703749627E-2,4.359997506E0
7.391252213E0,-9.293624759E-1,3.601399899E0,-1.029874980E-1,3.720806669E0
7.393755677E0,-8.328375220E-1,2.970962524E0,-1.127500013E-1,3.087547445E0
7.396260521E0,-7.375500202E-1,2.366237402E0,-1.187999994E-1,2.481365131E0
7.398765136E0,-6.410250068E-1,1.794512510E0,-1.200374961E-1,1.909344707E0
7.401269752E0,-5.457375050E-1,1.261837482E0,-1.187999994E-1,1.379919090E0
7.403774367E0,-4.564999938E-1,7.731624842E-1,-1.163249984E-1,9.053750474E-1
7.406278983E0,-3.734500110E-1,3.297249973E-1,-1.102750003E-1,5.102392187E-1
7.408783598E0,-2.989250124E-1,-5.513750017E-2,-1.042250022E-1,3.213396303E-1
7.411289194E0,-2.353999913E-1,-3.777124882E-1,-9.679999948E-2,4.554669247E-1
7.413792812E0,-1.816374958E-1,-6.415749788E-1,-8.703749627E-2,6.724478858E-1
7.416297425E0,-1.351625025E-1,-8.516749740E-1,-7.727500051E-2,8.657889980E-1
7.418802348E0,-9.611249715E-2,-1.008149981E0,-6.751249731E-2,1.014968933E0
7.421306735E0,-6.311249733E-2,-1.119249940E0,-5.403750017E-2,1.122329571E0
7.423811579E0,-3.616249934E-2,-1.195012450E0,-4.179999977E-2,1.196289983E0
7.426316196E0,-1.182499994E-2,-1.240249991E0,-3.079999983E-2,1.240688725E0
7.428820812E0,6.599999964E-3,-1.259775043E0,-2.351249941E-2,1.260011728E0
7.431326425E0,2.117500082E-2,-1.261012435E0,-1.622499898E-2,1.261294570E0
7.433830120E0,3.093750030E-2,-1.248775005E0,-1.127499994E-2,1.249209057E0
7.436334733E0,3.588749841E-2,-1.224300027E0,-5.224999972E-3,1.224837038E0
7.438839348E0,3.946249932E-2,-1.191300035E0,2.062499989E-3,1.191955249E0
7.441344194E0,3.836249933E-2,-1.148537517E0,1.072499994E-2,1.149228060E0
7.443848812E0,3.464999795E-2,-1.104674935E0,2.048750035E-2,1.105408102E0
7.446353197E0,3.093750030E-2,-1.055724978E0,3.148749843E-2,1.056647444E0
7.448858041E0,2.612499893E-2,-9.994875193E-1,4.482499883E-2,1.000833202E0
7.451363579E0,1.993750036E-2,-9.446250200E-1,5.829999968E-2,9.466323586E-1
7.453867273E0,1.388750039E-2,-8.859124780E-1,7.301250100E-2,8.890245253E-1
7.456371896E0,7.699999958E-3,-8.273375034E-1,8.758749813E-2,8.319965171E-1
7.458876588E0,1.649999991E-3,-7.638124824E-1,1.035374999E-1,7.707997435E-1
7.461381204E0,-3.299999982E-3,-7.013875246E-1,1.193500012E-1,7.114771763E-1
7.463885819E0,-8.112499490E-3,-6.367624998E-1,1.365374923E-1,6.512870186E-1
7.466390429E0,-1.429999992E-2,-5.720000267E-1,1.511124969E-1,5.917968463E-1
7.468895045E0,-1.787500083E-2,-5.047624707E-1,1.670625061E-1,5.319911169E-1
7.471400814E0,-2.282499894E-2,-4.387624860E-1,1.828749925E-1,4.758957476E-1
7.473904508E0,-2.516249940E-2,-3.715249896E-1,1.963499933E-1,4.209718389E-1
7.476409122E0,-2.639999986E-2,-3.068999946E-1,2.085874975E-1,3.720125143E-1
7.478913737E0,-3.011249937E-2,-2.444749922E-1,2.158749998E-1,3.275313724E-1
7.481418429E0,-2.887500077E-2,-1.821874976E-1,2.208250016E-1,2.877320477E-1
7.483922970E0,-2.887500077E-2,-1.223749965E-1,2.208250016E-1,2.541123507E-1
7.486427660E0,-2.763750032E-2,-6.737499684E-2,2.171124965E-1,2.290001261E-1
7.488932201E0,-2.639999986E-2,-1.732499897E-2,2.085874975E-1,2.109641194E-1
7.491438122E0,-2.158750035E-2,2.914999984E-2,1.938749999E-1,1.972390890E-1
7.493941508E0,-2.158750035E-2,6.943749636E-2,1.743499935E-1,1.889060780E-1
7.496446352E0,-1.787500083E-2,9.996250272E-2,1.511124969E-1,1.820631877E-1
7.498950968E0,-1.663750038E-2,1.244374961E-1,1.255374998E-1,1.775419970E-1
7.501455675E0,-1.058750041E-2,1.391499937E-1,9.624999762E-2,1.695254492E-1
7.503960293E0,-6.874999963E-3,1.439625025E-1,6.682500243E-2,1.588648756E-1
7.506464908E0,-4.399999976E-3,1.451999992E-1,4.124999791E-2,1.510098080E-1
7.508969446E0,-8.249999955E-4,1.391499937E-1,1.801249944E-2,1.403134045E-1
7.511475300E0,1.649999991E-3,1.329624951E-1,-2.749999985E-4,1.329730169E-1
7.513978763E0,5.362499971E-3,1.231999993E-1,-1.374999993E-2,1.240808557E-1
7.516483377E0,1.017499994E-2,1.182499975E-1,-1.979999989E-2,1.203271895E-1
7.518987992E0,1.388750039E-2,1.134374961E-1,-1.979999989E-2,1.159869311E-1
7.521492838E0,1.869999990E-2,1.084875017E-1,-1.498750038E-2,1.111028946E-1
7.523997470E0,2.117500082E-2,1.024374962E-1,-1.003750041E-2,1.050836462E-1
7.526502086E0,2.241249941E-2,9.638749808E-2,-2.749999985E-3,9.899713337E-2
7.529006701E0,2.488750033E-2,8.648750186E-2,9.624999948E-4,9.000223362E-2
7.531512315E0,2.736249939E-2,7.438749820E-2,3.299999982E-3,7.932903794E-2
7.534016013E0,2.364999987E-2,5.967500061E-2,3.299999982E-3,6.427533113E-2
7.536520549E0,1.993750036E-2,4.015000165E-2,2.062499989E-3,4.487516528E-2
7.539025242E0,1.636249945E-2,2.296249941E-2,9.624999948E-4,2.821230536E-2
7.541529857E0,1.017499994E-2,5.912499968E-3,-2.749999985E-3,1.208514707E-2
7.544034689E0,6.599999964E-3,-1.113750041E-2,-3.987499978E-3,1.354636744E-2
7.546539076E0,4.124999978E-4,-2.213750035E-2,-3.987499978E-3,2.249753840E-2
7.549043997E0,-3.299999982E-3,-3.313750029E-2,-1.512499992E-3,3.333574030E-2
7.551549459E0,-5.637499969E-3,-3.437500075E-2,-2.749999985E-4,3.483529399E-2
7.554053249E0,-4.399999976E-3,-3.437500075E-2,9.624999948E-4,3.466882003E-2
7.556557785E0,-6.874999963E-3,-2.832499892E-2,9.624999948E-4,2.916329190E-2
7.559062478E0,-6.874999963E-3,-2.089999989E-2,9.624999948E-4,2.202276154E-2
7.561567093E0,-4.399999976E-3,-1.237499993E-2,9.624999948E-4,1.316916965E-2
7.564071939E0,-3.299999982E-3,-1.374999993E-3,9.624999948E-4,3.702300785E-3
7.566576556E0,-4.399999976E-3,4.674999975E-3,9.624999948E-4,6.491689364E-3
7.569080941E0,-4.399999976E-3,1.196249947E-2,-2.749999985E-4,1.274900068E-2
7.571586785E0,-2.062499989E-3,1.319999993E-2,9.624999948E-4,1.339478669E-2
7.574090403E0,-8.249999955E-4,1.691249944E-2,9.624999948E-4,1.695994306E-2
7.576595016E0,-2.062499989E-3,1.814999990E-2,9.624999948E-4,1.829215156E-2
7.579099708E0,-8.249999955E-4,1.567500085E-2,9.624999948E-4,1.572617826E-2
7.581604324E0,-8.249999955E-4,1.196249947E-2,9.624999948E-4,1.202948148E-2
7.584108954E0,-8.249999955E-4,5.912499968E-3,9.624999948E-4,6.046874160E-3
7.586613570E0,4.124999978E-4,9.624999948E-4,-2.749999985E-4,1.082676077E-3
7.589118186E0,-8.249999955E-4,-2.612499986E-3,9.624999948E-4,2.903822896E-3
7.591623954E0,-2.062499989E-3,-6.324999966E-3,-2.749999985E-4,6.658464971E-3
7.594127648E0,-3.299999982E-3,-8.799999952E-3,-1.512499992E-3,9.519330610E-3
7.596632367E0,-2.062499989E-3,-6.324999966E-3,-2.749999985E-3,7.198752023E-3
7.599136907E0,-2.062499989E-3,-7.562499959E-3,-1.512499992E-3,7.983293059E-3
7.601641598E0,-8.249999955E-4,-6.324999966E-3,-2.749999985E-4,6.384502687E-3
7.604146215E0,-2.062499989E-3,-2.612499986E-3,-1.512499992E-3,3.656052325E-3
7.606651074E0,4.124999978E-4,-2.612499986E-3,-1.512499992E-3,3.046796457E-3
7.609155461E0,4.124999978E-4,-1.374999993E-4,-1.512499992E-3,1.573759424E-3
7.611661228E0,-2.062499989E-3,2.199999988E-3,-2.749999985E-4,3.028123371E-3
7.614164692E0,-2.062499989E-3,2.199999988E-3,-2.749999985E-4,3.028123371E-3
7.616669549E0,-8.249999955E-4,3.437499981E-3,9.624999948E-4,3.663800944E-3
7.619174164E0,-3.299999982E-3,4.674999975E-3,-2.749999985E-4,5.728983299E-3
7.621678779E0,-3.299999982E-3,3.437499981E-3,9.624999948E-4,4.861359094E-3
7.624183472E0,-3.299999982E-3,3.437499981E-3,-2.749999985E-4,4.773052588E-3
7.626688089E0,-4.399999976E-3,2.199999988E-3,9.624999948E-4,5.012624660E-3
7.629192628E0,-3.299999982E-3,4.674999975E-3,-2.749999985E-4,5.728983299E-3
7.631698241E0,-2.062499989E-3,2.199999988E-3,-1.512499992E-3,3.373657122E-3
7.634201935E0,-8.249999955E-4,2.199999988E-3,-1.512499992E-3,2.794330182E-3
7.636706549E0,-8.249999955E-4,3.437499981E-3,-1.512499992E-3,3.845086129E-3
7.639211429E0,-8.249999955E-4,-1.374999993E-4,-1.512499992E-3,1.728348191E-3
7.641716046E0,-8.249999955E-4,2.199999988E-3,-1.512499992E-3,2.794330182E-3
7.644220662E0,-8.249999955E-4,-1.374999993E-4,-1.512499992E-3,1.728348191E-3
7.646725277E0,-2.062499989E-3,-1.374999993E-3,-1.512499992E-3,2.903822896E-3
7.649229892E0,4.124999978E-4,-2.612499986E-3,-2.749999985E-4,2.659123431E-3
7.651735496E0,-8.249999955E-4,-2.612499986E-3,-2.749999985E-4,2.753435339E-3
7.654239190E0,-2.062499989E-3,-3.849999979E-3,-1.512499992E-3,4.622127461E-3
7.656743804E0,-3.299999982E-3,-3.849999979E-3,-1.512499992E-3,5.291517358E-3
7.659248650E0,-3.299999982E-3,-2.612499986E-3,-1.512499992E-3,4.472450367E-3
7.661753036E0,-8.249999955E-4,-2.612499986E-3,-1.512499992E-3,3.129446819E-3
7.664257890E0,-2.062499989E-3,-1.374999993E-3,-2.749999985E-4,2.494024094E-3
7.666762508E0,-2.062499989E-3,-1.374999993E-4,-1.512499992E-3,2.561341188E-3
7.669267123E0,-8.249999955E-4,-1.374999993E-3,9.624999948E-4,1.870202185E-3
7.671772660E0,-2.062499989E-3,-2.612499986E-3,-2.749999985E-4,3.339863377E-3
7.674276363E0,-8.249999955E-4,-3.849999979E-3,-1.512499992E-3,4.217911931E-3
7.676781053E0,4.124999978E-3,3.038750030E-2,-8.937500417E-3,3.194205242E-2
7.679285669E0,2.056999952E-1,5.643000007E-1,-2.080374956E-1,6.356308507E-1
7.681790284E0,4.292750061E-1,1.149500012E0,-4.108499885E-1,1.293995758E0
7.684295121E0,5.770875216E-1,1.569700003E0,-5.281375051E-1,1.753829333E0
7.686799508E0,6.919000149E-1,1.903275013E0,-6.184750199E-1,2.117473201E0
7.689304352E0,8.018999696E-1,2.226949930E0,-7.039999962E-1,2.469405910E0
7.691809891E0,9.032375216E-1,2.540999889E0,-7.810000181E-1,2.807575375E0
7.694313585E0,9.752874970E-1,2.763337374E0,-8.395749927E-1,3.048295476E0
7.696818203E0,9.802374840E-1,2.796337366E0,-8.628125191E-1,3.086229679E0
7.699322819E0,9.362375140E-1,2.644812584E0,-8.542875051E-1,2.932811182E0
7.701827511E0,8.679000139E-1,2.439524889E0,-8.298124671E-1,2.719029395E0
7.704332128E0,8.054749966E-1,2.258712530E0,-8.042374849E-1,2.529302314E0
7.706836973E0,7.664250135E-1,2.147612572E0,-7.822374701E-1,2.410714110E0
7.709341585E0,7.493749857E-1,2.084087372E0,-7.590000033E-1,2.341167240E0
7.711847198E0,7.371374965E-1,2.041325092E0,-7.321875095E-1,2.290519236E0
7.714350816E0,7.236624956E-1,1.998562455E0,-6.967124939E-1,2.236816397E0
7.716855429E0,7.101874948E-1,1.955799937E0,-6.564249992E-1,2.181837174E0
7.719360077E0,7.016624808E-1,1.924037457E0,-6.136624813E-1,2.137950423E0
7.721864693E0,6.980875134E-1,1.900799990E0,-5.709000230E-1,2.103875855E0
7.724369308E0,6.991875172E-1,1.892274976E0,-5.281375051E-1,2.085305012E0
7.726873924E0,7.016624808E-1,1.892274976E0,-4.828999937E-1,2.075145109E0
7.729378539E0,7.041375041E-1,1.895849943E0,-4.376625121E-1,2.069203979E0
7.731884371E0,7.066124678E-1,1.899562478E0,-3.900874853E-1,2.063929997E0
7.734388065E0,7.078499794E-1,1.899562478E0,-3.460874856E-1,2.056493557E0
7.736892679E0,7.066124678E-1,1.897087455E0,-3.008500040E-1,2.046644257E0
7.739397294E0,7.101874948E-1,1.886087537E0,-2.580874860E-1,2.031822242E0
7.741901996E0,7.114250064E-1,1.880037546E0,-2.190375030E-1,2.022039600E0
7.744406613E0,7.163749933E-1,1.877562523E0,-1.835625023E-1,2.017951771E0
7.746911151E0,7.211874723E-1,1.880037546E0,-1.542750001E-1,2.019518091E0
7.749415842E0,7.236624956E-1,1.876325011E0,-1.310375035E-1,2.015304886E0
7.751921606E0,7.224249840E-1,1.858037472E0,-1.115124971E-1,1.996656240E0
7.754425070E0,7.199500203E-1,1.812799931E0,-9.432499856E-2,1.952810494E0
7.756929683E0,7.089499831E-1,1.748037457E0,-8.456250280E-2,1.888225582E0
7.759434529E0,7.028999925E-1,1.677224994E0,-7.727500051E-2,1.820198754E0
7.761938931E0,6.991875172E-1,1.613700032E0,-7.356250286E-2,1.760199540E0
7.764443544E0,7.016624808E-1,1.562412500E0,-7.246249914E-2,1.714267736E0
7.766948390E0,7.053750157E-1,1.508649945E0,-7.122500241E-2,1.666928784E0
7.769453008E0,7.066124678E-1,1.442649961E0,-6.627500057E-2,1.607772516E0
7.771958606E0,6.723750234E-1,1.265550017E0,-4.303750023E-2,1.433721467E0
7.774462223E0,5.587999821E-1,8.672124743E-1,1.801249944E-2,1.031813620E0
7.776966914E0,4.317499995E-1,4.323000014E-1,8.758749813E-2,6.172219399E-1
7.779471529E0,3.412750065E-1,9.996250272E-2,1.438249946E-1,3.835971338E-1
7.781976145E0,2.777499855E-1,-1.431374997E-1,1.841125041E-1,3.626717695E-1
7.784480756E0,2.227499932E-1,-3.299999833E-1,2.123000026E-1,4.512081998E-1
7.786985602E0,1.787499934E-1,-4.717625082E-1,2.330625057E-1,5.557243524E-1
7.789490219E0,1.226499975E-1,-6.159999967E-1,2.463999987E-1,6.746939878E-1
7.791995833E0,5.788749829E-2,-7.698624730E-1,2.550624907E-1,8.130781414E-1
7.794499426E0,-4.399999976E-3,-8.920999765E-1,2.574000061E-1,9.285022839E-1
7.797004040E0,-4.482499883E-2,-9.469624758E-1,2.463999987E-1,9.795203777E-1
7.799508732E0,-7.163749635E-2,-9.714375138E-1,2.232999951E-1,9.993426149E-1
7.802013578E0,-9.239999950E-2,-9.689624906E-1,1.951124966E-1,9.927209851E-1
7.804518200E0,-1.058750004E-1,-9.481999874E-1,1.633500010E-1,9.679751829E-1
7.807022815E0,-1.033999994E-1,-8.859124780E-1,1.280124933E-1,9.010658560E-1
7.809527200E0,-8.882500231E-2,-7.955750227E-1,9.253749996E-2,8.058490471E-1
7.812033044E0,-7.411249727E-2,-7.038624883E-1,6.201250106E-2,7.104650695E-1
7.814536661E0,-5.335000157E-2,-6.085749865E-1,4.001250118E-2,6.122178836E-1
7.817041255E0,-3.011249937E-2,-5.218124986E-1,2.901249938E-2,5.234852160E-1
7.819545948E0,-8.249999955E-4,-4.265249968E-1,2.406249940E-2,4.272039997E-1
7.822050488E0,3.588749841E-2,-3.190000057E-1,2.406249940E-2,3.219129076E-1
7.824555102E0,7.741250098E-2,-2.139499933E-1,2.406249940E-2,2.287931354E-1
7.827059742E0,1.214125007E-1,-1.113749966E-1,2.653750032E-2,1.668820665E-1
7.829564434E0,1.689874977E-1,-1.237499993E-2,2.901249938E-2,1.719059048E-1
7.832070204E0,2.154625058E-1,8.167500049E-2,3.024999984E-2,2.324004294E-1
7.834573667E0,2.655124962E-1,1.744875014E-1,3.148749843E-2,3.192714149E-1
7.837078506E0,3.180375099E-1,2.685374916E-1,3.024999984E-2,4.173431497E-1
7.839583122E0,3.790875077E-1,3.785375059E-1,2.048750035E-2,5.361135323E-1
7.842087814E0,4.438500106E-1,4.995374978E-1,7.012499962E-3,6.682736855E-1
7.844592354E0,5.098500252E-1,6.301624775E-1,-7.699999958E-3,8.106238870E-1
7.847096958E0,5.795624852E-1,7.804499865E-1,-2.227500081E-2,9.723636312E-1
7.849601650E0,6.443250179E-1,9.319750071E-1,-3.698749840E-2,1.133622608E0
7.852107419E0,6.980875134E-1,1.068787456E0,-5.046249926E-2,1.277567715E0
7.854610883E0,7.408499718E-1,1.192262530E0,-5.775000155E-2,1.404878530E0
7.857115506E0,7.639499903E-1,1.271600008E0,-5.775000155E-2,1.484560956E0
7.859620352E0,7.664250135E-1,1.299649954E0,-5.403750017E-2,1.509773942E0
7.862125046E0,7.456625104E-1,1.281362534E0,-4.551250115E-2,1.483230902E0
7.864629585E0,7.126625180E-1,1.225124955E0,-3.698749840E-2,1.417810670E0
7.867134185E0,6.674249768E-1,1.136024952E0,-3.079999983E-2,1.317936808E0
7.869638800E0,6.173750162E-1,1.034549952E0,-2.598750032E-2,1.205039777E0
7.872144646E0,5.685625076E-1,9.344499707E-1,-2.722499892E-2,1.094166931E0
7.874648110E0,5.245624781E-1,8.379250169E-1,-3.203750029E-2,9.890958137E-1
7.877152727E0,4.780874848E-1,7.426375151E-1,-4.179999977E-2,8.842088904E-1
7.879657343E0,4.365625083E-1,6.461125016E-1,-5.403750017E-2,7.816445739E-1
7.882162189E0,3.962749839E-1,5.520625114E-1,-6.875000149E-2,6.830325337E-1
7.884666575E0,3.595624864E-1,4.665375054E-1,-8.703749627E-2,5.954141007E-1
7.887171390E0,3.254624903E-1,3.870624900E-1,-1.065625027E-1,5.168159931E-1
7.889676008E0,2.937000096E-1,3.100624979E-1,-1.249874979E-1,4.449947447E-1
7.892181621E0,2.630375028E-1,2.355374992E-1,-1.432749927E-1,3.810437835E-1
7.894685239E0,2.374625057E-1,1.599124968E-1,-1.665125042E-1,3.311900698E-1
7.897189944E0,2.179374993E-1,9.748750180E-2,-1.847999990E-1,3.019132429E-1
7.899694559E0,2.032250017E-1,4.867500067E-2,-1.933249980E-1,2.846826511E-1
7.902199175E0,1.922249943E-1,1.086249948E-2,-1.432749927E-1,2.399920121E-1
7.904703790E0,2.191749960E-1,-8.084999770E-2,-5.224999972E-3,2.336700700E-1
7.907208636E0,2.472250015E-1,-1.846625060E-1,1.060125008E-1,3.262806963E-1
7.909713244E0,2.142249942E-1,-8.084999770E-2,1.500124931E-1,2.737385949E-1
7.912218857E0,1.311749965E-1,1.659625024E-1,1.500124931E-1,2.593341088E-1
7.914722474E0,6.641250104E-2,3.968249857E-1,1.170125008E-1,4.190138601E-1
7.917227165E0,3.836249933E-2,5.165874958E-1,5.953750014E-2,5.214202107E-1
7.919731780E0,2.488750033E-2,5.508249998E-1,-2.749999985E-4,5.513870181E-1
7.922236387E0,7.699999958E-3,5.508249998E-1,-4.922499880E-2,5.530737482E-1
7.924741233E0,-2.282499894E-2,5.300624967E-1,-8.579999954E-2,5.374466214E-1
7.927245619E0,-6.916250288E-2,4.897750020E-1,-1.102750003E-1,5.067776436E-1
7.929750463E0,-1.241625026E-1,4.445374906E-1,-1.212750003E-1,4.772185383E-1
7.932255978E0,-1.841125041E-1,3.944875002E-1,-1.163249984E-1,4.506099280E-1
7.934759672E0,-2.439250052E-1,3.332999945E-1,-1.029874980E-1,4.256697302E-1
7.937264286E0,-3.062124848E-1,2.771999836E-1,-8.222500235E-2,4.211494602E-1
7.939768901E0,-3.722124994E-1,2.319625020E-1,-5.046249926E-2,4.414693770E-1
7.942273516E0,-4.417875111E-1,1.952500045E-1,-1.979999989E-2,4.834157726E-1
7.944778132E0,-5.127375126E-1,1.671999991E-1,1.072499994E-2,5.394169279E-1
7.947282747E0,-5.847874880E-1,1.574375033E-1,3.753750026E-2,6.067718167E-1
7.949787440E0,-6.593124866E-1,1.647250056E-1,5.101250112E-2,6.814906880E-1
7.952293209E0,-7.350749969E-1,1.879625022E-1,5.706249923E-2,7.608687681E-1
7.954796907E0,-8.108375072E-1,2.257750034E-1,4.853750020E-2,8.430822642E-1
7.957301520E0,-8.901749849E-1,2.759625018E-1,2.653750032E-2,9.323470626E-1
7.959805907E0,-9.708874822E-1,3.308250010E-1,-6.462499965E-3,1.025723865E0
7.962310751E0,-1.055174947E0,3.845874965E-1,-4.675000161E-2,1.124049498E0
7.964815388E0,-1.140699983E0,4.420624971E-1,-9.432499856E-2,1.226993442E0
7.967320078E0,-1.232275009E0,4.933499992E-1,-1.480875015E-1,1.335599426E0
7.969824695E0,-1.326324940E0,5.422999859E-1,-2.116124928E-1,1.448449850E0
7.972330232E0,-1.425325036E0,5.813499689E-1,-2.800875008E-1,1.564598432E0
7.974833917E0,-1.532850027E0,6.093999743E-1,-3.533749878E-1,1.686971077E0
7.977338531E0,-1.643949986E0,6.326375008E-1,-4.340874851E-1,1.814175765E0
7.979843377E0,-1.761237502E0,6.534000039E-1,-5.171374679E-1,1.948414808E0
7.982348071E0,-1.883474946E0,6.791124940E-1,-6.039000154E-1,2.091259640E0
7.984852609E0,-2.009287596E0,7.133499980E-1,-6.894249916E-1,2.240850660E0
7.987357223E0,-2.138812542E0,7.609249949E-1,-7.760499716E-1,2.399120567E0
7.989861838E0,-2.275624990E0,8.184000254E-1,-8.615750074E-1,2.567208443E0
7.992367454E0,-2.419724941E0,8.867374659E-1,-9.470999837E-1,2.745609314E0
7.994871148E0,-2.567674875E0,9.624999762E-1,-1.033862472E0,2.930568559E0
7.997375736E0,-2.717824936E0,1.046787500E0,-1.121862531E0,3.121043414E0
7.999880352E0,-2.869349957E0,1.138499975E0,-1.209862471E0,3.315587213E0
8.002384967E0,-3.019637585E0,1.224025011E0,-1.297724962E0,3.507212347E0
8.004889583E0,-3.169924974E0,1.310649991E0,-1.385725021E0,3.699521804E0
8.007394429E0,-3.312787533E0,1.394937515E0,-1.479774952E0,3.887177101E0
8.009899051E0,-3.457025051E0,1.482937455E0,-1.573825002E0,4.077628089E0
8.012404664E0,-3.601125002E0,1.551412463E0,-1.665537477E0,4.260163964E0
8.014908282E0,-3.756362438E0,1.601462483E0,-1.755874991E0,4.445001444E0
8.017412895E0,-3.918887377E0,1.635699987E0,-1.847587466E0,4.631065986E0
8.019917588E0,-4.086225033E0,1.652750015E0,-1.941637516E0,4.816510550E0
8.022422203E0,-4.249849796E0,1.662512541E0,-2.038162470E0,4.997927320E0
8.024927049E0,-4.414849758E0,1.672274947E0,-2.137024879E0,5.182111271E0
8.027431667E0,-4.577374935E0,1.682037473E0,-2.238499880E0,5.365863683E0
8.029936282E0,-4.742237568E0,1.689462543E0,-2.339837551E0,5.551390871E0
8.032441808E0,-4.908337593E0,1.704037547E0,-2.443787575E0,5.741743603E0
8.034945503E0,-5.075812340E0,1.721225023E0,-2.548837423E0,5.934901743E0
8.037450193E0,-5.245625019E0,1.744462490E0,-2.653887510E0,6.132116285E0
8.039954808E0,-5.417912483E0,1.773749948E0,-2.760174990E0,6.333919050E0
8.042459429E0,-5.584012508E0,1.807987452E0,-2.865225077E0,6.531426265E0
8.044964044E0,-5.747775078E0,1.844562531E0,-2.965462446E0,6.725570369E0
8.047468660E0,-5.906587601E0,1.882512450E0,-3.061987400E0,6.914289338E0
8.049973275E0,-6.060450077E0,1.910562515E0,-3.149849892E0,7.092309821E0
8.052479029E0,-6.205924988E0,1.931324959E0,-3.223137379E0,7.254800866E0
8.054982723E0,-6.337787628E0,1.942324996E0,-3.280612469E0,7.396120374E0
8.057487337E0,-6.452600002E0,1.944800019E0,-3.324612379E0,7.514741604E0
8.059991952E0,-6.555312634E0,1.947275043E0,-3.360087395E0,7.619330096E0
8.062496568E0,-6.644412518E0,1.942324996E0,-3.389374971E0,7.707704379E0
8.065001270E0,-6.720174789E0,1.938612461E0,-3.410137415E0,7.781259838E0
8.067505887E0,-6.783699989E0,1.928849936E0,-3.425950050E0,7.840674803E0
8.070010503E0,-6.833887577E0,1.914274931E0,-3.440662384E0,7.886990907E0
8.072516270E0,-6.869225025E0,1.880037546E0,-3.445474863E0,7.911516331E0
8.075019964E0,-6.891224861E0,1.823799968E0,-3.439424992E0,7.914851274E0
8.077524578E0,-6.907175064E0,1.801800013E0,-3.443137407E0,7.925323076E0
8.080029193E0,-6.949937344E0,1.900799990E0,-3.435712576E0,7.982405063E0
8.082533808E0,-7.029274940E0,2.059612513E0,-3.447949886E0,8.095743839E0
8.085038448E0,-7.139275074E0,2.240424871E0,-3.467474937E0,8.246946988E0
8.087543063E0,-7.268799782E0,2.422475100E0,-3.450424910E0,8.402932103E0
8.090047679E0,-7.386087418E0,2.525049925E0,-3.428425074E0,8.525506610E0
8.092553294E0,-7.482612610E0,2.519000053E0,-3.414949894E0,8.602135521E0
8.095056988E0,-7.560712337E0,2.438287497E0,-3.401612520E0,8.641792910E0
8.097561833E0,-7.620662689E0,2.288137436E0,-3.378375053E0,8.644275027E0
8.100066450E0,-7.677999973E0,2.146374941E0,-3.351424932E0,8.648159229E0
8.102571065E0,-7.739049911E0,2.051087379E0,-3.323374987E0,8.668602787E0
8.105075739E0,-7.805049896E0,2.007087469E0,-3.284324884E0,8.702528020E0
8.107580354E0,-7.874762535E0,1.999799967E0,-3.225612402E0,8.741605131E0
8.110084969E0,-7.945574760E0,2.008325100E0,-3.151087523E0,8.780369044E0
8.112590583E0,-8.011574745E0,2.003375053E0,-3.066799879E0,8.809319100E0
8.115094185E0,-8.071387291E0,1.980137467E0,-2.975224972E0,8.827241971E0
8.117598876E0,-8.123912811E0,1.944800019E0,-2.881175041E0,8.836366680E0
8.120103722E0,-8.172862053E0,1.904512525E0,-2.786987543E0,8.842518966E0
8.122608108E0,-8.225387573E0,1.855562449E0,-2.692937374E0,8.851667890E0
8.125112939E0,-8.272962570E0,1.798225045E0,-2.601362467E0,8.856783258E0
8.127617556E0,-8.312150002E0,1.734699965E0,-2.507312536E0,8.853679335E0
8.130122246E0,-8.343912125E0,1.662512541E0,-2.409549952E0,8.842553277E0
8.132628015E0,-8.369487762E0,1.574650049E0,-2.306974888E0,8.823263643E0
8.135131469E0,-8.389012337E0,1.474412441E0,-2.201787472E0,8.797572853E0
8.137636005E0,-8.403724670E0,1.369362473E0,-2.097975016E0,8.769221236E0
8.140140621E0,-8.418437004E0,1.283837438E0,-1.998975039E0,8.747240786E0
8.142645236E0,-8.433012009E0,1.217837453E0,-1.902587533E0,8.730329829E0
8.145149929E0,-8.451299667E0,1.139600039E0,-1.806062460E0,8.716938449E0
8.147654556E0,-8.456250191E0,1.029737473E0,-1.707062483E0,8.688071643E0
8.150159400E0,-8.452537537E0,9.112125039E-1,-1.609300017E0,8.652487826E0
8.152664939E0,-8.446487427E0,8.024500012E-1,-1.510300040E0,8.617893134E0
8.155168633E0,-8.422012329E0,7.144500017E-1,-1.412675023E0,8.569502973E0
8.157673328E0,-8.371962547E0,6.388249993E-1,-1.308724999E0,8.497682943E0
8.160177944E0,-8.313249588E0,5.703499913E-1,-1.198862553E0,8.418591880E0
8.162682559E0,-8.247387886E0,5.178250074E-1,-1.085150003E0,8.334572587E0
8.165187174E0,-8.180150032E0,4.787749946E-1,-9.678624868E-1,8.251111309E0
8.167691805E0,-8.117862701E0,4.445374906E-1,-8.482375145E-1,8.174155326E0
8.170196420E0,-8.057912827E0,4.065875113E-1,-7.284749746E-1,8.100984404E0
8.172702266E0,-7.981050014E0,3.687750101E-1,-6.087124944E-1,8.012720215E0
8.175205884E0,-7.893050194E0,3.222999871E-1,-4.926624894E-1,7.914975361E0
8.177710497E0,-7.790474892E0,2.697750032E-1,-3.803249896E-1,7.804416999E0
8.180215102E0,-7.676762581E0,2.099625021E-1,-2.690874934E-1,7.684346170E0
8.182719718E0,-7.552187443E0,1.464374959E-1,-1.590874940E-1,7.555282122E0
8.185224333E0,-7.421424866E0,7.191249728E-2,-4.922499880E-2,7.421936509E0
8.187728949E0,-7.290800095E0,-1.361249946E-2,5.582499877E-2,7.291026522E0
8.190233641E0,-7.156324863E0,-1.003749967E-1,1.597750038E-1,7.158811964E0
8.192739174E0,-7.017037392E0,-1.809500009E-1,2.574000061E-1,7.024087942E0
8.195242869E0,-6.872937679E0,-2.518999875E-1,3.515875041E-1,6.886533215E0
8.197747482E0,-6.723887444E0,-3.117125034E-1,4.346374869E-1,6.745126892E0
8.200252098E0,-6.574837685E0,-3.667125106E-1,5.054500103E-1,6.604426422E0
8.202756713E0,-6.418499947E0,-4.179999828E-1,5.652624965E-1,6.456886807E0
8.205261559E0,-6.254737377E0,-4.705249965E-1,6.154500246E-1,6.302532202E0
8.207766176E0,-6.087399960E0,-5.255249739E-1,6.557375193E-1,6.145128677E0
8.210270792E0,-5.916349888E0,-5.805249810E-1,6.899750233E-1,5.984669647E0
8.212776405E0,-5.741587639E0,-6.355249882E-1,7.229750156E-1,5.821719119E0
8.215280014E0,-5.563250065E0,-6.855750084E-1,7.522624731E-1,5.655586902E0
8.217784935E0,-5.381199837E0,-7.308124900E-1,7.790749669E-1,5.486196896E0
8.220289552E0,-5.199150085E0,-7.698624730E-1,8.010749817E-1,5.316537498E0
8.222794168E0,-5.015862465E0,-8.040999770E-1,8.182625175E-1,5.145386923E0
8.225298783E0,-4.831474781E0,-8.370999694E-1,8.328375220E-1,4.973681057E0
8.227803398E0,-4.645712376E0,-8.724374771E-1,8.414999843E-1,4.801240762E0
8.230308089E0,-4.460087299E0,-9.164375067E-1,8.463125229E-1,4.631250512E0
8.232813627E0,-4.269512653E0,-9.702000022E-1,8.463125229E-1,4.459402564E0
8.235317321E0,-4.076462269E0,-1.026437521E0,8.414999843E-1,4.287101683E0
8.237821939E0,-3.885887384E0,-1.080199957E0,8.292624950E-1,4.117599907E0
8.240326554E0,-3.697649956E0,-1.125437498E0,8.035500050E-1,3.947773723E0
8.242831170E0,-3.512024879E0,-1.162012458E0,7.705500126E-1,3.778668949E0
8.245335785E0,-3.331212521E0,-1.192537546E0,7.327374816E-1,3.613312452E0
8.247840386E0,-3.151637554E0,-1.215775013E0,6.924499869E-1,3.448248126E0
8.250345002E0,-2.982924938E0,-1.234062552E0,6.484500170E-1,3.292603680E0
8.252850771E0,-2.818062544E0,-1.238875031E0,6.010124683E-1,3.136479528E0
8.255354465E0,-2.660350084E0,-1.235162497E0,5.472499728E-1,2.983717731E0
8.257859055E0,-2.506487370E0,-1.229112506E0,4.897750020E-1,2.834268166E0
8.260363670E0,-2.357437372E0,-1.225399971E0,4.299624860E-1,2.691464990E0
8.262868285E0,-2.210862398E0,-1.222924948E0,3.701499999E-1,2.553520901E0
8.265372978E0,-2.066624880E0,-1.220587492E0,3.139125109E-1,2.420601843E0
8.267877595E0,-1.927337527E0,-1.214400053E0,2.601499856E-1,2.292831317E0
8.270382225E0,-1.788049936E0,-1.207112551E0,2.100999951E-1,2.167575902E0
8.272887992E0,-1.649999976E0,-1.203400016E0,1.648624986E-1,2.048865824E0
8.275391686E0,-1.515662551E0,-1.202162504E0,1.281500012E-1,1.938775407E0
8.277896299E0,-1.383662462E0,-1.202162504E0,1.013374999E-1,1.835752103E0
8.280400944E0,-1.253037453E0,-1.208349943E0,8.057499677E-2,1.742614350E0
8.282905484E0,-1.122274995E0,-1.214400053E0,7.081250101E-2,1.655077963E0
8.285410175E0,-9.927499890E-1,-1.221825004E0,6.710000336E-2,1.575725639E0
8.287914715E0,-8.584125042E-1,-1.233924985E0,7.081250101E-2,1.504811386E0
8.290419419E0,-7.276499867E-1,-1.241349936E0,7.933750004E-2,1.441082442E0
8.292924958E0,-5.981249809E-1,-1.254687548E0,8.910000324E-2,1.392814828E0
8.295428652E0,-4.723125100E-1,-1.262112498E0,1.000999957E-1,1.351305693E0
8.297933266E0,-3.514499962E-1,-1.262112498E0,1.123374999E-1,1.314939075E0
8.300437881E0,-2.352624983E-1,-1.258399963E0,1.233374998E-1,1.286130262E0
8.302942737E0,-1.229249984E-1,-1.246162534E0,1.343374997E-1,1.259395958E0
8.305447354E0,-1.911249943E-2,-1.231587529E0,1.453374922E-1,1.240280660E0
8.307951970E0,7.741250098E-2,-1.214400053E0,1.575749964E-1,1.227024883E0
8.310456585E0,1.654125005E-1,-1.194875002E0,1.698125005E-1,1.218164131E0
8.312962218E0,2.496999949E-1,-1.153349996E0,1.783374995E-1,1.193469968E0
8.315465835E0,3.291749954E-1,-1.094774961E0,1.819124967E-1,1.157575289E0
8.317970525E0,4.012250006E-1,-1.038537502E0,1.856250018E-1,1.128715326E0
8.320475141E0,4.720374942E-1,-9.933000207E-1,1.893374920E-1,1.115935936E0
8.322979756E0,5.368000269E-1,-9.432500005E-1,1.929125041E-1,1.102311238E0
8.325484593E0,5.978500247E-1,-8.870124817E-1,1.941500008E-1,1.087156850E0
8.327989211E0,6.565625072E-1,-8.234875202E-1,1.941500008E-1,1.070934286E0
8.330493901E0,7.103250027E-1,-7.550125122E-1,1.966249943E-1,1.055114634E0
8.332999439E0,7.591375113E-1,-6.854375005E-1,1.991000026E-1,1.041995748E0
8.335503057E0,8.031374812E-1,-6.072000265E-1,2.039124966E-1,1.027278926E0
8.338007747E0,8.421875238E-1,-5.291000009E-1,2.113374919E-1,1.016803900E0
8.340512363E0,8.776624799E-1,-4.496249855E-1,2.198625058E-1,1.010343297E0
8.343017209E0,9.081875086E-1,-3.702875078E-1,2.296250015E-1,1.007295900E0
8.345521826E0,9.301875234E-1,-2.980999947E-1,2.443374991E-1,1.006882937E0
8.348026441E0,9.472374916E-1,-2.285249978E-1,2.626250088E-1,1.009185035E0
8.350530826E0,9.594749808E-1,-1.600500047E-1,2.821500003E-1,1.012826177E0
8.353036670E0,9.679999948E-1,-9.295000136E-2,3.029125035E-1,1.018538010E0
8.355540297E0,9.741874933E-1,-2.694999985E-2,3.236750066E-1,1.026904613E0
8.358044910E0,9.741874933E-1,3.533750027E-2,3.431999981E-1,1.033477745E0
8.360549602E0,9.754250050E-1,9.638749808E-2,3.627249897E-1,1.045138224E0
8.363054143E0,9.754250050E-1,1.538625062E-1,3.786749840E-1,1.057602172E0
8.365558833E0,9.789999723E-1,2.015749961E-1,3.933874965E-1,1.074163464E0
8.368063461E0,9.827125072E-1,2.356749922E-1,4.043875039E-1,1.088483269E0
8.370568076E0,9.851874709E-1,2.589125037E-1,4.104374945E-1,1.098220822E0
8.373073843E0,9.814749956E-1,2.711499929E-1,4.141499996E-1,1.099243243E0
8.375577537E0,9.679999948E-1,2.613874972E-1,4.067249894E-1,1.082022472E0
8.378082165E0,9.461374879E-1,2.296250015E-1,3.933874965E-1,1.050075002E0
8.380586780E0,9.167125225E-1,1.795749962E-1,3.701499999E-1,1.004798512E0
8.383091396E0,8.788999915E-1,1.050499976E-1,3.407250047E-1,9.484694122E-1
8.385596011E0,8.361374736E-1,1.099999994E-2,3.016749918E-1,8.889626963E-1
8.388100641E0,7.981874943E-1,-8.676250279E-2,2.564375103E-1,8.428470826E-1
8.390605334E0,7.688999772E-1,-1.698125005E-1,2.088624984E-1,8.146575989E-1
8.393111103E0,7.444249988E-1,-2.272875011E-1,1.648624986E-1,7.956178922E-1
8.395614567E0,7.261375189E-1,-2.639999986E-1,1.233374998E-1,7.824217753E-1
8.398119411E0,7.103250027E-1,-2.737624943E-1,8.910000324E-2,7.664504702E-1
8.400624040E0,6.956124902E-1,-2.675749958E-1,5.981250107E-2,7.476968972E-1
8.403128655E0,6.808999777E-1,-2.480500042E-1,3.657500073E-2,7.255972126E-1
8.405633348E0,6.638500094E-1,-2.199999988E-1,1.704999991E-2,6.995623896E-1
8.408137888E0,6.381375194E-1,-1.845249981E-1,4.812499974E-3,6.642982227E-1
8.410642497E0,6.076124907E-1,-1.392875016E-1,-3.712499980E-3,6.233840947E-1
8.413148112E0,5.698000193E-1,-9.047500044E-2,-7.424999960E-3,5.769860642E-1
8.415651806E0,5.380374789E-1,-4.771250114E-2,-6.187499966E-3,5.401843173E-1
8.418156651E0,5.062749982E-1,-1.223750040E-2,-1.237499993E-3,5.064243888E-1
8.420661037E0,4.757499993E-1,1.952499896E-2,1.457499992E-2,4.763735068E-1
8.423165886E0,4.452250004E-1,5.128749833E-2,4.633750021E-2,4.505584006E-1
8.425670504E0,4.158000052E-1,7.562500238E-2,8.304999769E-2,4.307041762E-1
8.428175119E0,3.852750063E-1,9.281250089E-2,1.171500012E-1,4.132494568E-1
8.430679734E0,3.535124958E-1,1.111000031E-1,1.551000029E-1,4.017092310E-1
8.433185348E0,3.229874969E-1,1.440999955E-1,2.063875049E-1,4.094893576E-1
8.435688965E0,2.912249863E-1,1.783374995E-1,2.699125111E-1,4.352803924E-1
8.438193579E0,2.569875121E-1,2.003374994E-1,3.396250010E-1,4.706621254E-1
8.440698194E0,2.239875048E-1,2.198625058E-1,4.214375019E-1,5.254707335E-1
8.443203117E0,1.898874938E-1,2.443374991E-1,5.130124688E-1,5.991159045E-1
8.445707720E0,1.568875015E-1,2.686749995E-1,6.095374823E-1,6.843507038E-1
8.448212336E0,1.311749965E-1,2.931500077E-1,7.097749710E-1,7.790534745E-1
8.450716951E0,1.079374999E-1,3.151499927E-1,8.098750114E-1,8.757097441E-1
8.453222488E0,8.964999765E-2,3.298625052E-1,9.051625133E-1,9.675564944E-1
8.455726172E0,7.383749634E-2,3.371500075E-1,9.944000244E-1,1.052593707E0
8.458230862E0,6.393750012E-2,3.309625089E-1,1.076212525E0,1.127766636E0
8.460735478E0,5.183750018E-2,3.114374876E-1,1.144687533E0,1.187429991E0
8.463240093E0,3.836249933E-2,2.809124887E-1,1.203262448E0,1.236213585E0
8.465744704E0,2.488750033E-2,2.479124963E-1,1.250975013E0,1.275546344E0
8.468249550E0,1.017499994E-2,2.136749923E-1,1.283975005E0,1.301672903E0
8.470753936E0,1.649999991E-3,1.905750036E-1,1.307212472E0,1.321032173E0
8.473259780E0,-1.168750040E-2,1.795749962E-1,1.319312453E0,1.331528868E0
8.475763398E0,-2.158750035E-2,1.795749962E-1,1.324262500E0,1.336556908E0
8.478268088E0,-3.135000169E-2,1.953874975E-1,1.321787477E0,1.336518324E0
8.480772627E0,-3.987500072E-2,2.161500007E-1,1.313262463E0,1.331528871E0
8.483277242E0,-5.335000157E-2,2.466749996E-1,1.298550010E0,1.322848028E0
8.485781857E0,-6.435000151E-2,2.833875120E-1,1.280262470E0,1.312829539E0
8.488286521E0,-7.768750191E-2,3.139125109E-1,1.257025003E0,1.297955420E0
8.490791138E0,-9.487500042E-2,3.444375098E-1,1.232687473E0,1.283416094E0
8.493296905E0,-1.119249985E-1,3.689124882E-1,1.204499960E0,1.264691181E0
8.495800369E0,-1.289750040E-1,3.884375095E-1,1.171499968E0,1.240939332E0
8.498304978E0,-1.449249983E-1,4.054875076E-1,1.136162519E0,1.215026191E0
8.500809824E0,-1.619749963E-1,4.239124954E-1,1.095875025E0,1.186119629E0
8.503314442E0,-1.791625023E-1,4.446749985E-1,1.055449963E0,1.159228054E0
8.505819132E0,-1.949750036E-1,4.641999900E-1,1.016399980E0,1.134268840E0
8.508323673E0,-2.132624984E-1,4.776749909E-1,9.796875119E-1,1.110604300E0
8.510828334E0,-2.352624983E-1,4.789125025E-1,9.455875158E-1,1.085744619E0
8.513333872E0,-2.597374916E-1,4.714874923E-1,9.174000025E-1,1.063666670E0
8.515837490E0,-2.817375064E-1,4.604874849E-1,8.966374993E-1,1.046605729E0
8.518342411E0,-3.000249863E-1,4.459125102E-1,8.808249831E-1,1.031845730E0
8.520847012E0,-3.159750104E-1,4.336749911E-1,8.733999729E-1,1.025056934E0
8.523351628E0,-3.232625127E-1,4.287250042E-1,8.746374846E-1,1.026301374E0
8.525856243E0,-3.282124996E-1,4.287250042E-1,8.905875087E-1,1.041477165E0
8.528360858E0,-3.232625127E-1,4.751999974E-1,9.503999949E-1,1.110663693E0
8.530865549E0,-2.866874933E-1,7.110124826E-1,1.049399972E0,1.299603313E0
8.533371087E0,-2.096875012E-1,9.503999949E-1,1.170262456E0,1.522085153E0
8.535874782E0,-1.131625026E-1,8.698250055E-1,1.282737494E0,1.553968072E0
8.538379395E0,-2.034999989E-2,6.474875212E-1,1.332787514E0,1.481882846E0
8.540884241E0,6.517499685E-2,5.069624782E-1,1.302262545E0,1.398980511E0
8.543388623E0,1.604624987E-1,4.274874926E-1,1.210687518E0,1.293931233E0
8.545893467E0,2.655124962E-1,3.396250010E-1,1.103162527E0,1.184402629E0
8.548398084E0,3.840374947E-1,2.601499856E-1,1.027400017E0,1.127259334E0
8.550902775E0,5.208500028E-1,1.673374921E-1,9.748749733E-1,1.117885403E0
8.553408544E0,6.699000001E-1,-4.399999976E-2,9.040625095E-1,1.126068839E0
8.555911993E0,8.129000068E-1,-3.128125072E-1,7.915874720E-1,1.176974431E0
8.558416607E0,9.289500117E-1,-5.339124799E-1,6.487249732E-1,1.252539321E0
8.560921222E0,1.013237476E0,-6.927250028E-1,4.996750057E-1,1.325214407E0
8.563425838E0,1.068237543E0,-7.734375000E-1,3.591499925E-1,1.366867123E0
8.565930453E0,1.098762512E0,-7.819625139E-1,2.356749922E-1,1.369046067E0
8.568435068E0,1.102475047E0,-7.171999812E-1,1.293874979E-1,1.321577908E0
8.570939914E0,1.084187508E0,-6.109125018E-1,4.028749838E-2,1.245110324E0
8.573445453E0,1.055999994E0,-5.095750093E-1,-3.671250120E-2,1.173094406E0
8.575949142E0,1.018187523E0,-4.338124990E-1,-1.039500013E-1,1.111622561E0
8.578453833E0,9.839500189E-1,-3.995749950E-1,-1.674750000E-1,1.075111944E0
8.580958448E0,9.559000134E-1,-4.032875001E-1,-2.345750034E-1,1.063678088E0
8.583463063E0,9.191874862E-1,-4.008125067E-1,-2.920500040E-1,1.044437411E0
8.585967679E0,8.861874938E-1,-4.093374908E-1,-3.408625126E-1,1.033959723E0
8.588472219E0,8.531875014E-1,-4.350500107E-1,-3.848625124E-1,1.032141743E0
8.590976910E0,8.166124821E-1,-4.533374906E-1,-4.263874888E-1,1.026731278E0
8.593482679E0,7.786625028E-1,-4.716250002E-1,-4.618625045E-1,1.020814580E0
8.595986373E0,7.358999848E-1,-4.753375053E-1,-4.948624969E-1,1.006172660E0
8.598490986E0,6.846125126E-1,-4.618625045E-1,-5.326749682E-1,9.827277788E-1
8.600995607E0,6.358000040E-1,-4.558124840E-1,-5.754374862E-1,9.711513611E-1
8.603500222E0,5.880874991E-1,-4.373874962E-1,-6.158624887E-1,9.573094241E-1
8.606004838E0,5.380374789E-1,-4.043875039E-1,-6.609625220E-1,9.433371813E-1
8.608509453E0,4.915624857E-1,-3.531000018E-1,-7.013875246E-1,9.264220141E-1
8.611014087E0,4.427500069E-1,-2.957625091E-1,-7.429124713E-1,9.140142069E-1
8.613519703E0,3.975124955E-1,-2.297624946E-1,-7.819625139E-1,9.067923473E-1
8.616023397E0,3.609375060E-1,-1.637624949E-1,-8.210124969E-1,9.116773322E-1
8.618528011E0,3.254624903E-1,-9.295000136E-2,-8.540124893E-1,9.186418602E-1
8.621032636E0,2.961750031E-1,-2.076249942E-2,-8.907250166E-1,9.389045580E-1
8.623537251E0,2.704625130E-1,4.386249930E-2,-9.212499857E-1,9.611323665E-1
8.626042097E0,2.459875047E-1,1.025749967E-1,-9.457250237E-1,9.825616026E-1
8.628546715E0,2.252250016E-1,1.380500048E-1,-9.652500153E-1,1.000745571E0
8.631051358E0,2.081750035E-1,1.501500010E-1,-9.810624719E-1,1.014083541E0
8.633556972E0,1.996500045E-1,1.513874978E-1,-9.884874821E-1,1.019747911E0
8.636060666E0,1.984124929E-1,1.551000029E-1,-9.908249974E-1,1.022329548E0
8.638565279E0,2.032250017E-1,1.465750039E-1,-9.970124960E-1,1.028016804E0
8.641069895E0,2.179374993E-1,1.306249946E-1,-1.005537510E0,1.037142867E0
8.643574741E0,2.374625057E-1,1.123374999E-1,-1.019012451E0,1.052328148E0
8.646079358E0,2.655124962E-1,8.662500232E-2,-1.033587456E0,1.070655783E0
8.648583974E0,2.972750068E-1,6.104999781E-2,-1.049537539E0,1.092533102E0
8.651088589E0,3.315125108E-1,2.928750031E-2,-1.066587448E0,1.117303489E0
8.653594438E0,3.657499850E-1,-1.223750040E-2,-1.082537532E0,1.142720576E0
8.656097902E0,3.962749839E-1,-5.018749833E-2,-1.103299975E0,1.173381218E0
8.658602515E0,4.244624972E-1,-6.847500056E-2,-1.130112529E0,1.209136702E0
8.661107131E0,4.427500069E-1,-6.352499872E-2,-1.159537435E0,1.242815375E0
8.663611746E0,4.549874961E-1,-4.166249931E-2,-1.193637490E0,1.278092267E0
8.666116356E0,4.647499919E-1,-9.899999946E-3,-1.231587529E0,1.316395992E0
8.668620972E0,4.695625007E-1,3.286249936E-2,-1.273112535E0,1.357344619E0
8.671125818E0,4.707999825E-1,8.786249906E-2,-1.318349957E0,1.402647159E0
8.673631356E0,4.672249854E-1,1.465750039E-1,-1.364687443E0,1.449881111E0
8.676135066E0,4.610374868E-1,2.003374994E-1,-1.413637519E0,1.500353862E0
8.678639679E0,4.512749910E-1,2.443374991E-1,-1.458737493E0,1.546371561E0
8.681144294E0,4.365625083E-1,2.956250012E-1,-1.506449938E0,1.596048991E0
8.683648910E0,4.158000052E-1,3.517250121E-1,-1.561450005E0,1.653700773E0
8.686153525E0,3.877499998E-1,3.909125030E-1,-1.623737454E0,1.714551244E0
8.688658251E0,3.462249935E-1,4.079625010E-1,-1.689737439E0,1.772432724E0
8.691162868E0,3.046999872E-1,4.116750062E-1,-1.759312510E0,1.832347921E0
8.693668635E0,2.606999874E-1,4.006749988E-1,-1.825312495E0,1.886867945E0
8.696172099E0,2.314125001E-1,3.321999907E-1,-1.866837502E0,1.910233189E0
8.698676943E0,2.301750034E-1,1.905750036E-1,-1.882787466E0,1.906354638E0
8.701181568E0,2.546499968E-1,1.704999991E-2,-1.882787466E0,1.900006833E0
8.703686261E0,2.864125073E-1,-1.430000067E-1,-1.864362478E0,1.891647054E0
8.706190801E0,3.291749954E-1,-2.883374989E-1,-1.830124974E0,1.881715205E0
8.708695414E0,3.889875114E-1,-4.361499846E-1,-1.787362456E0,1.880479365E0
8.711200020E0,4.573250115E-1,-5.828624964E-1,-1.738549948E0,1.889822948E0
8.713705635E0,5.368000269E-1,-7.306749821E-1,-1.681074977E0,1.909987769E0
8.716209330E0,6.076124907E-1,-8.515374660E-1,-1.617550015E0,1.926337729E0
8.718713943E0,6.590374708E-1,-8.967750072E-1,-1.551687479E0,1.909520839E0
8.721218789E0,6.883249879E-1,-8.833000064E-1,-1.483212471E0,1.858475027E0
8.723723397E0,7.115625143E-1,-8.625375032E-1,-1.423400044E0,1.810071778E0
8.726228013E0,7.286124825E-1,-8.492000103E-1,-1.379400015E0,1.776164747E0
8.728732628E0,7.383750081E-1,-8.271999955E-1,-1.347637534E0,1.745160282E0
8.731237244E0,7.334250212E-1,-7.759125233E-1,-1.332924962E0,1.707817748E0
8.733742871E0,7.213249803E-1,-7.086749673E-1,-1.330449939E0,1.671115489E0
8.736246488E0,6.821374893E-1,-5.950999856E-1,-1.340350032E0,1.617403399E0
8.738751179E0,6.333249807E-1,-4.851000011E-1,-1.361112475E0,1.577672245E0
8.741255794E0,5.735124946E-1,-3.715249896E-1,-1.390399933E0,1.549244775E0
8.743760410E0,5.075125098E-1,-2.712875009E-1,-1.430687547E0,1.542087129E0
8.746265020E0,4.365625083E-1,-1.808124930E-1,-1.478399992E0,1.552078129E0
8.748769635E0,3.632749915E-1,-1.002374962E-1,-1.534500003E0,1.580097001E0
8.751274481E0,2.887499928E-1,-3.547500074E-2,-1.594449997E0,1.620773219E0
8.753780020E0,2.289374918E-1,-4.949999973E-3,-1.654262543E0,1.670036358E0
8.756283791E0,1.764124930E-1,7.287499961E-3,-1.703074932E0,1.712202879E0
8.758788405E0,1.274625063E-1,7.287499961E-3,-1.760550022E0,1.765173130E0
8.761293020E0,7.259999961E-2,-0.000000000E0,-1.824074984E0,1.825519188E0
8.763797635E0,1.883750036E-2,-7.424999960E-3,-1.888837457E0,1.888945981E0
8.766302251E0,-2.887500077E-2,-9.899999946E-3,-1.954837441E0,1.955075753E0
8.768806866E0,-7.768750191E-2,1.099999994E-3,-2.020837545E0,2.022330572E0
8.771311482E0,-1.254000068E-1,1.952499896E-2,-2.083124876E0,2.086987215E0
8.773817251E0,-1.729750037E-1,4.509999976E-2,-2.136887550E0,2.144351362E0
8.776320945E0,-2.132624984E-1,6.462500244E-2,-2.188174963E0,2.199492431E0
8.778825635E0,-2.524499893E-1,8.304999769E-2,-2.229700089E0,2.245482305E0
8.781330251E0,-2.854500115E-1,1.000999957E-1,-2.258987427E0,2.279150261E0
8.783834791E0,-3.074499965E-1,9.762500226E-2,-2.277275085E0,2.300008251E0
8.786339405E0,-3.196874857E-1,9.638749808E-2,-2.284699917E0,2.308970409E0
8.788844097E0,-3.184500039E-1,1.073874980E-1,-2.266274929E0,2.291057514E0
8.791348719E0,-2.939749956E-1,1.318625063E-1,-2.223512411E0,2.246734622E0
8.793854487E0,-2.487374991E-1,1.698125005E-1,-2.157649994E0,2.178568366E0
8.796357950E0,-1.852124929E-1,2.223374993E-1,-2.068412542E0,2.088556458E0
8.798862563E0,-1.046374962E-1,2.846249938E-1,-1.956074953E0,1.979441743E0
8.801367184E0,-1.539999992E-2,3.469125032E-1,-1.818024993E0,1.850891763E0
8.803872030E0,7.012499869E-2,3.957250118E-1,-1.664024949E0,1.711868813E0
8.806376647E0,1.471250057E-1,4.251500070E-1,-1.502737522E0,1.568635826E0
8.808881263E0,2.069374919E-1,4.384875000E-1,-1.346400023E0,1.431044176E0
8.811385858E0,2.484624982E-1,4.274874926E-1,-1.196112514E0,1.294281389E0
8.813891702E0,2.716999948E-1,3.969624937E-1,-1.055587530E0,1.160028078E0
8.816395166E0,2.789874971E-1,3.554374874E-1,-9.200124741E-1,1.024984284E0
8.818900010E0,2.789874971E-1,3.163875043E-1,-7.869125009E-1,8.928417331E-1
8.821404625E0,2.692250013E-1,2.821500003E-1,-6.609625220E-1,7.674387139E-1
8.823909256E0,2.546499968E-1,2.626250088E-1,-5.436750054E-1,6.552869811E-1
8.826413871E0,2.301750034E-1,2.479124963E-1,-4.386250079E-1,5.539251173E-1
8.828918487E0,1.934625059E-1,2.369125038E-1,-3.495250046E-1,4.644599063E-1
8.831423179E0,1.471250057E-1,2.271499932E-1,-2.785750031E-1,3.883901635E-1
8.833928712E0,9.336250275E-2,2.173874974E-1,-2.224749923E-1,3.247599162E-1
8.836432407E0,3.836249933E-2,2.100999951E-1,-1.820500046E-1,2.806348045E-1
8.838936943E0,-1.911249943E-2,2.161500007E-1,-1.589500010E-1,2.689818084E-1
8.841441636E0,-7.768750191E-2,2.369125038E-1,-1.515250057E-1,2.917579644E-1
8.843946265E0,-1.388749927E-1,2.699125111E-1,-1.577125043E-1,3.420705501E-1
8.846450880E0,-2.059749961E-1,3.102000058E-1,-1.722874939E-1,4.102837106E-1
8.848955496E0,-2.817375064E-1,3.506250083E-1,-1.930499971E-1,4.894713683E-1
8.851460342E0,-3.587374985E-1,3.884375095E-1,-2.077624947E-1,5.681034640E-1
8.853965880E0,-4.478375018E-1,4.153875113E-1,-2.150499970E-1,6.475737129E-1
8.856469575E0,-5.370749831E-1,4.422000051E-1,-2.138125002E-1,7.278091558E-1
8.858974265E0,-6.263124943E-1,4.702500105E-1,-2.004749924E-1,8.084507625E-1
8.861478880E0,-7.203624845E-1,5.216749907E-1,-1.735250056E-1,9.061886296E-1
8.863983496E0,-8.071249723E-1,5.875374675E-1,-1.405249983E-1,1.008165796E0
8.866488111E0,-8.766999841E-1,6.560124755E-1,-1.027124971E-1,1.099775017E0
8.868992952E0,-9.292249680E-1,7.378249764E-1,-5.747500062E-2,1.187917553E0
8.871497570E0,-9.732249975E-1,8.368250132E-1,-0.000000000E0,1.283527560E0
8.874003106E0,-1.019700050E0,9.613999724E-1,8.057499677E-2,1.403770077E0
8.876506800E0,-1.066037536E0,1.088449955E0,1.660999954E-1,1.532562736E0
8.879011497E0,-1.107562542E0,1.178925037E0,2.393874973E-1,1.635195830E0
8.881516112E0,-1.136987448E0,1.226500034E0,3.041499853E-1,1.699867643E0
8.884020728E0,-1.155274987E0,1.247262478E0,3.761999905E-1,1.741220956E0
8.886525343E0,-1.178512454E0,1.263212442E0,4.544374943E-1,1.786368023E0
8.889030189E0,-1.215087533E0,1.275449991E0,5.337749720E-1,1.840686316E0
8.891534806E0,-1.259087443E0,1.265687466E0,6.059625149E-1,1.885326635E0
8.894040343E0,-1.308037519E0,1.231449962E0,6.718249917E-1,1.918014593E0
8.896543806E0,-1.347087502E0,1.193500042E0,7.342500091E-1,1.943761859E0
8.899048651E0,-1.372799993E0,1.162974954E0,7.953000069E-1,1.967128024E0
8.901553276E0,-1.383662462E0,1.147162437E0,8.588249683E-1,1.992004968E0
8.904057891E0,-1.384899974E0,1.137400031E0,9.223499894E-1,2.015528782E0
8.906562507E0,-1.375137448E0,1.128737450E0,9.846374989E-1,2.033362298E0
8.909067199E0,-1.361799955E0,1.120212436E0,1.039637446E0,2.047002941E0
8.911571740E0,-1.342137456E0,1.105637550E0,1.084874988E0,2.049566072E0
8.914077584E0,-1.315325022E0,1.088449955E0,1.125162482E0,2.044698958E0
8.916580970E0,-1.292087436E0,1.082399964E0,1.155687451E0,2.043695944E0
8.919085661E0,-1.264037490E0,1.066450000E0,1.181262493E0,2.032360070E0
8.921590275E0,-1.233512521E0,1.032349944E0,1.205737472E0,2.010249337E0
8.924095121E0,-1.199275017E0,9.944000244E-1,1.226500034E0,1.982774397E0
8.926599739E0,-1.161324978E0,9.516375065E-1,1.246024966E0,1.951119644E0
8.929104354E0,-1.118562460E0,9.028249979E-1,1.265687466E0,1.915264920E0
8.931608969E0,-1.072224975E0,8.563500047E-1,1.283975005E0,1.879253453E0
8.934114583E0,-1.026987553E0,8.087750077E-1,1.297449946E0,1.841791739E0
8.936618200E0,-9.854624867E-1,7.647749782E-1,1.303499937E0,1.804197652E0
8.939123121E0,-9.414625168E-1,7.158250213E-1,1.308449984E0,1.763745586E0
8.941627739E0,-8.901749849E-1,6.560124755E-1,1.314499974E0,1.717752617E0
8.944132123E0,-8.303624988E-1,5.852000117E-1,1.325500011E0,1.670003357E0
8.946636967E0,-7.691749930E-1,5.167250037E-1,1.334025025E0,1.624271427E0
8.949141354E0,-7.056499720E-1,4.494875073E-1,1.342550039E0,1.581904394E0
8.951646198E0,-6.396499872E-1,3.834874928E-1,1.347499967E0,1.540120425E0
8.954151814E0,-5.725499988E-1,3.224374950E-1,1.345024943E0,1.496954087E0
8.956655431E0,-5.053125024E-1,2.663374841E-1,1.334025025E0,1.451171647E0
8.959160044E0,-4.430249929E-1,2.113374919E-1,1.316974998E0,1.405474235E0
8.961664737E0,-3.855499923E-1,1.526249945E-1,1.291262507E0,1.356208704E0
8.964169352E0,-3.305499852E-1,8.428750187E-2,1.261975050E0,1.307267648E0
8.966674189E0,-2.854500115E-1,2.337499987E-3,1.226500034E0,1.259281346E0
8.969178807E0,-2.512125075E-1,-8.799999952E-2,1.187450051E0,1.216917971E0
8.971683422E0,-2.219250053E-1,-1.797125041E-1,1.143450022E0,1.178569151E0
8.974189035E0,-2.011625022E-1,-2.652375102E-1,1.090924978E0,1.140585199E0
8.976692653E0,-1.864500046E-1,-3.115749955E-1,1.033450007E0,1.095381897E0
8.979197280E0,-1.706375033E-1,-3.310999870E-1,9.736375213E-1,1.042455938E0
8.981701896E0,-1.546874940E-1,-3.763374984E-1,9.088749886E-1,9.957971070E-1
8.984206511E0,-1.473999918E-1,-4.288625121E-1,8.428750038E-1,9.571249051E-1
8.986711126E0,-1.449249983E-1,-4.789125025E-1,7.793499827E-1,9.261462281E-1
8.989215819E0,-1.486375034E-1,-5.266249776E-1,7.220125198E-1,9.059409767E-1
8.991720441E0,-1.583999991E-1,-5.693874955E-1,6.730625033E-1,8.957152523E-1
8.994226208E0,-1.656875014E-1,-6.011499763E-1,6.377249956E-1,8.919230976E-1
8.996729672E0,-1.742125005E-1,-6.256250143E-1,6.107749939E-1,8.915171042E-1
8.999234516E0,-1.779250056E-1,-6.402000189E-1,5.949624777E-1,8.919045474E-1
9.001739107E0,-1.803999990E-1,-6.476249695E-1,5.875374675E-1,8.928395917E-1
9.004243800E0,-1.803999990E-1,-6.451500058E-1,5.875374675E-1,8.910459951E-1
9.006748340E0,-1.766874939E-1,-6.353874803E-1,5.924875140E-1,8.865535375E-1
9.009252954E0,-1.729750037E-1,-6.169624925E-1,6.047250032E-1,8.810535730E-1
9.011757569E0,-1.681624949E-1,-5.999125242E-1,6.169624925E-1,8.768217484E-1
9.014263415E0,-1.583999991E-1,-5.852000117E-1,6.340125203E-1,8.772237396E-1
9.016766802E0,-1.534499973E-1,-5.766749978E-1,6.510624886E-1,8.831666427E-1
9.019271492E0,-1.461624950E-1,-5.693874955E-1,6.694874763E-1,8.909428017E-1
9.021776107E0,-1.363999993E-1,-5.608624816E-1,6.852999926E-1,8.959954034E-1
9.024280959E0,-1.326874942E-1,-5.388625264E-1,6.987749934E-1,8.923369795E-1
9.026785576E0,-1.266375035E-1,-5.143874884E-1,7.097749710E-1,8.856703986E-1
9.029290191E0,-1.204499975E-1,-4.996750057E-1,7.170624733E-1,8.822482099E-1
9.031794807E0,-1.131625026E-1,-4.838624895E-1,7.232499719E-1,8.775073689E-1
9.034300425E0,-1.058750004E-1,-4.753375053E-1,7.268249989E-1,8.748884721E-1
9.036804043E0,-1.009249985E-1,-4.679124951E-1,7.280625105E-1,8.713225451E-1
9.039308733E0,-9.611249715E-2,-4.643374979E-1,7.268249989E-1,8.678257331E-1
9.041813348E0,-9.116250277E-2,-4.483875036E-1,7.268249989E-1,8.588576915E-1
9.044318194E0,-8.992499858E-2,-4.228124917E-1,7.243499756E-1,8.435281831E-1
9.046822590E0,-9.487500042E-2,-3.898124993E-1,7.195374966E-1,8.238259885E-1
9.049327434E0,-9.721250087E-2,-3.543374836E-1,7.133499980E-1,8.024173118E-1
9.051832129E0,-1.069749966E-1,-3.152875006E-1,7.060624957E-1,7.806241771E-1
9.054337665E0,-1.179749966E-1,-2.675749958E-1,6.962999701E-1,7.552139608E-1
9.056841359E0,-1.314499974E-1,-2.150499970E-1,6.852999926E-1,7.301792128E-1
9.059345973E0,-1.412124932E-1,-1.515250057E-1,6.755374670E-1,7.065774302E-1
9.061850588E0,-1.449249983E-1,-8.195000142E-2,6.645374894E-1,6.850760051E-1
9.064355204E0,-1.449249983E-1,-9.899999946E-3,6.560124755E-1,6.719029938E-1
9.066859834E0,-1.376374960E-1,6.104999781E-2,6.474875212E-1,6.647640729E-1
9.069364449E0,-1.266375035E-1,1.258125007E-1,6.450124979E-1,6.692585189E-1
9.071869295E0,-1.131625026E-1,1.819124967E-1,6.413000226E-1,6.761387635E-1
9.074374911E0,-9.844999760E-2,2.296250015E-1,6.425374746E-1,6.894015156E-1
9.076878528E0,-8.387500048E-2,2.674374878E-1,6.450124979E-1,7.032772910E-1
9.079383223E0,-6.544999778E-2,3.004375100E-1,6.498249769E-1,7.189011756E-1
9.081887838E0,-4.716249928E-2,3.309625089E-1,6.584874988E-1,7.384891805E-1
9.084392378E0,-2.516249940E-2,3.616249859E-1,6.694874763E-1,7.613273033E-1
9.086897069E0,-6.874999963E-4,3.921499848E-1,6.828249693E-1,7.874211211E-1
9.089401696E0,2.241249941E-2,4.164874852E-1,7.000125051E-1,8.148506935E-1
9.091906312E0,4.812499881E-2,4.349125028E-1,7.170624733E-1,8.400258872E-1
9.094412079E0,7.493750006E-2,4.434374869E-1,7.353500128E-1,8.619698806E-1
9.096915542E0,1.006499976E-1,4.434374869E-1,7.550125122E-1,8.813688901E-1
9.099420391E0,1.287000030E-1,4.349125028E-1,7.732999921E-1,8.964962095E-1
9.101925007E0,1.604624987E-1,4.226749837E-1,7.867749929E-1,9.074234099E-1
9.104429622E0,1.886499971E-1,4.054875076E-1,7.953000069E-1,9.124204300E-1
9.106934315E0,2.142249942E-1,3.871999979E-1,8.001124859E-1,9.143282652E-1
9.109438932E0,2.374625057E-1,3.737249970E-1,7.965375185E-1,9.113346440E-1
9.111943537E0,2.594625056E-1,3.616249859E-1,7.891125083E-1,9.059757022E-1
9.114449305E0,2.754124999E-1,3.493874967E-1,7.732999921E-1,8.921415503E-1
9.116952768E0,2.875125110E-1,3.431999981E-1,7.537750006E-1,8.767134276E-1
9.119457612E0,2.961750031E-1,3.408625126E-1,7.280625105E-1,8.567274386E-1
9.121962219E0,2.961750031E-1,3.444375098E-1,6.975374818E-1,8.324153825E-1
9.124466834E0,2.972750068E-1,3.542000055E-1,6.657750010E-1,8.106086760E-1
9.126971449E0,2.985124886E-1,3.651999831E-1,6.315374970E-1,7.882387606E-1
9.129476065E0,2.972750068E-1,3.871999979E-1,5.937250257E-1,7.686388450E-1
9.131980684E0,2.972750068E-1,4.129124880E-1,5.545374751E-1,7.525828617E-1
9.134486300E0,2.985124886E-1,4.459125102E-1,5.142499804E-1,7.432366480E-1
9.136989994E0,3.009875119E-1,4.837250113E-1,4.739624858E-1,7.410963546E-1
9.139494607E0,3.034625053E-1,5.252500176E-1,4.311999977E-1,7.442516451E-1
9.141999238E0,3.034625053E-1,5.644375086E-1,3.909125030E-1,7.506608943E-1
9.144503853E0,3.034625053E-1,6.022499800E-1,3.481499851E-1,7.589485771E-1
9.147008468E0,3.034625053E-1,6.315374970E-1,3.089624941E-1,7.657590516E-1
9.149513315E0,3.046999872E-1,6.547750235E-1,2.723875046E-1,7.718596804E-1
9.152017932E0,3.071750104E-1,6.730625033E-1,2.393874973E-1,7.776091527E-1
9.154523439E0,3.071750104E-1,6.815875173E-1,2.100999951E-1,7.765694036E-1
9.157027134E0,3.046999872E-1,6.743000150E-1,1.795749962E-1,7.614261433E-1
9.159531824E0,3.034625053E-1,6.572499871E-1,1.513874978E-1,7.395844862E-1
9.162036670E0,2.972750068E-1,6.290624738E-1,1.281500012E-1,7.074704576E-1
9.164541288E0,2.937000096E-1,5.937250257E-1,1.062875018E-1,6.708696854E-1
9.167045898E0,2.924624979E-1,5.570124984E-1,8.786249906E-2,6.352299228E-1
9.169550513E0,2.924624979E-1,5.227749944E-1,7.562500238E-2,6.037773997E-1
9.172055129E0,2.997500002E-1,4.922499955E-1,6.352499872E-2,5.798237199E-1
9.174560665E0,3.107500076E-1,4.690124989E-1,5.486249924E-2,5.652859322E-1
9.177064389E0,3.229874969E-1,4.482499957E-1,5.004999787E-2,5.547557878E-1
9.179569079E0,3.412750065E-1,4.262500107E-1,4.757500067E-2,5.481068166E-1
9.182073694E0,3.559874892E-1,4.043875039E-1,4.757500067E-2,5.408509281E-1
9.184578310E0,3.742749989E-1,3.799124956E-1,5.004999787E-2,5.356494016E-1
9.187082930E0,3.950375021E-1,3.554374874E-1,5.486249924E-2,5.342287237E-1
9.189587546E0,4.182749987E-1,3.298625052E-1,5.981250107E-2,5.360417727E-1
9.192092161E0,4.452250004E-1,3.066250086E-1,6.710000336E-2,5.447445340E-1
9.194597930E0,4.672249854E-1,2.894375026E-1,7.452499866E-2,5.546415332E-1
9.197101609E0,4.915624857E-1,2.761000097E-1,8.428750187E-2,5.700607649E-1
9.199606223E0,5.123249888E-1,2.711499929E-1,9.281250089E-2,5.870377954E-1
9.202110838E0,5.330874920E-1,2.638624907E-1,1.013374999E-1,6.033862585E-1
9.204615454E0,5.502749681E-1,2.540999949E-1,1.062875018E-1,6.153587417E-1
9.207120084E0,5.673249960E-1,2.431000024E-1,1.098624989E-1,6.269170846E-1
9.209624776E0,5.856124759E-1,2.308624983E-1,1.086250022E-1,6.387791920E-1
9.212129317E0,6.063749790E-1,2.235749960E-1,1.062875018E-1,6.549606301E-1
9.214635161E0,6.260374784E-1,2.161500007E-1,1.000999957E-1,6.698236756E-1
9.217138624E0,6.480374932E-1,2.161500007E-1,8.910000324E-2,6.889210593E-1
9.219643228E0,6.736124754E-1,2.186249942E-1,7.809999585E-2,7.124957996E-1
9.222147843E0,6.931374669E-1,2.223374993E-1,6.352499872E-2,7.306907260E-1
9.224652459E0,7.151374817E-1,2.259124964E-1,4.633750021E-2,7.514021811E-1
9.227157305E0,7.358999848E-1,2.283875048E-1,2.433750033E-2,7.709098222E-1
9.229661931E0,7.518500090E-1,2.296250015E-1,-0.000000000E0,7.861336256E-1
9.232166547E0,7.713750005E-1,2.320999950E-1,-2.323750034E-2,8.058720621E-1
9.234672160E0,7.860875130E-1,2.369125038E-1,-4.771250114E-2,8.223974679E-1
9.237175854E0,8.006625175E-1,2.443374991E-1,-7.095000148E-2,8.401161724E-1
9.239680713E0,8.091874719E-1,2.443374991E-1,-9.418749809E-2,8.505036525E-1
9.242185331E0,8.141375184E-1,2.406249940E-1,-1.124750003E-1,8.563707797E-1
9.244689946E0,8.141375184E-1,2.381500006E-1,-1.282874942E-1,8.579003455E-1
9.247194562E0,8.104249835E-1,2.418625057E-1,-1.405249983E-1,8.573408894E-1
9.249699177E0,8.068500161E-1,2.406249940E-1,-1.490499973E-1,8.550574472E-1
9.252203777E0,8.068500161E-1,2.369125038E-1,-1.539999992E-1,8.548979370E-1
9.254709391E0,8.056125045E-1,2.381500006E-1,-1.577125043E-1,8.547515219E-1
9.257213008E0,8.043749928E-1,2.381500006E-1,-1.577125043E-1,8.535852540E-1
9.259717699E0,8.031374812E-1,2.431000024E-1,-1.539999992E-1,8.531374008E-1
9.262222305E0,7.994250059E-1,2.479124963E-1,-1.502874941E-1,8.503689063E-1
9.264726920E0,7.933750153E-1,2.516250014E-1,-1.479499936E-1,8.453687106E-1
9.267231536E0,7.848500013E-1,2.553375065E-1,-1.430000067E-1,8.376370149E-1
9.269736151E0,7.774249911E-1,2.576749921E-1,-1.380500048E-1,8.305683730E-1
9.272240997E0,7.616124749E-1,2.663374841E-1,-1.344749928E-1,8.179686675E-1
9.274746531E0,7.469000220E-1,2.748624980E-1,-1.332374960E-1,8.069456401E-1
9.277250225E0,7.286124825E-1,2.858625054E-1,-1.369500011E-1,7.945746186E-1
9.279754838E0,7.090874910E-1,2.956250012E-1,-1.405249983E-1,7.809907083E-1
9.282259531E0,6.895624995E-1,2.980999947E-1,-1.430000067E-1,7.647280886E-1
9.284764146E0,6.687999964E-1,3.066250086E-1,-1.442375034E-1,7.497444821E-1
9.287268776E0,6.480374932E-1,3.236750066E-1,-1.430000067E-1,7.383543218E-1
9.289773622E0,6.320874691E-1,3.359124959E-1,-1.405249983E-1,7.294649057E-1
9.292278008E0,6.125624776E-1,3.408625126E-1,-1.332374960E-1,7.135630819E-1
9.294783776E0,5.942749977E-1,3.431999981E-1,-1.259499937E-1,6.977194368E-1
9.297287249E0,5.735124946E-1,3.431999981E-1,-1.185249984E-1,6.787864137E-1
9.299792093E0,5.478000045E-1,3.383874893E-1,-1.099999994E-1,6.532158431E-1
9.302296786E0,5.148000121E-1,3.309625089E-1,-9.899999946E-2,6.199647044E-1
9.304801403E0,4.780874848E-1,3.261500001E-1,-8.676250279E-2,5.852086787E-1
9.307305941E0,4.329875112E-1,3.176249862E-1,-7.576250285E-2,5.423133536E-1
9.309810632E0,3.840374947E-1,3.078624904E-1,-6.352499872E-2,4.962857400E-1
9.312315249E0,3.339875042E-1,3.053874969E-1,-5.623750016E-2,4.560392886E-1
9.314821016E0,2.802250087E-1,2.991999984E-1,-5.376249924E-2,4.134454025E-1
9.317324480E0,2.276999950E-1,2.956250012E-1,-5.266249925E-2,3.768484681E-1
9.319829093E0,1.764124930E-1,2.931500077E-1,-5.266249925E-2,3.461670602E-1
9.322333925E0,1.226499975E-1,2.906749845E-1,-5.747500062E-2,3.206841813E-1
9.324838312E0,6.641250104E-2,2.894375026E-1,-6.352499872E-2,3.036776476E-1
9.327343233E0,9.074999951E-3,2.881999910E-1,-7.342500240E-2,2.975446545E-1
9.329847851E0,-5.335000157E-2,2.833875120E-1,-8.552499861E-2,3.007810333E-1
9.332352494E0,-1.192125008E-1,2.711499929E-1,-1.027124971E-1,3.135024658E-1
9.334858030E0,-1.864500046E-1,2.479124963E-1,-1.185249984E-1,3.320728614E-1
9.337361648E0,-2.536875010E-1,2.125750035E-1,-1.380500048E-1,3.586130004E-1
9.339866338E0,-3.184500039E-1,1.588124931E-1,-1.577125043E-1,3.892364923E-1
9.342370949E0,-3.757874966E-1,7.809999585E-2,-1.747625023E-1,4.217318866E-1
9.344875565E0,-4.259749949E-1,-4.042499885E-2,-1.894749999E-1,4.679633024E-1
9.347380411E0,-4.686000049E-1,-2.004749924E-1,-1.955250055E-1,5.458994550E-1
9.349885028E0,-5.053125024E-1,-4.056249857E-1,-1.930499971E-1,6.761217756E-1
9.352389644E0,-5.370749831E-1,-6.586250067E-1,-1.845249981E-1,8.696470041E-1
9.354895242E0,-5.640249848E-1,-9.615374804E-1,-1.735250056E-1,1.128179701E0
9.357398937E0,-5.785999894E-1,-1.323162436E0,-1.589500010E-1,1.452859898E0
9.359903550E0,-5.810750127E-1,-1.741024971E0,-1.454750001E-1,1.841189587E0
9.362408165E0,-5.700749755E-1,-2.211412430E0,-1.405249983E-1,2.288029215E0
9.364913011E0,-5.431249738E-1,-2.729374886E0,-1.442375034E-1,2.786624564E0
9.367417629E0,-5.016000271E-1,-3.299862385E0,-1.527625024E-1,3.341261847E0
9.369922244E0,-4.442625046E-1,-3.945012569E0,-1.527625024E-1,3.972886825E0
9.372426860E0,-3.770250082E-1,-4.657262325E0,-1.405249983E-1,4.674610946E0
9.374932473E0,-3.037374914E-1,-5.428087234E0,-1.222374961E-1,5.437952693E0
9.377436109E0,-2.279749960E-1,-6.244287491E0,-1.087625027E-1,6.249394223E0
9.379940723E0,-1.522125006E-1,-7.099400043E0,-1.039500013E-1,7.101792395E0
9.382445338E0,-8.016250283E-2,-7.991224766E0,-1.112374961E-1,7.992400957E0
9.384950031E0,-9.349999949E-3,-8.912474632E0,-1.357125044E-1,8.913512741E0
9.387454648E0,5.788749829E-2,-9.881299973E0,-1.857624948E-1,9.883215459E0
9.389959473E0,1.153625026E-1,-1.088188744E1,-2.578125000E-1,1.088555235E1
9.392464090E0,1.641750038E-1,-1.191905022E1,-3.482874930E-1,1.192526795E1
9.394969704E0,1.971749961E-1,-1.299416256E1,-4.606249928E-1,1.300381921E1
9.397473090E0,2.129874974E-1,-1.409856224E1,-5.876749754E-1,1.411241237E1
9.399977930E0,2.019875050E-1,-1.523967457E1,-7.282000184E-1,1.525839950E1
9.402482545E0,1.604624987E-1,-1.645283699E1,-8.857749701E-1,1.647744490E1
9.404987160E0,7.383749634E-2,-1.777352524E1,-1.083775043E0,1.780669031E1
9.407491776E0,-5.939999968E-2,-1.923954964E1,-1.318349957E0,1.928475681E1
9.409996468E0,-2.597374916E-1,-2.084857559E1,-1.579737544E0,2.090995310E1
9.412501090E0,-5.407875180E-1,-2.262493706E1,-1.857074976E0,2.270746475E1
9.415006858E0,-9.219374657E-1,-2.460287476E1,-2.146650076E0,2.471354935E1
9.417510552E0,-1.420374990E0,-2.680686188E1,-2.444750071E0,2.695555809E1
9.420015165E0,-2.042287588E0,-2.919647408E1,-2.736662388E0,2.939548193E1
9.422519781E0,-2.770349979E0,-3.168508720E1,-3.012762547E0,3.194833843E1
9.425024382E0,-3.540075064E0,-3.404912567E1,-3.225337505E0,3.438426810E1
9.427528998E0,-4.301137447E0,-3.603929901E1,-3.352387428E0,3.644954537E1
9.430033613E0,-4.991387367E0,-3.743327332E1,-3.362149954E0,3.791395457E1
9.432538228E0,-5.497250080E0,-3.802947617E1,-3.211999893E0,3.855875723E1
9.435043858E0,-5.823400021E0,-3.806852341E1,-2.934662580E0,3.862300748E1
9.437547783E0,-6.132500172E0,-3.801847458E1,-2.629137516E0,3.859953797E1
9.440052167E0,-6.413549900E0,-3.796471405E1,-2.305462599E0,3.857159957E1
9.442556781E0,-6.661462307E0,-3.791094971E1,-1.969412446E0,3.854210390E1
9.445061396E0,-6.880225182E0,-3.786447525E1,-1.617550015E0,3.851846898E1
9.447566026E0,-7.061037540E0,-3.781813812E1,-1.255924940E0,3.849217024E1
9.450070872E0,-7.208849907E0,-3.777894974E1,-8.857749701E-1,3.847078317E1
9.452575489E0,-7.322424889E0,-3.774594879E1,-5.046250224E-1,3.845294791E1
9.455081103E0,-7.398187637E0,-3.771542358E1,-1.209999993E-1,3.843437260E1
9.457584725E0,-7.440949917E0,-3.769342422E1,2.662000060E-1,3.842177544E1
9.460089415E0,-7.444662571E0,-3.768008804E1,6.560124755E-1,3.841409101E1
9.462594031E0,-7.410425186E0,-3.767513657E1,1.045687437E0,3.841124547E1
9.465098646E0,-7.344424725E0,-3.767637634E1,1.430549979E0,3.841219054E1
9.467603256E0,-7.240612507E0,-3.768366241E1,1.812937498E0,3.841577313E1
9.470107872E0,-7.100087643E0,-3.770208740E1,2.186800003E0,3.842708333E1
9.472612487E0,-6.925462246E0,-3.772037506E1,2.550899982E0,3.843560605E1
9.475118256E0,-6.718937397E0,-3.774842453E1,2.907574892E0,3.845180966E1
9.477621956E0,-6.478312492E0,-3.778018570E1,3.248437405E0,3.846899154E1
9.480126646E0,-6.204549789E0,-3.781318665E1,3.577062368E0,3.848543747E1
9.482631262E0,-5.902874947E0,-3.784989929E1,3.887399912E0,3.850416454E1
9.485135877E0,-5.570537567E0,-3.788895035E1,4.181787491E0,3.852389900E1
9.487640492E0,-5.213725090E0,-3.792923737E1,4.453074932E0,3.854399892E1
9.490145098E0,-4.830237389E0,-3.797076416E1,4.705937386E0,3.856495781E1
9.492649944E0,-4.424612522E0,-3.800994873E1,4.934462547E0,3.858344618E1
9.495155559E0,-3.998224974E0,-3.805023575E1,5.139612675E0,3.860339184E1
9.497659177E0,-3.551074982E0,-3.808805084E1,5.318087578E0,3.862113160E1
9.500163781E0,-3.089212418E0,-3.812352371E1,5.471950054E0,3.863791572E1
9.502668396E0,-2.614012480E0,-3.815281296E1,5.597762585E0,3.864977547E1
9.505173012E0,-2.128912449E0,-3.817728806E1,5.694287300E0,3.865827854E1
9.507677627E0,-1.636662483E0,-3.819805145E1,5.762762547E0,3.866496128E1
9.510182228E0,-1.135749936E0,-3.821386337E1,5.801812649E0,3.866846663E1
9.512686843E0,-6.360750198E-1,-3.822128677E1,5.810337543E0,3.866563560E1
9.515192689E0,-1.363999993E-1,-3.822733688E1,5.790812492E0,3.866369614E1
9.517696153E0,3.620375097E-1,-3.822733688E1,5.743237495E0,3.865805393E1
9.520200766E0,8.544250131E-1,-3.821509933E1,5.663762569E0,3.864197285E1
9.522705612E0,1.335812449E0,-3.820052338E1,5.557475090E0,3.862576744E1
9.525210230E0,1.807437539E0,-3.818209839E1,5.421899796E0,3.860746644E1
9.527714845E0,2.261874914E0,-3.815776062E1,5.260612488E0,3.858503359E1
9.530219460E0,2.701600075E0,-3.812723541E1,5.072512627E0,3.855794480E1
9.532724076E0,3.121937513E0,-3.809671402E1,4.858699799E0,3.853197473E1
9.535229675E0,3.520274878E0,-3.806000137E1,4.622887611E0,3.850100167E1
9.537733369E0,3.894000053E0,-3.802452469E1,4.363837242E0,3.847168816E1
9.540237983E0,4.242287636E0,-3.798794937E1,4.082924843E0,3.844153453E1
9.542742598E0,4.561150074E0,-3.795247650E1,3.783587456E0,3.841236906E1
9.545247214E0,4.851824760E0,-3.791590118E1,3.467200041E0,3.838199112E1
9.547752069E0,5.112112522E0,-3.788042450E1,3.133625031E0,3.835205158E1
9.550256686E0,5.338162422E0,-3.784866333E1,2.790287495E0,3.832496573E1
9.552761302E0,5.533549786E0,-3.781813812E1,2.432374954E0,3.829814868E1
9.555266915E0,5.692362309E0,-3.779489899E1,2.064562559E0,3.827688332E1
9.557770609E0,5.813362598E0,-3.777166367E1,1.689599991E0,3.825373850E1
9.560275127E0,5.902599812E0,-3.775695038E1,1.308449984E0,3.823793964E1
9.562779819E0,5.953887463E0,-3.774594879E1,9.235875010E-1,3.822379416E1
9.565284434E0,5.969699860E0,-3.774361420E1,5.374875069E-1,3.821657522E1
9.567789050E0,5.947700024E0,-3.774718857E1,1.501500010E-1,3.821319046E1
9.570293896E0,5.889124870E0,-3.775584793E1,-2.334749997E-1,3.821309141E1
9.572798283E0,5.796312332E0,-3.776918793E1,-6.133875251E-1,3.821629283E1
9.575304127E0,5.668025017E0,-3.778637314E1,-9.872499704E-1,3.822186763E1
9.577807744E0,5.500549793E0,-3.781071091E1,-1.352450013E0,3.823264349E1
9.580312358E0,5.305162430E0,-3.784013748E1,-1.706787467E0,3.824831861E1
9.582816963E0,5.070587635E0,-3.787423706E1,-2.050124884E0,3.826710995E1
9.585321578E0,4.807962418E0,-3.790723801E1,-2.378750086E0,3.828490104E1
9.587826194E0,4.513437271E0,-3.794518661E1,-2.691425085E0,3.830733705E1
9.590330886E0,4.190999985E0,-3.797818756E1,-2.988425016E0,3.832542101E1
9.592835489E0,3.837899923E0,-3.801476288E1,-3.263287544E0,3.834710834E1
9.595341257E0,3.459087372E0,-3.805147552E1,-3.519862413E0,3.837016427E1
9.597844951E0,3.058412552E0,-3.808571243E1,-3.753200054E0,3.839221131E1
9.600349564E0,2.636975050E0,-3.811857605E1,-3.962062597E0,3.841454695E1
9.602854180E0,2.195874929E0,-3.814552307E1,-4.147824764E0,3.843315297E1
9.605358872E0,1.738962531E0,-3.817123795E1,-4.305399895E0,3.845261844E1
9.607863490E0,1.272287488E0,-3.819076157E1,-4.437262535E0,3.846871824E1
9.610368105E0,7.933750153E-1,-3.820781326E1,-4.541212559E0,3.848491977E1
9.612872720E0,3.034625053E-1,-3.821152496E1,-4.615737438E0,3.849048924E1
9.615378497E0,-1.986874938E-1,-3.820781326E1,-4.660837650E0,3.849155594E1
9.617882191E0,-6.995999813E-1,-3.819076157E1,-4.680500031E0,3.848286358E1
9.620386573E0,-1.198037505E0,-3.817481232E1,-4.665787697E0,3.847754104E1
9.622891420E0,-1.692762494E0,-3.815404892E1,-4.621787548E0,3.847021983E1
9.625396037E0,-2.185149908E0,-3.812723541E1,-4.550974846E0,3.846000952E1
9.627900633E0,-2.665299892E0,-3.809176254E1,-4.464212418E0,3.844496573E1
9.630405249E0,-3.134449959E0,-3.805023575E1,-4.344449997E0,3.842550537E1
9.632909864E0,-3.590125084E0,-3.800128555E1,-4.185637474E0,3.839930029E1
9.635415478E0,-4.031225204E0,-3.794876099E1,-4.004825115E0,3.837183682E1
9.637919095E0,-4.451425076E0,-3.789266205E1,-3.805725098E0,3.834256859E1
9.640423708E0,-4.849762440E0,-3.783395004E1,-3.584625006E0,3.831158451E1
9.642928324E0,-5.222387314E0,-3.777413559E1,-3.336575031E0,3.827912462E1
9.645433016E0,-5.575349808E0,-3.771184921E1,-3.066524982E0,3.824489080E1
9.647937638E0,-5.896687508E0,-3.764832306E1,-2.778187513E0,3.820844774E1
9.650442254E0,-6.192312241E0,-3.758713913E1,-2.474037409E0,3.817405690E1
9.652947098E0,-6.457550049E0,-3.753337479E1,-2.151462555E0,3.814554976E1
9.655452636E0,-6.689650059E0,-3.747975159E1,-1.815549970E0,3.811534361E1
9.657956408E0,-6.891224861E0,-3.742956161E1,-1.467399955E0,3.808693116E1
9.660461006E0,-7.058562279E0,-3.738679886E1,-1.110587478E0,3.806349215E1
9.662965545E0,-7.195374966E0,-3.734898758E1,-7.416750193E-1,3.804300693E1
9.665470237E0,-7.290662289E0,-3.731722641E1,-3.678124845E-1,3.802452405E1
9.667974854E0,-7.351850033E0,-3.729027557E1,1.209999993E-2,3.800808464E1
9.670479698E0,-7.379899979E0,-3.727322388E1,3.921499848E-1,3.799881476E1
9.672984312E0,-7.372612476E0,-3.726469803E1,7.720624804E-1,3.799485774E1
9.675489925E0,-7.326137543E0,-3.726222610E1,1.153212547E0,3.799310049E1
9.677993543E0,-7.245562553E0,-3.726827621E1,1.530787468E0,3.799691960E1
9.680498156E0,-7.128274918E0,-3.728051376E1,1.900937438E0,3.800345475E1
9.683002780E0,-6.977987289E0,-3.730127335E1,2.267374992E0,3.801602674E1
9.685507396E0,-6.794700146E0,-3.732946396E1,2.621712446E0,3.803327761E1
9.688012088E0,-6.577175140E0,-3.735998917E1,2.965049982E0,3.805022398E1
9.690516629E0,-6.328024864E0,-3.739656067E1,3.297387600E0,3.807124129E1
9.693021314E0,-6.048212528E0,-3.743698883E1,3.612537384E0,3.809408660E1
9.695527083E0,-5.740349770E0,-3.747851181E1,3.910637379E0,3.811670956E1
9.698030547E0,-5.405537605E0,-3.752127457E1,4.191687584E0,3.813969227E1
9.700535391E0,-5.043912411E0,-3.756885147E1,4.454312325E0,3.816674667E1
9.703040006E0,-4.659187317E0,-3.761161041E1,4.693699837E0,3.818863813E1
9.705544632E0,-4.253562450E0,-3.765437317E1,4.909987450E0,3.821063450E1
9.708049324E0,-3.828412533E0,-3.769837570E1,5.105512619E0,3.823467709E1
9.710553941E0,-3.384837389E0,-3.773137665E1,5.272850037E0,3.824809610E1
9.713058557E0,-2.925587416E0,-3.776437378E1,5.414612293E0,3.826257983E1
9.715564324E0,-2.457674980E0,-3.778761292E1,5.529425144E0,3.826902662E1
9.718067792E0,-1.978762507E0,-3.780837631E1,5.617424965E0,3.827459057E1
9.720572406E0,-1.492424965E0,-3.782047653E1,5.677237511E0,3.827331712E1
9.723077252E0,-1.002512455E0,-3.782294846E1,5.707762241E0,3.826433079E1
9.725581869E0,-5.126000047E-1,-3.782171249E1,5.711474895E0,3.825396241E1
9.728086485E0,-2.639999986E-2,-3.780961227E1,5.684525013E0,3.823455638E1
9.730591151E0,4.598000050E-1,-3.779366302E1,5.630762577E0,3.821358225E1
9.733095768E0,9.387124777E-1,-3.777166367E1,5.548950195E0,3.818861879E1
9.735601536E0,1.405387521E0,-3.774594879E1,5.438950062E0,3.816168159E1
9.738104999E0,1.859962463E0,-3.771418762E1,5.303374767E0,3.813063325E1
9.740609857E0,2.302162409E0,-3.768008804E1,5.142087460E0,3.809895077E1
9.743114244E0,2.727312565E0,-3.764337540E1,4.953987598E0,3.806578435E1
9.745618857E0,3.132937431E0,-3.759937668E1,4.742650032E0,3.802658482E1
9.748123473E0,3.515325069E0,-3.755661392E1,4.509312630E0,3.798934930E1
9.750628319E0,3.875712395E0,-3.751261139E1,4.256312370E0,3.795172400E1
9.753132706E0,4.209287643E0,-3.747232437E1,3.981450081E0,3.791760991E1
9.755638550E0,4.517149925E0,-3.742956161E1,3.689537525E0,3.788125411E1
9.758142167E0,4.795724869E0,-3.739175034E1,3.380437374E0,3.784929758E1
9.760646871E0,5.041299820E0,-3.735503769E1,3.056624889E0,3.781741002E1
9.763151410E0,5.256212234E0,-3.732574844E1,2.719475031E0,3.779199397E1
9.765656025E0,5.435787678E0,-3.730251312E1,2.372562408E0,3.777107789E1
9.768160718E0,5.584837437E0,-3.728174973E1,2.015749931E0,3.775158963E1
9.770665549E0,5.697312355E0,-3.726827621E1,1.651649952E0,3.773740489E1
9.773169935E0,5.776649952E0,-3.725727463E1,1.282737494E0,3.772425762E1
9.775675703E0,5.820650101E0,-3.725851059E1,9.113500118E-1,3.772144135E1
9.778179166E0,5.829312325E0,-3.726469803E1,5.362499952E-1,3.772169356E1
9.780683996E0,5.799887657E0,-3.727927399E1,1.636250019E-1,3.772810277E1
9.783188612E0,5.738837242E0,-3.729893875E1,-2.065249979E-1,3.773841196E1
9.785693227E0,5.642312527E0,-3.732327652E1,-5.730999708E-1,3.775170333E1
9.788197843E0,5.507975101E0,-3.735627365E1,-9.334874749E-1,3.777168741E1
9.790702525E0,5.340499878E0,-3.739175034E1,-1.285349965E0,3.779306890E1
9.793207371E0,5.142637253E0,-3.743327332E1,-1.627449989E0,3.781990564E1
9.795712909E0,4.910537243E0,-3.747356415E1,-1.954837441E0,3.784445502E1
9.798216604E0,4.647912502E0,-3.751879883E1,-2.272462606E0,3.787383586E1
9.800720991E0,4.354624748E0,-3.756156158E1,-2.573037386E0,3.790058293E1
9.803225838E0,4.034524918E0,-3.760308838E1,-2.856425047E0,3.792662404E1
9.805730455E0,3.688849926E0,-3.763966370E1,-3.121525049E0,3.794859438E1
9.808235070E0,3.318700075E0,-3.767390060E1,-3.364624977E0,3.796916194E1
9.810739756E0,2.925174952E0,-3.770085144E1,-3.589437485E0,3.798414023E1
9.813244373E0,2.503737450E0,-3.769837570E1,-3.789774895E0,3.797102350E1
9.815750140E0,1.928300023E0,-3.739422607E1,-3.985300064E0,3.765539936E1
9.818253604E0,9.301875234E-1,-3.623358917E1,-4.210112572E0,3.648922144E1
9.820758217E0,-8.754624724E-1,-3.340644836E1,-4.505737305E0,3.372030391E1
9.823263063E0,-3.679362535E0,-2.871385002E1,-4.807549953E0,2.934510910E1
9.825767681E0,-7.063512325E0,-2.260417557E1,-4.933362484E0,2.419049451E1
9.828272296E0,-1.049771214E1,-1.546201229E1,-4.792837620E0,1.929370562E1
9.830776922E0,-1.364728737E1,-8.223324776E0,-4.378687382E0,1.652405598E1
9.833281537E0,-1.615171242E1,-1.516212463E0,-3.948587418E0,1.669634861E1
9.835787073E0,-1.805760002E1,4.376074791E0,-3.651725054E0,1.893573460E1
9.838290768E0,-1.936976242E1,9.575637817E0,-3.428149939E0,2.187767693E1
9.840795390E0,-2.026406288E1,1.406308746E1,-3.142287493E0,2.486516930E1
9.843300006E0,-2.068549919E1,1.765362549E1,-2.798949957E0,2.733815083E1
9.845804621E0,-2.071245003E1,2.062114906E1,-2.428800106E0,2.932808287E1
9.848309313E0,-2.042535019E1,2.277632523E1,-1.987837434E0,3.065790956E1
9.850814159E0,-1.979615021E1,2.389419937E1,-1.502737522E0,3.106571336E1
9.853318777E0,-1.868927574E1,2.392953682E1,-1.004299998E0,3.037960465E1
9.855824390E0,-1.709496307E1,2.284961319E1,-4.423374832E-1,2.854011647E1
9.858328008E0,-1.507054996E1,2.085820007E1,2.211000025E-1,2.573392453E1
9.860832703E0,-1.272727489E1,1.806172562E1,9.871125221E-1,2.211750098E1
9.863337318E0,-1.021913719E1,1.470562458E1,1.784887433E0,1.799644360E1
9.865841859E0,-7.769575119E0,1.115908718E1,2.479949951E0,1.382178266E1
9.868346549E0,-5.614537239E0,7.872699738E0,2.933287382E0,1.010478127E1
9.870851381E0,-3.838175058E0,5.140850067E0,3.122624874E0,7.135174370E0
9.873355768E0,-2.416012526E0,3.035862446E0,3.082337379E0,4.955237737E0
9.875861612E0,-1.308037519E0,1.484312534E0,2.874574900E0,3.489602657E0
9.878365229E0,-4.760249853E-1,3.749625087E-1,2.539900064E0,2.611185364E0
9.880869920E0,1.164624989E-1,-3.738625050E-1,2.128087521E0,2.163814498E0
9.883374467E0,5.233250260E-1,-8.417750001E-1,1.687124968E0,1.956743440E0
9.885879083E0,7.933750153E-1,-1.094774961E0,1.247262478E0,1.839467265E0
9.888383698E0,9.717124701E-1,-1.198587537E0,8.318749666E-1,1.752955552E0
9.890888313E0,1.088999987E0,-1.192399979E0,4.592500031E-1,1.678883333E0
9.893392939E0,1.153762460E0,-1.103299975E0,1.368124932E-1,1.602234785E0
9.895898785E0,1.180575013E0,-9.432500005E-1,-1.369500011E-1,1.517311184E0
9.898402248E0,1.184287548E0,-7.354875207E-1,-3.641000092E-1,1.440849647E0
9.900906862E0,1.173287511E0,-5.046250224E-1,-5.486249924E-1,1.390050135E0
9.903411708E0,1.150050044E0,-2.590500116E-1,-6.964374781E-1,1.369214071E0
9.905916325E0,1.115949988E0,-1.223750040E-2,-8.100125194E-1,1.378990361E0
9.908420941E0,1.074287534E0,2.283875048E-1,-8.857749701E-1,1.410975498E0
9.910925631E0,1.024237514E0,4.569124877E-1,-9.297749996E-1,1.456816068E0
9.913430262E0,9.704750180E-1,6.657750010E-1,-9.420124888E-1,1.507469947E0
9.915936030E0,9.154750109E-1,8.515374660E-1,-9.260625243E-1,1.555892782E0
9.918439493E0,8.519499898E-1,1.007874966E0,-8.857749701E-1,1.589411221E0
9.920944107E0,7.871875167E-1,1.137400031E0,-8.247249722E-1,1.610439163E0
9.923448722E0,7.200874686E-1,1.239974976E0,-7.429124713E-1,1.614925027E0
9.925953568E0,6.491374969E-1,1.316974998E0,-6.463875175E-1,1.604250435E0
9.928458186E0,5.735124946E-1,1.368262529E0,-5.388625264E-1,1.578426987E0
9.930962801E0,4.965125024E-1,1.393975019E0,-4.215750098E-1,1.538641124E0
9.933467491E0,4.158000052E-1,1.400025010E0,-3.018124998E-1,1.491325068E0
9.935973271E0,3.364624977E-1,1.387787461E0,-1.820500046E-1,1.439549671E0
9.938476734E0,2.546499968E-1,1.353549957E0,-6.599999964E-2,1.378876393E0
9.940981347E0,1.751749963E-1,1.307212472E0,3.904999793E-2,1.319475513E0
9.943485963E0,1.018875018E-1,1.247262478E0,1.331000030E-1,1.258475412E0
9.945990809E0,3.464999795E-2,1.171499968E0,2.113374919E-1,1.190914074E0
9.948495411E0,-2.516249940E-2,1.087212443E0,2.736249864E-1,1.121398538E0
9.951000027E0,-7.411249727E-2,9.944000244E-1,3.188624978E-1,1.046898927E0
9.953504411E0,-1.131625026E-1,8.918250203E-1,3.493874967E-1,9.644839251E-1
9.956010179E0,-1.436875015E-1,7.891125083E-1,3.651999831E-1,8.813147432E-1
9.958513868E0,-1.644500047E-1,6.852999926E-1,3.701499999E-1,7.960470503E-1
9.961018481E0,-1.754499972E-1,5.852000117E-1,3.664374948E-1,7.124031112E-1
9.963523097E0,-1.803999990E-1,4.776749909E-1,3.517250121E-1,6.200226130E-1
9.966027712E0,-1.766874939E-1,3.701499999E-1,3.346749842E-1,5.293740057E-1
9.968532390E0,-1.694000065E-1,2.626250088E-1,3.114374876E-1,4.412046760E-1
9.971037237E0,-1.571625024E-1,1.563374996E-1,2.846249938E-1,3.607670343E-1
9.973541854E0,-1.399749964E-1,4.881250113E-2,2.576749921E-1,2.972743875E-1
9.976047390E0,-1.241625026E-1,-5.252499878E-2,2.283875048E-1,2.652094548E-1
9.978551085E0,-1.058750004E-1,-1.490499973E-1,1.991000026E-1,2.703076552E-1
9.981055467E0,-8.744999766E-2,-2.370499969E-1,1.709125042E-1,3.050430907E-1
9.983560314E0,-7.039999962E-2,-3.177624941E-1,1.428624988E-1,3.554417760E-1
9.986064931E0,-5.568749830E-2,-3.836250007E-1,1.183874980E-1,4.053206611E-1
9.988569621E0,-3.863750026E-2,-4.423374832E-1,9.404999763E-2,4.538730081E-1
9.991074230E0,-2.639999986E-2,-4.875749946E-1,7.328750193E-2,4.937584361E-1
9.993578845E0,-1.539999992E-2,-5.181000233E-1,5.486249924E-2,5.212242204E-1
9.996084612E0,-5.637499969E-3,-5.351499915E-1,4.028749838E-2,5.366939327E-1
9.998588307E0,4.124999978E-3,-5.424374938E-1,2.681249939E-2,5.431154209E-1
1.000109291E1,1.017499994E-2,-5.363875031E-1,1.828750037E-2,5.367956006E-1
1.000359753E1,1.512499992E-2,-5.205749869E-1,1.086249948E-2,5.209079348E-1
1.000610214E1,1.883750036E-2,-4.961000085E-1,9.762499481E-3,4.965534979E-1
1.000860676E1,2.117500082E-2,-4.593875110E-1,8.524999954E-3,4.599542820E-1
1.001111145E1,2.364999987E-2,-4.130499959E-1,9.762499481E-3,4.138416702E-1
1.001361599E1,2.364999987E-2,-3.580499887E-1,1.086249948E-2,3.589945833E-1
1.001612161E1,2.364999987E-2,-2.957625091E-1,1.457499992E-2,2.970643279E-1
1.001862530E1,2.117500082E-2,-2.224749923E-1,1.457499992E-2,2.239552042E-1
1.002113013E1,1.883750036E-2,-1.490499973E-1,1.086249948E-2,1.506278428E-1
1.002363475E1,1.636249945E-2,-7.095000148E-2,4.812499974E-3,7.297118783E-2
1.002613913E1,1.636249945E-2,1.099999994E-3,-1.237499993E-3,1.644605711E-2
1.002864375E1,1.512499992E-2,6.228749827E-2,-4.949999973E-3,6.428841702E-2
1.003114866E1,1.388750039E-2,1.135749966E-1,-8.662499487E-3,1.147483395E-1
1.003365320E1,1.512499992E-2,1.490499973E-1,-9.899999946E-3,1.501421904E-1
1.003615904E1,1.883750036E-2,1.709125042E-1,-9.899999946E-3,1.722322429E-1
1.003866243E1,1.883750036E-2,1.795749962E-1,-9.899999946E-3,1.808315257E-1
1.004116712E1,2.117500082E-2,1.819124967E-1,-9.899999946E-3,1.834081435E-1
1.004367174E1,2.117500082E-2,1.758625060E-1,-8.662499487E-3,1.773444123E-1
1.004617635E1,2.488750033E-2,1.648624986E-1,-8.662499487E-3,1.669552935E-1
1.004868097E1,2.364999987E-2,1.490499973E-1,-8.662499487E-3,1.511630348E-1
1.005118558E1,2.488750033E-2,1.318625063E-1,-7.424999960E-3,1.343958290E-1
1.005369043E1,2.241249941E-2,1.123374999E-1,-6.187499966E-3,1.147184343E-1
1.005619597E1,2.007500082E-2,9.281250089E-2,-4.949999973E-3,9.508768837E-2
1.005869974E1,1.759999990E-2,7.081250101E-2,-3.712499980E-3,7.306129586E-2
1.006120428E1,1.264999993E-2,5.004999787E-2,-0.000000000E0,5.162387805E-2
1.006370897E1,1.141249947E-2,3.286249936E-2,1.099999994E-3,3.480515778E-2
1.006621351E1,7.837500423E-3,1.457499992E-2,3.574999981E-3,1.693037685E-2
1.006871820E1,2.887499984E-3,-0.000000000E0,4.812499974E-3,5.612291168E-3
1.007122282E1,-6.874999963E-4,-1.223750040E-2,4.812499974E-3,1.316773436E-2
1.007372765E1,-3.162499983E-3,-1.966249943E-2,3.574999981E-3,2.023353441E-2
1.007623319E1,-3.162499983E-3,-2.571249940E-2,3.574999981E-3,2.615176201E-2
1.007873688E1,-3.162499983E-3,-2.818750031E-2,2.337499987E-3,2.846050748E-2
1.008124149E1,-1.924999990E-3,-2.571249940E-2,1.099999994E-3,2.580791061E-2
1.008374609E1,-1.924999990E-3,-2.323750034E-2,1.099999994E-3,2.334302994E-2
1.008625071E1,-3.162499983E-3,-1.842499897E-2,1.099999994E-3,1.872677210E-2
1.008875532E1,-4.399999976E-3,-1.223750040E-2,1.099999994E-3,1.305091628E-2
1.009126002E1,-5.637499969E-3,-4.949999973E-3,-0.000000000E0,7.502260035E-3
1.009376486E1,-3.162499983E-3,-0.000000000E0,-0.000000000E0,3.162499983E-3
1.009627040E1,-3.162499983E-3,2.337499987E-3,-0.000000000E0,3.932596131E-3
1.009877410E1,-1.924999990E-3,3.574999981E-3,-0.000000000E0,4.060326320E-3
1.010127871E1,4.124999978E-4,2.337499987E-3,-0.000000000E0,2.373618006E-3
1.010378333E1,4.124999978E-4,-0.000000000E0,-0.000000000E0,4.124999978E-4
1.010628794E1,4.124999978E-4,-0.000000000E0,-0.000000000E0,4.124999978E-4
1.010879256E1,2.887499984E-3,-3.712499980E-3,1.099999994E-3,4.830146193E-3
1.011129718E1,4.124999978E-3,-6.187499966E-3,1.099999994E-3,7.517365272E-3
1.011380179E1,5.362499971E-3,-9.899999946E-3,2.337499987E-3,1.149914393E-2
1.011630743E1,5.362499971E-3,-1.223750040E-2,2.337499987E-3,1.356380213E-2
1.011881112E1,5.362499971E-3,-1.347499993E-2,2.337499987E-3,1.468999439E-2
1.012131597E1,5.362499971E-3,-1.471249945E-2,2.337499987E-3,1.583281252E-2
1.012382059E1,4.124999978E-3,-1.594999991E-2,2.337499987E-3,1.663977248E-2
1.012632520E1,4.124999978E-3,-1.594999991E-2,2.337499987E-3,1.663977248E-2
1.012882982E1,4.124999978E-3,-1.347499993E-2,2.337499987E-3,1.428478750E-2
1.013133451E1,4.124999978E-3,-1.347499993E-2,2.337499987E-3,1.428478750E-2
1.013383905E1,4.124999978E-3,-1.223750040E-2,2.337499987E-3,1.312386936E-2
1.013634489E1,2.887499984E-3,-6.187499966E-3,2.337499987E-3,7.217112870E-3
1.013884837E1,4.124999978E-3,-4.949999973E-3,2.337499987E-3,6.854343932E-3
1.014135298E1,2.887499984E-3,-3.712499980E-3,2.337499987E-3,5.252068017E-3
1.014385760E1,2.887499984E-3,-0.000000000E0,3.574999981E-3,4.595463091E-3
1.014636221E1,4.124999978E-3,4.812499974E-3,2.337499987E-3,6.755715136E-3
1.014886683E1,2.887499984E-3,6.049999967E-3,2.337499987E-3,7.099581815E-3
1.015137168E1,1.649999991E-3,4.812499974E-3,2.337499987E-3,5.598800064E-3
1.015387629E1,1.649999991E-3,6.049999967E-3,2.337499987E-3,6.692451402E-3
1.015638214E1,4.124999978E-4,6.049999967E-3,2.337499987E-3,6.498966229E-3
1.015888553E1,1.649999991E-3,4.812499974E-3,1.099999994E-3,5.205060610E-3
1.016139015E1,-6.874999963E-4,4.812499974E-3,1.099999994E-3,4.984256437E-3
1.016389476E1,-1.924999990E-3,3.574999981E-3,1.099999994E-3,4.206691076E-3
1.016639945E1,-1.924999990E-3,3.574999981E-3,1.099999994E-3,4.206691076E-3
1.016890407E1,-6.874999963E-4,1.099999994E-3,1.099999994E-3,1.700781061E-3
1.017140870E1,4.124999978E-4,-0.000000000E0,1.099999994E-3,1.174800509E-3
1.017391332E1,1.649999991E-3,-1.237499993E-3,1.099999994E-3,2.337499987E-3
1.017641908E1,2.887499984E-3,-1.237499993E-3,2.337499987E-3,3.915733467E-3
1.017892278E1,4.124999978E-4,-2.474999987E-3,2.337499987E-3,3.429240058E-3
1.018142747E1,1.649999991E-3,-2.474999987E-3,2.337499987E-3,3.783124515E-3
1.018393209E1,2.887499984E-3,-3.712499980E-3,1.099999994E-3,4.830146193E-3
1.018643663E1,2.887499984E-3,-3.712499980E-3,1.099999994E-3,4.830146193E-3
1.018894132E1,1.649999991E-3,-3.712499980E-3,2.337499987E-3,4.687116626E-3
1.019144586E1,4.124999978E-4,-3.712499980E-3,1.099999994E-3,3.893945600E-3
1.019395056E1,1.649999991E-3,-6.187499966E-3,1.099999994E-3,6.497511508E-3
1.019645635E1,1.649999991E-3,-6.187499966E-3,1.099999994E-3,6.497511508E-3
1.019895981E1,4.124999978E-4,-4.949999973E-3,1.099999994E-3,5.087499972E-3
1.020146443E1,2.887499984E-3,-4.949999973E-3,1.099999994E-3,5.835251141E-3
1.020396927E1,1.649999991E-3,-4.949999973E-3,1.099999994E-3,5.332447814E-3
1.020647389E1,4.124999978E-4,-4.949999973E-3,1.099999994E-3,5.087499972E-3
1.020897865E1,2.887499984E-3,-3.712499980E-3,1.099999994E-3,4.830146193E-3
1.021148327E1,1.649999991E-3,-4.949999973E-3,1.099999994E-3,5.332447814E-3
1.021398788E1,1.649999991E-3,-3.712499980E-3,2.337499987E-3,4.687116626E-3
1.021649365E1,4.124999978E-4,-3.712499980E-3,2.337499987E-3,4.406440575E-3
1.021899705E1,-6.874999963E-4,-4.949999973E-3,1.099999994E-3,5.117143340E-3
1.022150174E1,4.124999978E-4,-3.712499980E-3,1.099999994E-3,3.893945600E-3
1.022400635E1,4.124999978E-4,-2.474999987E-3,2.337499987E-3,3.429240058E-3
1.022651120E1,4.124999978E-4,-2.474999987E-3,2.337499987E-3,3.429240058E-3
1.022901583E1,4.124999978E-4,-2.474999987E-3,1.099999994E-3,2.739668076E-3
1.023152052E1,4.124999978E-4,-1.237499993E-3,1.099999994E-3,1.706330117E-3
1.023402514E1,2.887499984E-3,1.099999994E-3,1.099999994E-3,3.279886604E-3
1.023653090E1,1.649999991E-3,2.337499987E-3,1.099999994E-3,3.065355795E-3
1.023903429E1,1.649999991E-3,3.574999981E-3,1.099999994E-3,4.088168883E-3
1.024153898E1,2.887499984E-3,4.812499974E-3,-0.000000000E0,5.612291168E-3
1.024404352E1,1.649999991E-3,6.049999967E-3,1.099999994E-3,6.366710262E-3
1.024654821E1,1.649999991E-3,4.812499974E-3,-0.000000000E0,5.087499972E-3
1.024905285E1,1.649999991E-3,4.812499974E-3,-0.000000000E0,5.087499972E-3
1.025155769E1,4.124999978E-4,2.337499987E-3,2.337499987E-3,3.331361378E-3
1.025406231E1,4.124999978E-4,1.099999994E-3,2.337499987E-3,2.616115905E-3
1.025656785E1,-6.874999963E-4,-0.000000000E0,1.099999994E-3,1.297172399E-3
1.025907162E1,-6.874999963E-4,-3.712499980E-3,-0.000000000E0,3.775620789E-3
1.026157624E1,1.649999991E-3,-3.712499980E-3,1.099999994E-3,4.208937640E-3
1.026408086E1,4.124999978E-4,-4.949999973E-3,1.099999994E-3,5.087499972E-3
1.026658547E1,1.649999991E-3,-4.949999973E-3,1.099999994E-3,5.332447814E-3
1.026909001E1,4.124999978E-4,-4.949999973E-3,1.099999994E-3,5.087499972E-3
1.027159492E1,1.649999991E-3,-1.237499993E-3,1.099999994E-3,2.337499987E-3
1.027409954E1,1.649999991E-3,-1.237499993E-3,1.099999994E-3,2.337499987E-3
1.027660516E1,2.887499984E-3,1.099999994E-3,1.099999994E-3,3.279886604E-3
1.027910877E1,1.649999991E-3,2.337499987E-3,-0.000000000E0,2.861189641E-3
1.028161338E1,2.887499984E-3,3.574999981E-3,1.099999994E-3,4.725281051E-3
1.028411800E1,4.124999978E-4,1.099999994E-3,1.099999994E-3,1.609396229E-3
1.028662261E1,1.649999991E-3,-0.000000000E0,1.099999994E-3,1.983053191E-3
1.028912723E1,4.124999978E-4,-0.000000000E0,1.099999994E-3,1.174800509E-3
1.029163192E1,4.124999978E-4,-2.474999987E-3,1.099999994E-3,2.739668076E-3
1.029413654E1,4.124999978E-4,-1.237499993E-3,-0.000000000E0,1.304439528E-3
1.029664230E1,-1.924999990E-3,-2.474999987E-3,-0.000000000E0,3.135482402E-3
1.029914577E1,-3.162499983E-3,-3.712499980E-3,3.574999981E-3,6.046874160E-3
1.030165061E1,-4.399999976E-3,-2.474999987E-3,4.812499974E-3,6.974652731E-3
1.030415523E1,-5.637499969E-3,2.337499987E-3,8.524999954E-3,1.048431859E-2
1.030665985E1,-9.349999949E-3,3.574999981E-3,9.762499481E-3,1.398247189E-2
1.030916446E1,-1.168750040E-2,4.812499974E-3,9.762499481E-3,1.597073003E-2
1.031166908E1,-1.416249946E-2,4.812499974E-3,7.287499961E-3,1.663863584E-2
1.031417369E1,-1.663750038E-2,2.337499987E-3,6.049999967E-3,1.785701052E-2
1.031667954E1,-2.034999989E-2,2.337499987E-3,2.337499987E-3,2.061674824E-2
1.031918300E1,-2.516249940E-2,-2.474999987E-3,-0.000000000E0,2.528392772E-2
1.032168762E1,-3.135000169E-2,-4.949999973E-3,-1.237499993E-3,3.176250167E-2
1.032419223E1,-3.616249934E-2,-7.424999960E-3,-3.712499980E-3,3.710309473E-2
1.032669707E1,-4.592499882E-2,-1.099999994E-2,-6.187499966E-3,4.762762508E-2
1.032920169E1,-5.444999784E-2,-1.347499993E-2,-8.662499487E-3,5.675752624E-2
1.033170638E1,-6.435000151E-2,-1.347499993E-2,-9.899999946E-3,6.648690335E-2
1.033421100E1,-7.287500054E-2,-1.347499993E-2,-1.223750040E-2,7.511389846E-2
1.033671675E1,-8.263749629E-2,-1.099999994E-2,-1.223750040E-2,8.425978998E-2
1.033922022E1,-9.116250277E-2,-6.187499966E-3,-1.223750040E-2,9.218808753E-2
1.034172506E1,-9.721250087E-2,-4.949999973E-3,-1.347499993E-2,9.826672096E-2
1.034422944E1,-1.046374962E-1,-4.949999973E-3,-1.471249945E-2,1.057826344E-1
1.034673406E1,-1.106875017E-1,-6.187499966E-3,-1.718750037E-2,1.121847510E-1
1.034923891E1,-1.168750003E-1,-3.712499980E-3,-1.718750037E-2,1.181903487E-1
1.035174353E1,-1.216875017E-1,1.099999994E-3,-1.718750037E-2,1.229002369E-1
1.035424814E1,-1.266375035E-1,8.524999954E-3,-1.594999991E-2,1.279223804E-1
1.035675366E1,-1.302125007E-1,1.952499896E-2,-1.223750040E-2,1.322356886E-1
1.035925736E1,-1.363999993E-1,3.176249936E-2,-9.899999946E-3,1.403988111E-1
1.036176197E1,-1.412124932E-1,4.386249930E-2,-6.187499966E-3,1.479972035E-1
1.036426659E1,-1.473999918E-1,6.228749827E-2,-2.474999987E-3,1.600394190E-1
1.036677128E1,-1.571625024E-1,8.910000324E-2,-0.000000000E0,1.806622892E-1
1.036927589E1,-1.779250056E-1,1.282874942E-1,2.337499987E-3,2.193637451E-1
1.037178074E1,-2.352624983E-1,2.454375029E-1,7.287499961E-3,3.400604631E-1
1.037428535E1,-4.747875035E-1,8.343499899E-1,2.186249942E-2,9.602296850E-1
1.037679089E1,-9.341750145E-1,2.111037493E0,3.533750027E-2,2.308768285E0
1.037929458E1,-1.308037519E0,3.021287441E0,5.486249924E-2,3.292741995E0
1.038179914E1,-1.443612456E0,3.151912451E0,1.000999957E-1,3.468225631E0
1.038430375E1,-1.438662529E0,2.872237444E0,1.526249945E-1,3.216021175E0
1.038680837E1,-1.397137523E0,2.495899916E0,1.868624985E-1,2.866431098E0
1.038931298E1,-1.356850028E0,2.183087587E0,2.039124966E-1,2.578467320E0
1.039181790E1,-1.341037512E0,2.007225037E0,2.063875049E-1,2.422793792E0
1.039432251E1,-1.343374968E0,1.932700038E0,1.991000026E-1,2.362123314E0
1.039682804E1,-1.353137493E0,1.930225015E0,1.868624985E-1,2.364670649E0
1.039933174E1,-1.351899981E0,1.922937512E0,1.721500009E-1,2.356895810E0
1.040183635E1,-1.327562451E0,1.894749999E0,1.563374996E-1,2.318823200E0
1.040434095E1,-1.289612532E0,1.842224956E0,1.428624988E-1,2.253287146E0
1.040684556E1,-1.238325000E0,1.771412492E0,1.355749965E-1,2.165578814E0
1.040935018E1,-1.171087503E0,1.663887501E0,1.368124932E-1,2.039285467E0
1.041185479E1,-1.097800016E0,1.530787468E0,1.428624988E-1,1.889149238E0
1.041435941E1,-1.047749996E0,1.492837548E0,1.440999955E-1,1.829510538E0
1.041686502E1,-9.989374876E-1,1.466024995E0,1.453374922E-1,1.779951790E0
1.041936872E1,-9.256500006E-1,1.337737441E0,1.538625062E-1,1.634026639E0
1.042187333E1,-8.474124670E-1,1.204499960E0,1.599124968E-1,1.481384504E0
1.042437795E1,-7.569375038E-1,1.007874966E0,1.673374921E-1,1.271521989E0
1.042688279E1,-6.678375006E-1,8.355875015E-1,1.721500009E-1,1.083443133E0
1.042938741E1,-5.761250257E-1,6.413000226E-1,1.758625060E-1,8.798371357E-1
1.043189203E1,-4.796000123E-1,4.251500070E-1,1.771000028E-1,6.649309071E-1
1.043439664E1,-3.892624974E-1,2.308624983E-1,1.709125042E-1,4.837704715E-1
1.043690249E1,-3.122625053E-1,8.181250095E-2,1.611499935E-1,3.607914605E-1
1.043940595E1,-2.499749959E-1,-3.176249936E-2,1.490499973E-1,2.927665565E-1
1.044191079E1,-1.974499971E-1,-1.149500012E-1,1.331000030E-1,2.644156102E-1
1.044441541E1,-1.424500048E-1,-2.077624947E-1,1.208624989E-1,2.794011484E-1
1.044692002E1,-8.387500048E-2,-3.103374839E-1,1.172875017E-1,3.421998359E-1
1.044942441E1,-1.292499993E-2,-4.533374906E-1,1.245749965E-1,4.703199610E-1
1.045192926E1,7.259999961E-2,-6.671500206E-1,1.403875053E-1,6.856154619E-1
1.045443388E1,1.384624988E-1,-8.295375109E-1,1.428624988E-1,8.530615682E-1
1.045693950E1,1.446499974E-1,-7.966749668E-1,1.258125007E-1,8.194165057E-1
1.045944311E1,1.091749966E-1,-6.451500058E-1,1.196250021E-1,6.651675361E-1
1.046194774E1,7.259999961E-2,-5.181000233E-1,1.233374998E-1,5.375039841E-1
1.046445244E1,4.441250116E-2,-4.423374832E-1,1.355749965E-1,4.647746755E-1
1.046695705E1,2.364999987E-2,-4.166249931E-1,1.490499973E-1,4.431157964E-1
1.046946166E1,1.759999990E-2,-4.423374832E-1,1.588124931E-1,4.703122548E-1
1.047196629E1,1.141249947E-2,-4.703874886E-1,1.636250019E-1,4.981644064E-1
1.047447090E1,-1.924999990E-3,-4.691500068E-1,1.611499935E-1,4.960592252E-1
1.047697675E1,-1.911249943E-2,-4.496249855E-1,1.513874978E-1,4.748116360E-1
1.047948036E1,-3.987500072E-2,-4.190999866E-1,1.331000030E-1,4.415319074E-1
1.048198506E1,-5.816249922E-2,-3.922874928E-1,1.098624989E-1,4.115119949E-1
1.048448967E1,-6.668750197E-2,-3.958624899E-1,8.538749814E-2,4.104209530E-1
1.048699429E1,-6.792499870E-2,-4.251500070E-1,5.981250107E-2,4.346767410E-1
1.048949890E1,-5.939999968E-2,-4.655750096E-1,3.409999982E-2,4.705860809E-1
1.049200352E1,-4.111250117E-2,-5.278624892E-1,1.086249948E-2,5.295725061E-1
1.049450813E1,-2.392499894E-2,-5.938624740E-1,-1.223750040E-2,5.944701843E-1
1.049701390E1,-4.399999976E-3,-6.476249695E-1,-2.942499891E-2,6.483080222E-1
1.049951736E1,1.636249945E-2,-7.013875246E-1,-4.647500068E-2,7.031160052E-1
1.050202220E1,4.193750024E-2,-7.550125122E-1,-6.118749827E-2,7.586478481E-1
1.050452662E1,6.517499685E-2,-7.904874682E-1,-7.342500240E-2,7.965610138E-1
1.050703146E1,8.470000327E-2,-8.197749853E-1,-8.318749815E-2,8.283267936E-1
1.050953608E1,1.055999994E-1,-8.381999731E-1,-9.418749809E-2,8.500599035E-1
1.051204077E1,1.214125007E-1,-8.417750001E-1,-1.039500013E-1,8.568148860E-1
1.051454538E1,1.324124932E-1,-8.307750225E-1,-1.099999994E-1,8.484221863E-1
1.051705116E1,1.421750039E-1,-8.100125194E-1,-1.149500012E-1,8.303899783E-1
1.051955463E1,1.446499974E-1,-7.660124898E-1,-1.161874980E-1,7.881613356E-1
1.052205924E1,1.384624988E-1,-7.037249804E-1,-1.137124971E-1,7.261757663E-1
1.052456386E1,1.348875016E-1,-6.389625072E-1,-1.124750003E-1,6.626600557E-1
1.052706870E1,1.299374998E-1,-5.816249847E-1,-1.149500012E-1,6.069471802E-1
1.052957332E1,1.251250058E-1,-5.253875256E-1,-1.149500012E-1,5.521791574E-1
1.053207793E1,1.201749966E-1,-4.679124951E-1,-1.137124971E-1,4.963009822E-1
1.053458255E1,1.214125007E-1,-4.203374982E-1,-1.099999994E-1,4.511370164E-1
1.053708838E1,1.214125007E-1,-3.800500035E-1,-1.062875018E-1,4.128874345E-1
1.053959177E1,1.176999956E-1,-3.275249898E-1,-9.899999946E-2,3.618382344E-1
1.054209669E1,1.067000031E-1,-2.565749884E-1,-8.552499861E-2,2.907406761E-1
1.054460131E1,9.212499857E-2,-1.747625023E-1,-6.476250291E-2,2.079017301E-1
1.054710592E1,7.012499869E-2,-8.552499861E-2,-3.547500074E-2,1.161486828E-1
1.054961052E1,4.564999789E-2,-1.099999994E-2,-4.949999973E-3,4.721678521E-2
1.055211513E1,2.488750033E-2,4.757500067E-2,2.681249939E-2,6.001398575E-2
1.055461975E1,7.837500423E-3,8.181250095E-2,5.362499878E-2,9.813435800E-2
1.055712529E1,-5.637499969E-3,9.528750181E-2,6.957499683E-2,1.181193024E-1
1.055962907E1,-1.292499993E-2,8.428750187E-2,8.057499677E-2,1.173190892E-1
1.056213361E1,-2.034999989E-2,5.857500061E-2,8.910000324E-2,1.085539671E-1
1.056463830E1,-2.268750034E-2,2.557500079E-2,9.281250089E-2,9.890886542E-2
1.056714292E1,-2.392499894E-2,-1.718750037E-2,9.638749808E-2,1.007887173E-1
1.056964753E1,-2.158750035E-2,-6.723749638E-2,1.025749967E-1,1.245332527E-1
1.057215238E1,-1.416249946E-2,-1.209999993E-1,1.160499975E-1,1.682533154E-1
1.057465699E1,-3.162499983E-3,-1.784749925E-1,1.293874979E-1,2.204641671E-1
1.057716261E1,1.141249947E-2,-2.382874936E-1,1.501500010E-1,2.818797573E-1
1.057966622E1,2.983750030E-2,-3.055250049E-1,1.783374995E-1,3.550212230E-1
1.058217083E1,5.293750018E-2,-3.800500035E-1,2.125750035E-1,4.386667485E-1
1.058467545E1,8.236250281E-2,-4.679124951E-1,2.516250014E-1,5.376251727E-1
1.058718006E1,1.176999956E-1,-5.766749978E-1,2.906749845E-1,6.564291955E-1
1.058968468E1,1.581249982E-1,-6.927250028E-1,3.286249936E-1,7.828574780E-1
1.059218960E1,2.032250017E-1,-8.027250171E-1,3.651999831E-1,9.050076696E-1
1.059469400E1,2.496999949E-1,-9.162999988E-1,4.006749988E-1,1.030774578E0
1.059719977E1,3.046999872E-1,-1.015300035E0,4.019125104E-1,1.133670989E0
1.059970347E1,3.792249858E-1,-1.056825042E0,2.858625054E-1,1.158623377E0
1.060220808E1,4.415124953E-1,-1.069062471E0,7.452499866E-2,1.159043496E0
1.060471270E1,4.867500067E-1,-9.432500005E-1,-1.051874980E-1,1.066635149E0
1.060721731E1,5.795624852E-1,-5.119125247E-1,-2.138125002E-1,8.022860416E-1
1.060972193E1,6.943749785E-1,7.933750004E-2,-2.847625017E-1,7.546792247E-1
1.061222654E1,7.688999772E-1,5.717250109E-1,-3.128125072E-1,1.007932700E0
1.061473116E1,7.738500237E-1,8.478249907E-1,-2.847625017E-1,1.182683709E0
1.061723700E1,7.371374965E-1,9.638749957E-1,-2.028124928E-1,1.230268102E0
1.061974046E1,6.943749785E-1,1.016399980E0,-9.171249717E-2,1.234356801E0
1.062224530E1,6.578000188E-1,1.054212451E0,3.052499890E-2,1.242978894E0
1.062474969E1,6.393749714E-1,1.081162453E0,1.526249945E-1,1.265309050E0
1.062725454E1,6.381375194E-1,1.085975051E0,2.771999836E-1,1.289729094E0
1.062975915E1,6.578000188E-1,1.082399964E0,3.859624863E-1,1.324106336E0
1.063226384E1,6.968500018E-1,1.092162490E0,4.789125025E-1,1.381222652E0
1.063476846E1,7.506124973E-1,1.134925008E0,5.594875216E-1,1.471224042E0
1.063727423E1,8.104249835E-1,1.214262486E0,6.364874840E-1,1.592588570E0
1.063977762E1,8.716124892E-1,1.325500011E0,7.182999849E-1,1.741440059E0
1.064228229E1,9.314249754E-1,1.457499981E0,8.038250208E-1,1.907352443E0
1.064478690E1,9.887624979E-1,1.596650004E0,8.991125226E-1,2.082149332E0
1.064729175E1,1.040187478E0,1.739650011E0,1.011450052E0,2.265260108E0
1.064979637E1,1.095187545E0,1.873987436E0,1.144687533E0,2.453889610E0
1.065230098E1,1.146474957E0,1.998700023E0,1.298550010E0,2.644889173E0
1.065480567E1,1.196524978E0,2.123275042E0,1.467262506E0,2.844789656E0
1.065731113E1,1.244099975E0,2.241800070E0,1.651649952E0,3.049819644E0
1.065981490E1,1.295524955E0,2.354137421E0,1.848412514E0,3.261437831E0
1.066231944E1,1.346812487E0,2.455612421E0,2.054800034E0,3.473634899E0
1.066482412E1,1.398100019E0,2.545949936E0,2.263799906E0,3.682571758E0
1.066732873E1,1.445812464E0,2.627899885E0,2.471425056E0,3.886408792E0
1.066983335E1,1.492149949E0,2.707237482E0,2.676712513E0,4.089062989E0
1.067233796E1,1.533674955E0,2.791524887E0,2.877049923E0,4.292107445E0
1.067484258E1,1.570387483E0,2.879524946E0,3.071337461E0,4.493427930E0
1.067734835E1,1.603387475E0,2.974812508E0,3.264387369E0,4.698572735E0
1.067985205E1,1.632674932E0,3.076149940E0,3.453725100E0,4.904746982E0
1.068235666E1,1.663200021E0,3.180099964E0,3.648012400E0,5.117349368E0
1.068486128E1,1.694962502E0,3.288724899E0,3.843400002E0,5.334822670E0
1.068736588E1,1.731675029E0,3.395012379E0,4.037687302E0,5.552272166E0
1.068987057E1,1.769487500E0,3.514775038E0,4.230737686E0,5.777877720E0
1.069237541E1,1.811012506E0,3.648012400E0,4.411550045E0,6.004126462E0
1.069488003E1,1.858724952E0,3.778637409E0,4.582600117E0,6.223598874E0
1.069738564E1,1.913725019E0,3.895925045E0,4.747462273E0,6.432649021E0
1.069988925E1,1.968587518E0,4.003449917E0,4.907512665E0,6.632241597E0
1.070239387E1,2.022350073E0,4.101212502E0,5.065087318E0,6.823851797E0
1.070489848E1,2.068825006E0,4.186737537E0,5.220324993E0,7.004327316E0
1.070740310E1,2.109112501E0,4.261262417E0,5.375424862E0,7.176482800E0
1.070990777E1,2.143349886E0,4.327262402E0,5.528187275E0,7.340299937E0
1.071241239E1,2.171400070E0,4.377312660E0,5.677237511E0,7.490451932E0
1.071491693E1,2.193399906E0,4.422550201E0,5.825049877E0,7.635519596E0
1.071742277E1,2.216637373E0,4.465312481E0,5.970387459E0,7.778047519E0
1.071992623E1,2.241112471E0,4.512887478E0,6.117099762E0,7.925127633E0
1.072243108E1,2.266687393E0,4.558125019E0,6.262437344E0,8.070470675E0
1.072493547E1,2.291162491E0,4.598412514E0,6.407774925E0,8.213062930E0
1.072744031E1,2.313162565E0,4.625362396E0,6.550775051E0,8.346098018E0
1.072994493E1,2.338875055E0,4.644887447E0,6.691299915E0,8.474597954E0
1.073244962E1,2.361974955E0,4.649700165E0,6.825637341E0,8.589991991E0
1.073495416E1,2.388925076E0,4.646124840E0,6.953925133E0,8.697730382E0
1.073745977E1,2.409687519E0,4.628937244E0,7.077262402E0,8.793252928E0
1.073996346E1,2.426737547E0,4.603362560E0,7.189737320E0,8.875377441E0
1.074246807E1,2.447499990E0,4.577650070E0,7.296024799E0,8.954167423E0
1.074497268E1,2.469500065E0,4.553312302E0,7.399837494E0,9.032645151E0
1.074747730E1,2.486687422E0,4.516600132E0,7.495124817E0,9.097262616E0
1.074998215E1,2.500025034E0,4.471362591E0,7.586699963E0,9.154300897E0
1.075248678E1,2.507450104E0,4.423787594E0,7.673462391E0,9.205391234E0
1.075499147E1,2.512262583E0,4.378550053E0,7.757750034E0,9.255584770E0
1.075749724E1,2.518450022E0,4.338262558E0,7.835987568E0,9.304075112E0
1.076000070E1,2.524499893E0,4.289312363E0,7.910512447E0,9.345988842E0
1.076250524E1,2.531787395E0,4.235549927E0,7.978987694E0,9.381581701E0
1.076500993E1,2.533025026E0,4.173262596E0,8.038800240E0,9.405033002E0
1.076751455E1,2.530687571E0,4.108500004E0,8.084037781E0,9.414659776E0
1.077001916E1,2.525737524E0,4.043737411E0,8.115799904E0,9.412617615E0
1.077252378E1,2.511024952E0,3.986399889E0,8.126799583E0,9.393694792E0
1.077502860E1,2.491499901E0,3.943637371E0,8.118137360E0,9.362905621E0
1.077753414E1,2.473212481E0,3.917924881E0,8.095037460E0,9.327193942E0
1.078003783E1,2.453687429E0,3.902112484E0,8.066849709E0,9.290916427E0
1.078254244E1,2.435400009E0,3.882587433E0,8.032612801E0,9.248163428E0
1.078504712E1,2.413399935E0,3.853162527E0,7.994800091E0,9.197183764E0
1.078755166E1,2.385212421E0,3.808062553E0,7.953274727E0,9.134832105E0
1.079005635E1,2.353450060E0,3.744537592E0,7.908037663E0,9.060758723E0
1.079256097E1,2.316874981E0,3.672349930E0,7.860462666E0,8.980029900E0
1.079506581E1,2.271637440E0,3.597825050E0,7.809037685E0,8.893016998E0
1.079757135E1,2.221587420E0,3.523299932E0,7.752937317E0,8.800973248E0
1.080007482E1,2.167824984E0,3.452487469E0,7.691887379E0,8.705415919E0
1.080257966E1,2.109112501E0,3.388962507E0,7.630700111E0,8.611678501E0
1.080508426E1,2.046824932E0,3.348675013E0,7.565937519E0,8.523293212E0
1.080758888E1,1.989349961E0,3.336437464E0,7.502412319E0,8.448403330E0
1.081009349E1,1.933249950E0,3.330387592E0,7.441362381E0,8.378711773E0
1.081259818E1,1.878250003E0,3.330387592E0,7.386362553E0,8.317310644E0
1.081510280E1,1.822012544E0,3.333962440E0,7.331362247E0,8.257354762E0
1.081760857E1,1.765774965E0,3.342487574E0,7.277599812E0,8.200831874E0
1.082011203E1,1.708437443E0,3.352250099E0,7.220262527E0,8.141776845E0
1.082261665E1,1.650962472E0,3.359674931E0,7.155499935E0,8.075535403E0
1.082512127E1,1.588675022E0,3.360912561E0,7.087025166E0,8.002846198E0
1.082762588E1,1.522675037E0,3.348675013E0,7.013737679E0,7.919891403E0
1.083013073E1,1.454337478E0,3.327912569E0,6.936737537E0,7.829969810E0
1.083263534E1,1.385862470E0,3.302200079E0,6.856162548E0,7.735121527E0
1.083513996E1,1.313812494E0,3.261912584E0,6.774350166E0,7.632692654E0
1.083764558E1,1.246574998E0,3.208149910E0,6.688825130E0,7.522403652E0
1.084014920E1,1.183050036E0,3.153150082E0,6.603300095E0,7.412525546E0
1.084265389E1,1.124475002E0,3.100625038E0,6.519012451E0,7.305877291E0
1.084515851E1,1.068237543E0,3.046862602E0,6.437062263E0,7.201407762E0
1.084766335E1,1.013237476E0,2.991862535E0,6.357725143E0,7.099194364E0
1.085016796E1,9.631875157E-1,2.932049990E0,6.280725002E0,6.998010709E0
1.085267258E1,9.081875086E-1,2.866050005E0,6.204962254E0,6.894969452E0
1.085517720E1,8.544250131E-1,2.792762518E0,6.134150028E0,6.793920897E0
1.085768281E1,7.981874943E-1,2.713424921E0,6.064437389E0,6.691575220E0
1.086018650E1,7.456625104E-1,2.627899885E0,5.998574734E0,6.591264615E0
1.086269112E1,6.968500018E-1,2.542375088E0,5.937387466E0,6.496294401E0
1.086519573E1,6.553249955E-1,2.461662531E0,5.883625031E0,6.411417688E0
1.086770035E1,6.198499799E-1,2.384662390E0,5.837287426E0,6.335988731E0
1.087020497E1,5.880874991E-1,2.313849926E0,5.798237324E0,6.270510701E0
1.087270982E1,5.575624704E-1,2.254037380E0,5.767574787E0,6.217433501E0
1.087521444E1,5.343250036E-1,2.200274944E0,5.748049736E0,6.177927550E0
1.087772005E1,5.123249888E-1,2.166037560E0,5.734574795E0,6.151385509E0
1.088022367E1,4.940375090E-1,2.153800011E0,5.719999790E0,6.131991939E0
1.088272830E1,4.793249965E-1,2.167274952E0,5.701712608E0,6.118525953E0
1.088523291E1,4.732750058E-1,2.175800085E0,5.677237511E0,6.098288366E0
1.088773752E1,4.720374942E-1,2.158750057E0,5.641762257E0,6.059084301E0
1.089024214E1,4.805625081E-1,2.152562380E0,5.592949867E0,6.012117210E0
1.089274683E1,4.903250039E-1,2.170850039E0,5.528187275E0,5.959350891E0
1.089525145E1,4.989874959E-1,2.195324898E0,5.442662239E0,5.889907654E0
1.089775722E1,5.025625229E-1,2.202749968E0,5.337612629E0,5.796100852E0
1.090026068E1,5.062749982E-1,2.186800003E0,5.219087601E0,5.681310061E0
1.090276554E1,5.148000121E-1,2.152562380E0,5.096849918E0,5.556655734E0
1.090527016E1,5.270375013E-1,2.103749990E0,4.973512650E0,5.425805067E0
1.090777477E1,5.478000045E-1,2.049987555E0,4.853749752E0,5.297303132E0
1.091027946E1,5.685625076E-1,1.990037441E0,4.740174770E0,5.172307918E0
1.091278399E1,5.868499875E-1,1.922937512E0,4.635125160E0,5.052372397E0
1.091528868E1,6.040375233E-1,1.843462467E0,4.539837360E0,4.936936141E0
1.091779445E1,6.137999892E-1,1.757937431E0,4.455550194E0,4.828977321E0
1.092029814E1,6.173750162E-1,1.673650026E0,4.385837555E0,4.734746813E0
1.092280253E1,6.125624776E-1,1.600362539E0,4.332075119E0,4.658676624E0
1.092530737E1,6.003249884E-1,1.547837496E0,4.295499802E0,4.605161186E0
1.092781176E1,5.783249736E-1,1.521024942E0,4.279550076E0,4.578485066E0
1.093031660E1,5.465624928E-1,1.512362480E0,4.278312683E0,4.570550322E0
1.093282123E1,5.025625229E-1,1.519787550E0,4.290549755E0,4.579425781E0
1.093532592E1,4.475624859E-1,1.539312482E0,4.313787460E0,4.602016661E0
1.093783168E1,3.827999830E-1,1.560075045E0,4.335787296E0,4.623788647E0
1.094033507E1,3.046999872E-1,1.584550023E0,4.359025002E0,4.648089911E0
1.094283976E1,2.142249942E-1,1.610124946E0,4.372499943E0,4.664456071E0
1.094534430E1,1.128875017E-1,1.645599961E0,4.361499786E0,4.662984367E0
1.094784899E1,-4.399999976E-3,1.668837547E0,4.327262402E0,4.637913110E0
1.095035361E1,-1.326874942E-1,1.661412477E0,4.268549919E0,4.582402842E0
1.095285845E1,-2.670249939E-1,1.617550015E0,4.185500145E0,4.495128682E0
1.095536307E1,-3.977875113E-1,1.540549994E0,4.079212666E0,4.378527739E0
1.095786861E1,-5.223624706E-1,1.429312468E0,3.957112551E0,4.239638713E0
1.096037230E1,-6.335999966E-1,1.302262545E0,3.822637558E0,4.087773794E0
1.096287699E1,-7.264124751E-1,1.188687444E0,3.681012392E0,3.935797906E0
1.096538159E1,-7.973625064E-1,1.096974969E0,3.528249979E0,3.779905946E0
1.096788620E1,-8.474124670E-1,1.023687482E0,3.371912479E0,3.624339625E0
1.097039082E1,-8.742250204E-1,9.736375213E-1,3.210624933E0,3.467037910E0
1.097289567E1,-8.839874864E-1,9.455875158E-1,3.049337387E0,3.312707069E0
1.097540005E1,-8.816499710E-1,9.283999801E-1,2.888050079E0,3.159124318E0
1.097790589E1,-8.681749701E-1,9.150624871E-1,2.730474949E0,3.007750086E0
1.098040951E1,-8.401250243E-1,9.088749886E-1,2.577712536E0,2.859451996E0
1.098291412E1,-8.009374738E-1,9.125875235E-1,2.440900087E0,2.726226341E0
1.098541874E1,-7.484124899E-1,9.271624684E-1,2.322375059E0,2.610206393E0
1.098792343E1,-6.873624921E-1,9.491624832E-1,2.223512411E0,2.513440681E0
1.099042805E1,-6.238374710E-1,9.686874747E-1,2.137987375E0,2.428686606E0
1.099293267E1,-5.578374863E-1,9.906874895E-1,2.063462496E0,2.355954548E0
1.099543728E1,-4.882625043E-1,1.018875003E0,1.992512465E0,2.290548508E0
1.099794305E1,-4.185499847E-1,1.042112470E0,1.921700001E0,2.225783768E0
1.100044651E1,-3.550249934E-1,1.057924986E0,1.844699979E0,2.155960583E0
1.100295112E1,-2.964499891E-1,1.070162535E0,1.762887478E0,2.083483311E0
1.100545597E1,-2.402125001E-1,1.081162453E0,1.674887538E0,2.007949840E0
1.100796059E1,-1.889249980E-1,1.088449955E0,1.586887479E0,1.933553162E0
1.101046520E1,-1.363999993E-1,1.092162490E0,1.502599955E0,1.862587042E0
1.101296982E1,-8.744999766E-2,1.093400002E0,1.419549942E0,1.793960173E0
1.101547442E1,-4.344999790E-2,1.093400002E0,1.342550039E0,1.732008104E0
1.101798027E1,-6.874999963E-3,1.101925015E0,1.275449991E0,1.685544032E0
1.102048365E1,2.241249941E-2,1.112925053E0,1.210687518E0,1.644648522E0
1.102298834E1,4.936249927E-2,1.134925008E0,1.145925045E0,1.613578519E0
1.102549295E1,7.136250287E-2,1.172737479E0,1.074975014E0,1.592475143E0
1.102799757E1,9.336250275E-2,1.226500034E0,1.004162550E0,1.587879504E0
1.103050242E1,1.141249985E-1,1.288787484E0,9.296374917E-1,1.593180329E0
1.103300703E1,1.361249983E-1,1.357262492E0,8.538749814E-1,1.609283683E0
1.103551165E1,1.568875015E-1,1.420787454E0,7.793499827E-1,1.628077723E0
1.103801718E1,1.751749963E-1,1.468500018E0,7.073000073E-1,1.639344955E0
1.104052096E1,1.886499971E-1,1.497787476E0,6.377249956E-1,1.638795080E0
1.104302549E1,1.971749961E-1,1.506312490E0,5.680124760E-1,1.621879610E0
1.104553018E1,1.996500045E-1,1.500262499E0,5.069624782E-1,1.596138667E0
1.104803480E1,1.971749961E-1,1.481837511E0,4.519625008E-1,1.561726766E0
1.105053965E1,1.909874976E-1,1.463549972E0,4.054875076E-1,1.530645244E0
1.105304426E1,1.801249981E-1,1.440312505E0,3.749625087E-1,1.499180446E0
1.105554888E1,1.666499972E-1,1.423262477E0,3.566749990E-1,1.476707606E0
1.105805449E1,1.544124931E-1,1.419549942E0,3.542000055E-1,1.471197777E0
1.106055811E1,1.483625025E-1,1.430549979E0,3.639625013E-1,1.483561046E0
1.106306272E1,1.434125006E-1,1.453787446E0,3.786749840E-1,1.509125517E0
1.106556734E1,1.458874941E-1,1.473312497E0,3.933874965E-1,1.531889878E0
1.106807203E1,1.519374996E-1,1.490362525E0,4.006749988E-1,1.550743665E0
1.107057665E1,1.556500047E-1,1.500262499E0,4.031499922E-1,1.561263721E0
1.107308126E1,1.581249982E-1,1.499024987E0,4.019125104E-1,1.560004197E0
1.107558588E1,1.556500047E-1,1.490362525E0,3.969624937E-1,1.550156960E0
1.107809164E1,1.507000029E-1,1.469599962E0,3.847250044E-1,1.526580450E0
1.108059510E1,1.434125006E-1,1.442787528E0,3.651999831E-1,1.495183609E0
1.108309995E1,1.384624988E-1,1.413499951E0,3.396250010E-1,1.460307884E0
1.108560456E1,1.409374923E-1,1.375550032E0,3.089624941E-1,1.416848294E0
1.108810918E1,1.507000029E-1,1.321787477E0,2.771999836E-1,1.358923270E0
1.109061389E1,1.801249981E-1,1.221687436E0,2.528625131E-1,1.260517615E0
1.109311843E1,2.387000024E-1,1.018875003E0,2.601499856E-1,1.078314415E0
1.109562312E1,3.267000020E-1,7.280625105E-1,2.980999947E-1,8.518635556E-1
1.109812889E1,4.158000052E-1,4.592500031E-1,3.151499927E-1,6.950681460E-1
1.110063234E1,4.780874848E-1,2.796750069E-1,2.881999910E-1,6.243756781E-1
1.110313718E1,5.160375237E-1,1.673374921E-1,2.283875048E-1,5.886063324E-1
1.110564157E1,5.417500138E-1,7.562500238E-2,1.563374996E-1,5.689056444E-1
1.110814641E1,5.735124946E-1,-3.176249936E-2,8.662500232E-2,5.808866747E-1
1.111065110E1,6.173750162E-1,-1.662375033E-1,2.804999985E-2,6.399793908E-1
1.111315572E1,6.699000001E-1,-3.177624941E-1,-2.571249940E-2,7.418895776E-1
1.111566034E1,7.346624732E-1,-4.691500068E-1,-7.576250285E-2,8.749689339E-1
1.111816610E1,8.079500198E-1,-6.194375157E-1,-1.124750003E-1,1.024273741E0
1.112066957E1,8.911374807E-1,-7.709624767E-1,-1.319999993E-1,1.185720519E0
1.112317416E1,9.766625166E-1,-8.870124817E-1,-1.564749926E-1,1.328587685E0
1.112567878E1,1.058475018E0,-9.457250237E-1,-2.040500045E-1,1.434015895E0
1.112818340E1,1.136712551E0,-9.542499781E-1,-2.700499892E-1,1.508520945E0
1.113068824E1,1.217287540E0,-9.420124888E-1,-3.445749879E-1,1.577310498E0
1.113319263E1,1.301574945E0,-9.150624871E-1,-4.276250005E-1,1.647513228E0
1.113569747E1,1.385862470E0,-8.845375180E-1,-5.168625116E-1,1.723417611E0
1.113820309E1,1.471387506E0,-8.540124893E-1,-6.084374785E-1,1.806796803E0
1.114070671E1,1.552099943E0,-8.357250094E-1,-6.951999664E-1,1.894928368E0
1.114321134E1,1.626624942E0,-8.344874978E-1,-7.759125233E-1,1.986030798E0
1.114571603E1,1.693724990E0,-8.405374885E-1,-8.504375219E-1,2.073270747E0
1.114822065E1,1.742674947E0,-8.381999731E-1,-9.224874973E-1,2.142540162E0
1.115072526E1,1.784199953E0,-8.332499862E-1,-9.884874821E-1,2.203357101E0
1.115322990E1,1.829300046E0,-8.822000027E-1,-1.010487437E0,2.268413623E0
1.115573474E1,1.877012491E0,-9.713000059E-1,-9.920625091E-1,2.334692189E0
1.115824028E1,1.911249995E0,-1.031250000E0,-9.762499928E-1,2.381053791E0
1.116074398E1,1.913725019E0,-1.032349944E0,-9.774875045E-1,2.384024261E0
1.116324859E1,1.891724944E0,-1.000587463E0,-9.920625091E-1,2.358810412E0
1.116575319E1,1.852537513E0,-9.688249826E-1,-1.012825012E0,2.323000557E0
1.116825780E1,1.802487493E0,-9.664874673E-1,-1.038537502E0,2.293821992E0
1.117076250E1,1.747487545E0,-1.003062487E0,-1.061774969E0,2.277545424E0
1.117326734E1,1.687674999E0,-1.078824997E0,-1.083775043E0,2.277428072E0
1.117577172E1,1.632674932E0,-1.197350025E0,-1.104537487E0,2.306355909E0
1.117827756E1,1.572862506E0,-1.342687488E0,-1.130112529E0,2.356662997E0
1.118078118E1,1.508100033E0,-1.497925043E0,-1.159399986E0,2.421229744E0
1.118328579E1,1.440862536E0,-1.655499935E0,-1.192399979E0,2.497715475E0
1.118579042E1,1.363862514E0,-1.800837517E0,-1.226637483E0,2.570559518E0
1.118829512E1,1.284525037E0,-1.930362463E0,-1.264587522E0,2.641114425E0
1.119079966E1,1.202574968E0,-2.048887491E0,-1.302399993E0,2.709312136E0
1.119330427E1,1.119524956E0,-2.157649994E0,-1.340212464E0,2.775780804E0
1.119580889E1,1.037712455E0,-2.265175104E0,-1.376924992E0,2.846715269E0
1.119831474E1,9.619500041E-1,-2.373800039E0,-1.411162496E0,2.924321122E0
1.120081844E1,8.923749924E-1,-2.494800091E0,-1.442924976E0,3.017017253E0
1.120332282E1,8.299499750E-1,-2.624325037E0,-1.469737530E0,3.120260769E0
1.120582766E1,7.774249911E-1,-2.759900093E0,-1.497925043E0,3.234998852E0
1.120833228E1,7.323250175E-1,-2.893137455E0,-1.521024942E0,3.349635971E0
1.121083689E1,6.931374669E-1,-3.009187460E0,-1.535737514E0,3.448787965E0
1.121334151E1,6.578000188E-1,-3.088525057E0,-1.533262491E0,3.510353509E0
1.121584612E1,6.235625148E-1,-3.120287418E0,-1.502737522E0,3.518983354E0
1.121835175E1,5.953750014E-1,-3.110524893E0,-1.435637474E0,3.477195919E0
1.122085536E1,5.770875216E-1,-3.069000006E0,-1.330449939E0,3.394390679E0
1.122335998E1,5.636125207E-1,-3.020187378E0,-1.188825011E0,3.294312641E0
1.122586467E1,5.575624704E-1,-2.978524923E0,-1.017774940E0,3.196615782E0
1.122836929E1,5.538499951E-1,-2.946762562E0,-8.320124745E-1,3.111656178E0
1.123087413E1,5.428500175E-1,-2.921187401E0,-6.378625035E-1,3.038896271E0
1.123337875E1,5.208500028E-1,-2.890662432E0,-4.411000013E-1,2.970148688E0
1.123588336E1,4.927999973E-1,-2.852712393E0,-2.517625093E-1,2.905891291E0
1.123838898E1,4.537499845E-1,-2.805137396E0,-7.342500240E-2,2.842547465E0
1.124089261E1,4.170374870E-1,-2.671900034E0,9.404999763E-2,2.705885337E0
1.124339723E1,3.779875040E-1,-2.516799927E0,2.651000023E-1,2.558795505E0
1.124590192E1,3.254624903E-1,-2.511849880E0,4.239124954E-1,2.568076607E0
1.124840646E1,2.424124926E-1,-2.757425070E0,5.509625077E-1,2.822360097E0
1.125091115E1,1.947000027E-1,-2.860137463E0,6.425374746E-1,2.937881686E0
1.125341577E1,1.801249981E-1,-2.855187416E0,6.925874949E-1,2.943504312E0
1.125592061E1,1.886499971E-1,-2.798949957E0,7.035874724E-1,2.892186891E0
1.125842623E1,2.191749960E-1,-2.706137419E0,6.767749786E-1,2.798078230E0
1.126092984E1,2.692250013E-1,-2.582799911E0,6.059625149E-1,2.666557341E0
1.126343447E1,3.315125108E-1,-2.431274891E0,4.849624932E-1,2.501237046E0
1.126593909E1,3.742749989E-1,-2.344512463E0,3.506250083E-1,2.399949658E0
1.126844370E1,3.914625049E-1,-2.310275078E0,1.929125041E-1,2.351133570E0
1.127094832E1,3.840374947E-1,-2.306699991E0,2.309999987E-2,2.338564358E0
1.127345302E1,3.657499850E-1,-2.331037521E0,-1.612875015E-1,2.365062924E0
1.127595756E1,3.364624977E-1,-2.392225027E0,-3.420999944E-1,2.439872947E0
1.127846349E1,3.022249937E-1,-2.486274958E0,-5.083374977E-1,2.555642800E0
1.128096710E1,2.679874897E-1,-2.605900049E0,-6.439124942E-1,2.697620370E0
1.128347172E1,2.424124926E-1,-2.731849909E0,-7.539125085E-1,2.844319218E0
1.128597634E1,2.264624983E-1,-2.847899914E0,-8.259624839E-1,2.973891929E0
1.128848096E1,2.204124928E-1,-2.933424950E0,-8.735374808E-1,3.068653016E0
1.129098565E1,2.228875011E-1,-2.978524923E0,-9.175375104E-1,3.124606318E0
1.129349027E1,2.374625057E-1,-2.965187550E0,-9.737749696E-1,3.130010118E0
1.129599491E1,2.619374990E-1,-2.907712460E0,-1.038537502E0,3.098703462E0
1.129850045E1,2.864125073E-1,-2.817374945E0,-1.105774999E0,3.040126979E0
1.130100414E1,3.071750104E-1,-2.708612442E0,-1.163112521E0,2.963742328E0
1.130350876E1,3.254624903E-1,-2.595037460E0,-1.203400016E0,2.878943704E0
1.130601338E1,3.364624977E-1,-2.486274958E0,-1.216874957E0,2.788468189E0
1.130851823E1,3.449875116E-1,-2.388512373E0,-1.203400016E0,2.696697858E0
1.131102284E1,3.522749841E-1,-2.311512470E0,-1.166824937E0,2.613172018E0
1.131352746E1,3.609375060E-1,-2.249224901E0,-1.108112454E0,2.533219641E0
1.131603208E1,3.767499924E-1,-2.192987442E0,-1.033587456E0,2.453454199E0
1.131853769E1,3.975124955E-1,-2.128225088E0,-9.505375028E-1,2.364504124E0
1.132104131E1,4.377999902E-1,-2.051362514E0,-8.454874754E-1,2.261549484E0
1.132354600E1,5.000874996E-1,-1.948650002E0,-7.599624991E-1,2.150550474E0
1.132605061E1,5.636125207E-1,-1.811837435E0,-6.964374781E-1,2.021246923E0
1.132855523E1,6.247999668E-1,-1.695787549E0,-6.488624811E-1,1.920180442E0
1.133105986E1,6.723750234E-1,-1.585787535E0,-6.206749678E-1,1.830859823E0
1.133356470E1,6.993250251E-1,-1.446499944E0,-6.243875027E-1,1.723739346E0
1.133606932E1,7.066124678E-1,-1.281637549E0,-6.499624848E-1,1.601357930E0
1.133857486E1,6.931374669E-1,-1.110587478E0,-7.024874687E-1,1.485709506E0
1.134107856E1,6.699000001E-1,-9.700624943E-1,-7.612000108E-1,1.403286396E0
1.134358317E1,6.370375156E-1,-8.674874902E-1,-8.284375072E-1,1.358182626E0
1.134608786E1,5.966125131E-1,-8.027250171E-1,-9.127249718E-1,1.354023935E0
1.134859240E1,5.307499766E-1,-7.819625139E-1,-1.030012488E0,1.397886489E0
1.135109709E1,4.342249930E-1,-8.100125194E-1,-1.143587470E0,1.467127782E0
1.135360197E1,3.181749880E-1,-8.442500234E-1,-1.253587484E0,1.544498302E0
1.135610659E1,1.959374994E-1,-8.284375072E-1,-1.348875046E0,1.595043603E0
1.135861212E1,7.012499869E-2,-7.282000184E-1,-1.441687465E0,1.616680404E0
1.136111582E1,-6.916250288E-2,-5.741999745E-1,-1.513737440E0,1.620459842E0
1.136362043E1,-2.231625021E-1,-4.863374829E-1,-1.580974936E0,1.669073815E0
1.136612503E1,-3.867875040E-1,-5.803874731E-1,-1.639549971E0,1.781734632E0
1.136862964E1,-5.407875180E-1,-7.856749892E-1,-1.676262498E0,1.928624455E0
1.137113426E1,-6.690750122E-1,-9.725375175E-1,-1.705549955E0,2.074220636E0
1.137363888E1,-7.594124675E-1,-1.075112462E0,-1.727550030E0,2.171866296E0
1.137614356E1,-8.241750002E-1,-1.094774961E0,-1.743499994E0,2.217563726E0
1.137864933E1,-8.742250204E-1,-1.060537457E0,-1.747074962E0,2.222899010E0
1.138115280E1,-9.244124889E-1,-1.020249963E0,-1.739787459E0,2.218627693E0
1.138365764E1,-9.792749882E-1,-9.762499928E-1,-1.705549955E0,2.195664865E0
1.138616226E1,-1.037987471E0,-9.542499781E-1,-1.654262543E0,2.173613482E0
1.138866687E1,-1.091750026E0,-9.554874897E-1,-1.587025046E0,2.150237884E0
1.139117148E1,-1.134512544E0,-9.627749920E-1,-1.511262536E0,2.120841543E0
1.139367610E1,-1.163800001E0,-9.700624943E-1,-1.429450035E0,2.082973617E0
1.139618071E1,-1.171087503E0,-9.750124812E-1,-1.343924999E0,2.031804539E0
1.139868631E1,-1.162562490E0,-9.737749696E-1,-1.264587522E0,1.974581179E0
1.140119000E1,-1.138224959E0,-9.713000059E-1,-1.191300035E0,1.912635755E0
1.140369462E1,-1.101512551E0,-9.750124812E-1,-1.131350040E0,1.855783434E0
1.140619923E1,-1.058750033E0,-9.822999835E-1,-1.086112499E0,1.807070904E0
1.140870385E1,-1.011175036E0,-9.920625091E-1,-1.052012444E0,1.764480988E0
1.141120868E1,-9.671750069E-1,-1.006775022E0,-1.021350026E0,1.729791697E0
1.141371330E1,-9.304624796E-1,-1.021350026E0,-9.908249974E-1,1.700191306E0
1.141621799E1,-8.974624872E-1,-1.027537465E0,-9.578250051E-1,1.666943580E0
1.141872376E1,-8.729875088E-1,-1.032349944E0,-9.237250090E-1,1.637413048E0
1.142122722E1,-8.486499786E-1,-1.039775014E0,-8.857749701E-1,1.608084626E0
1.142373183E1,-8.229374886E-1,-1.039775014E0,-8.442500234E-1,1.571978464E0
1.142623645E1,-8.034124970E-1,-1.039775014E0,-8.027250171E-1,1.539795822E0
1.142874099E1,-7.875999808E-1,-1.027537465E0,-7.599624991E-1,1.501229487E0
1.143124568E1,-7.643625140E-1,-1.031112552E0,-7.134875059E-1,1.468505216E0
1.143375030E1,-7.398874760E-1,-1.033587456E0,-6.586250067E-1,1.431615663E0
1.143625514E1,-7.239375114E-1,-1.015300035E0,-6.011499763E-1,1.384305232E0
1.143876068E1,-7.141749859E-1,-9.957749844E-1,-5.461499691E-1,1.341601103E0
1.144126437E1,-7.106000185E-1,-9.920625091E-1,-4.888125062E-1,1.314563834E0
1.144376898E1,-7.093625069E-1,-9.860125184E-1,-4.288625121E-1,1.288153293E0
1.144627360E1,-7.068874836E-1,-9.725375175E-1,-3.678124845E-1,1.257300744E0
1.144877821E1,-7.056499720E-1,-9.457250237E-1,-3.042874932E-1,1.218576457E0
1.145128281E1,-6.971250176E-1,-9.114875197E-1,-2.334749997E-1,1.171026628E0
1.145378743E1,-6.776000261E-1,-9.029625058E-1,-1.417624950E-1,1.137795978E0
1.145629212E1,-6.531249881E-1,-8.760125041E-1,-4.895000160E-2,1.093785290E0
1.145879789E1,-6.286500096E-1,-8.259624839E-1,3.781250119E-2,1.038674465E0
1.146130159E1,-6.043124795E-1,-7.636749744E-1,1.111000031E-1,9.801715412E-1
1.146380617E1,-5.750250220E-1,-7.024874687E-1,1.673374921E-1,9.231165993E-1
1.146631079E1,-5.407875180E-1,-6.511999965E-1,2.063875049E-1,8.712682579E-1
1.146881540E1,-5.005000234E-1,-6.072000265E-1,2.308624983E-1,8.200546559E-1
1.147132010E1,-4.588375092E-1,-5.706250072E-1,2.356749922E-1,7.692122337E-1
1.147382472E1,-4.197874963E-1,-5.326749682E-1,2.234375030E-1,7.140647601E-1
1.147632933E1,-3.832125068E-1,-4.973374903E-1,1.978625059E-1,6.582901912E-1
1.147883510E1,-3.562625051E-1,-4.581499994E-1,1.611499935E-1,6.023235965E-1
1.148133856E1,-3.317874968E-1,-4.203374982E-1,1.171500012E-1,5.481703004E-1
1.148384316E1,-3.097875118E-1,-3.823874891E-1,6.710000336E-2,4.966798816E-1
1.148634778E1,-2.939749956E-1,-3.470500112E-1,1.333750039E-2,4.550196668E-1
1.148885263E1,-2.780250013E-1,-3.115749955E-1,-4.042499885E-2,4.195367203E-1
1.149135724E1,-2.646875083E-1,-2.810499966E-1,-9.652499855E-2,3.979518225E-1
1.149386186E1,-2.462625057E-1,-2.419999987E-1,-1.539999992E-1,3.780545209E-1
1.149636655E1,-2.242625058E-1,-1.955250055E-1,-2.127124965E-1,3.657462309E-1
1.149887209E1,-1.937374920E-1,-1.442375034E-1,-2.553375065E-1,3.514767637E-1
1.150137571E1,-1.596374959E-1,-8.923749626E-2,-2.908124924E-1,3.435394687E-1
1.150388032E1,-1.254000068E-1,-1.842499897E-2,-3.238124847E-1,3.477343347E-1
1.150638491E1,-9.116250277E-2,6.104999781E-2,-3.507624865E-1,3.675214634E-1
1.150888960E1,-6.063750014E-2,1.428624988E-1,-3.738625050E-1,4.047959641E-1
1.151139422E1,-3.368749842E-2,2.211000025E-1,-3.922874928E-1,4.515634348E-1
1.151389906E1,-6.874999963E-3,2.894375026E-1,-4.068624973E-1,4.993580131E-1
1.151640369E1,1.759999990E-2,3.431999981E-1,-4.190999866E-1,5.419785950E-1
1.151890930E1,3.836249933E-2,3.847250044E-1,-4.313375056E-1,5.792556034E-1
1.152141292E1,5.912499875E-2,4.201999903E-1,-4.423374832E-1,6.129651265E-1
1.152391753E1,7.864999771E-2,4.494875073E-1,-4.570499957E-1,6.458479232E-1
1.152642215E1,9.212499857E-2,4.702500105E-1,-4.680500031E-1,6.698454248E-1
1.152892687E1,1.018875018E-1,4.800125062E-1,-4.826250076E-1,6.882731777E-1
1.153143171E1,1.079374999E-1,4.874374866E-1,-4.998124838E-1,7.064406035E-1
1.153393633E1,1.141249985E-1,4.922499955E-1,-5.119125247E-1,7.192975784E-1
1.153644095E1,1.226499975E-1,4.862000048E-1,-5.193374753E-1,7.219036500E-1
1.153894657E1,1.311749965E-1,4.824874997E-1,-5.205749869E-1,7.218028707E-1
1.154144996E1,1.396999955E-1,4.824874997E-1,-5.168625116E-1,7.207337456E-1
1.154395488E1,1.494625062E-1,4.812499881E-1,-5.083374977E-1,7.157846068E-1
1.154645942E1,1.592250019E-1,4.764375091E-1,-4.948624969E-1,7.051483476E-1
1.154896411E1,1.776500046E-1,4.679124951E-1,-4.765749872E-1,6.911044390E-1
1.155146872E1,1.971749961E-1,4.592500031E-1,-4.593875110E-1,6.788412404E-1
1.155397333E1,2.154625058E-1,4.531999826E-1,-4.411000013E-1,6.681193957E-1
1.155647795E1,2.411749959E-1,4.459125102E-1,-4.252874851E-1,6.617195708E-1
1.155898372E1,2.644124925E-1,4.384875000E-1,-4.142875075E-1,6.586496737E-1
1.156148743E1,2.864125073E-1,4.324375093E-1,-4.068624973E-1,6.592203088E-1
1.156399204E1,3.082749844E-1,4.189625084E-1,-4.056249857E-1,6.596170696E-1
1.156649666E1,3.315125108E-1,4.019125104E-1,-4.105750024E-1,6.633295135E-1
1.156900128E1,3.547500074E-1,3.836250007E-1,-4.190999866E-1,6.698212505E-1
1.157150598E1,3.827999830E-1,3.737249970E-1,-4.240500033E-1,6.826599488E-1
1.157401059E1,4.145624936E-1,3.689124882E-1,-4.276250005E-1,7.005866300E-1
1.157651521E1,4.463250041E-1,3.627249897E-1,-4.215750098E-1,7.130925019E-1
1.157902098E1,4.745124876E-1,3.639625013E-1,-4.008125067E-1,7.199176820E-1
1.158152444E1,5.000874996E-1,3.676750064E-1,-3.715249896E-1,7.233970110E-1
1.158402906E1,5.307499766E-1,3.334375024E-1,-3.201000094E-1,7.038040365E-1
1.158653391E1,5.563250184E-1,3.566749990E-1,-2.725250125E-1,7.148317728E-1
1.158903853E1,5.795624852E-1,4.262500107E-1,-2.235749960E-1,7.533707751E-1
1.159154314E1,6.028000116E-1,4.776749909E-1,-1.710499972E-1,7.879082132E-1
1.159404775E1,6.296125054E-1,5.020124912E-1,-1.185249984E-1,8.139266697E-1
1.159655244E1,6.590374708E-1,5.167250037E-1,-6.599999964E-2,8.400542348E-1
1.159905798E1,6.858500242E-1,5.326749682E-1,-1.471249945E-2,8.685328636E-1
1.160156168E1,7.041375041E-1,5.411999822E-1,3.657500073E-2,8.888446299E-1
1.160406629E1,7.151374817E-1,5.326749682E-1,9.528750181E-2,8.967964917E-1
1.160657090E1,7.176125050E-1,5.179625154E-1,1.513874978E-1,8.978702852E-1
1.160907552E1,7.188500166E-1,5.094375014E-1,2.063875049E-1,9.049130988E-1
1.161158036E1,7.176125050E-1,5.081999898E-1,2.601499856E-1,9.170130598E-1
1.161408475E1,7.163749933E-1,5.216749907E-1,3.078624904E-1,9.381456390E-1
1.161658958E1,7.138999701E-1,5.424374938E-1,3.517250121E-1,9.631210132E-1
1.161909520E1,7.090874910E-1,5.729625225E-1,3.834874928E-1,9.890165718E-1
1.162159882E1,7.016624808E-1,6.047250032E-1,4.054875076E-1,1.011159080E0
1.162410351E1,6.883249879E-1,6.389625072E-1,4.177249968E-1,1.027890338E0
1.162660805E1,6.650875211E-1,6.767749786E-1,4.189625084E-1,1.037253762E0
1.162911275E1,6.370375156E-1,7.134875059E-1,4.079625010E-1,1.039862789E0
1.163161737E1,6.028000116E-1,7.512999773E-1,3.896749914E-1,1.039069829E0
1.163412221E1,5.625125170E-1,7.855374813E-1,3.689124882E-1,1.034207856E0
1.163662660E1,5.197499990E-1,8.111125231E-1,3.431999981E-1,1.022658215E0
1.163913238E1,4.793249965E-1,8.245875239E-1,3.249124885E-1,1.007603673E0
1.164163608E1,4.475624859E-1,8.208749890E-1,3.126749992E-1,9.858567754E-1
1.164414069E1,4.219875038E-1,8.062999845E-1,3.089624941E-1,9.610676048E-1
1.164664530E1,3.987500072E-1,7.903500199E-1,3.114374876E-1,9.384284900E-1
1.164914992E1,3.755125105E-1,7.732999921E-1,3.224374950E-1,9.181331393E-1
1.165165461E1,3.559874892E-1,7.488250136E-1,3.396250010E-1,8.959972850E-1
1.165415923E1,3.377000093E-1,7.255874872E-1,3.603875041E-1,8.777229922E-1
1.165666384E1,3.192749918E-1,7.073000073E-1,3.884375095E-1,8.678096102E-1
1.165916961E1,3.059374988E-1,6.890124679E-1,4.239124954E-1,8.648917492E-1
1.166167308E1,2.961750031E-1,6.718249917E-1,4.629625082E-1,8.679877510E-1
1.166417770E1,2.887499928E-1,6.620625257E-1,5.057250261E-1,8.817375734E-1
1.166668254E1,2.875125110E-1,6.535375118E-1,5.509625077E-1,9.018505465E-1
1.166918693E1,2.875125110E-1,6.462500095E-1,5.949624777E-1,9.242742389E-1
1.167169176E1,2.924624979E-1,6.389625072E-1,6.388249993E-1,9.496866737E-1
1.167419637E1,3.022249937E-1,6.413000226E-1,6.804875135E-1,9.826845485E-1
1.167670099E1,3.132250011E-1,6.487249732E-1,7.195374966E-1,1.018178865E0
1.167920660E1,3.229874969E-1,6.547750235E-1,7.561125159E-1,1.051074399E0
1.168171030E1,3.352249861E-1,6.645374894E-1,7.891125083E-1,1.084750855E0
1.168421492E1,3.486999869E-1,6.840624809E-1,8.208749890E-1,1.123996844E0
1.168671954E1,3.620375097E-1,7.060624957E-1,8.503000140E-1,1.163015701E0
1.168922416E1,3.718000054E-1,7.390624881E-1,8.783500195E-1,1.206626438E0
1.169172877E1,3.852750063E-1,7.793499827E-1,9.040625095E-1,1.254253661E0
1.169423362E1,3.975124955E-1,8.282999992E-1,9.248250127E-1,1.303609749E0
1.169673824E1,4.122250080E-1,8.733999729E-1,9.381625056E-1,1.346441925E0
1.169924385E1,4.255625010E-1,9.161624908E-1,9.479249716E-1,1.385286578E0
1.170174747E1,4.390375018E-1,9.578250051E-1,9.491624832E-1,1.418129785E0
1.170425216E1,4.549874961E-1,9.981124997E-1,9.455875158E-1,1.448232693E0
1.170675673E1,4.720374942E-1,1.038399935E0,9.406374693E-1,1.478476469E0
1.170926135E1,4.927999973E-1,1.071400046E0,9.345874786E-1,1.504727102E0
1.171176596E1,5.135625005E-1,1.096974969E0,9.259250164E-1,1.524610659E0
1.171427081E1,5.368000269E-1,1.116637468E0,9.125875235E-1,1.538781821E0
1.171677544E1,5.575624704E-1,1.122687459E0,8.953999877E-1,1.540468817E0
1.171928105E1,5.807999969E-1,1.114162445E0,8.733999729E-1,1.530200674E0
1.172178467E1,6.052749753E-1,1.096974969E0,8.478249907E-1,1.512785210E0
1.172428928E1,6.283749938E-1,1.066450000E0,8.185374737E-1,1.483972483E0
1.172679400E1,6.553249955E-1,1.026162505E0,7.855374813E-1,1.448975318E0
1.172929861E1,6.808999777E-1,9.748749733E-1,7.463499904E-1,1.403938852E0
1.173180323E1,7.066124678E-1,9.211124778E-1,6.975374818E-1,1.354366241E0
1.173430784E1,7.323250175E-1,8.673499823E-1,6.388249993E-1,1.302571803E0
1.173681268E1,7.566624880E-1,8.135874867E-1,5.680124760E-1,1.247838488E0
1.173931830E1,7.761874795E-1,7.623000145E-1,4.874374866E-1,1.192125672E0
1.174182191E1,7.933750153E-1,7.085375190E-1,3.957250118E-1,1.134930666E0
1.174432653E1,8.091874719E-1,6.572499871E-1,2.968625128E-1,1.083923088E0
1.174683114E1,8.189499974E-1,6.070625186E-1,1.893374920E-1,1.036847475E0
1.174933583E1,8.276125193E-1,5.509625077E-1,7.686249912E-2,9.972010884E-1
1.175184037E1,8.361374736E-1,4.996750057E-1,-4.399999976E-2,9.750574270E-1
1.175434506E1,8.446624875E-1,4.531999826E-1,-1.710499972E-1,9.737058301E-1
1.175684968E1,8.507124782E-1,4.299624860E-1,-3.067624867E-1,1.001340443E0
1.175935545E1,8.507124782E-1,4.141499996E-1,-4.423374832E-1,1.044458899E0
1.176185891E1,8.458999991E-1,3.957250118E-1,-5.718625188E-1,1.095067045E0
1.176436353E1,8.373749852E-1,3.896749914E-1,-6.964374781E-1,1.156749163E0
1.176686837E1,8.178499937E-1,4.006749988E-1,-8.162000179E-1,1.222947888E0
1.176937299E1,7.981874943E-1,4.189625084E-1,-9.260625243E-1,1.292371718E0
1.177187760E1,7.738500237E-1,4.372499883E-1,-1.025062442E0,1.356755107E0
1.177438221E1,7.444249988E-1,4.569124877E-1,-1.116775036E0,1.417788447E0
1.177688690E1,7.188500166E-1,4.617249966E-1,-1.197350025E0,1.470912099E0
1.177939244E1,7.041375041E-1,4.422000051E-1,-1.264587522E0,1.513450385E0
1.178189607E1,6.943749785E-1,3.982000053E-1,-1.315874934E0,1.540209952E0
1.178440076E1,6.846125126E-1,3.298625052E-1,-1.354925036E0,1.553488146E0
1.178690538E1,6.723750234E-1,2.431000024E-1,-1.380637527E0,1.554781580E0
1.178940999E1,6.613749862E-1,1.575749964E-1,-1.395212531E0,1.552051790E0
1.179191483E1,6.443250179E-1,7.452499866E-2,-1.398924947E0,1.541979154E0
1.179441945E1,6.210874915E-1,-2.474999987E-3,-1.391637444E0,1.523945726E0
1.179692407E1,5.905625224E-1,-7.947500050E-2,-1.380637527E0,1.503742115E0
1.179942968E1,5.563250184E-1,-1.454750001E-1,-1.359874964E0,1.476455356E0
1.180193336E1,5.197499990E-1,-1.992374957E-1,-1.328112483E0,1.440041114E0
1.180443790E1,4.793249965E-1,-2.517625093E-1,-1.287687540E0,1.396880816E0
1.180694259E1,4.342249930E-1,-2.932874858E-1,-1.242587447E0,1.348551986E0
1.180944720E1,3.926999867E-1,-3.275249898E-1,-1.186349988E0,1.291863844E0
1.181195174E1,3.547500074E-1,-3.605250120E-1,-1.122825027E0,1.231487674E0
1.181445644E1,3.217499852E-1,-3.922874928E-1,-1.052012444E0,1.167965201E0
1.181696105E1,2.961750031E-1,-4.251500070E-1,-9.787250161E-1,1.107418086E0
1.181946682E1,2.729375064E-1,-4.581499994E-1,-9.042000175E-1,1.049749482E0
1.182197028E1,2.546499968E-1,-4.863374829E-1,-8.332499862E-1,9.978358119E-1
1.182447513E1,2.362249941E-1,-5.168625116E-1,-7.660124898E-1,9.537946520E-1
1.182697974E1,2.167000026E-1,-5.436750054E-1,-7.062000036E-1,9.172021848E-1
1.182948436E1,1.996500045E-1,-5.706250072E-1,-6.536750197E-1,8.903729862E-1
1.183198897E1,1.836999953E-1,-5.974375010E-1,-6.048625112E-1,8.697907296E-1
1.183449367E1,1.666499972E-1,-6.231499910E-1,-5.644375086E-1,8.571334984E-1
1.183699829E1,1.458874941E-1,-6.511999965E-1,-5.363875031E-1,8.561869830E-1
1.183950406E1,1.251250058E-1,-6.769124866E-1,-5.168625116E-1,8.608214899E-1
1.184200744E1,1.091749966E-1,-6.903874874E-1,-4.998124838E-1,8.592825971E-1
1.184451213E1,9.569999576E-2,-6.914874911E-1,-4.826250076E-1,8.486697459E-1
1.184701675E1,8.470000327E-2,-6.914874911E-1,-4.680500031E-1,8.392853188E-1
1.184952136E1,7.493750006E-2,-6.914874911E-1,-4.521000087E-1,8.295571091E-1
1.185202621E1,6.517499685E-2,-6.951999664E-1,-4.386250079E-1,8.245863636E-1
1.185453083E1,6.159999967E-2,-7.024874687E-1,-4.240500033E-1,8.228618407E-1
1.185703544E1,6.283749640E-2,-7.086749673E-1,-4.081000090E-1,8.201916712E-1
1.185954105E1,7.493750006E-2,-7.111499906E-1,-3.898124993E-1,8.144346030E-1
1.186204475E1,9.459999949E-2,-7.062000036E-1,-3.678124845E-1,8.018438930E-1
1.186454928E1,1.226499975E-1,-6.951999664E-1,-3.433375061E-1,7.850010562E-1
1.186705399E1,1.507000029E-1,-6.719624996E-1,-3.177624941E-1,7.584306787E-1
1.186955860E1,1.801249981E-1,-6.389625072E-1,-2.895750105E-1,7.242732822E-1
1.187206322E1,2.056999952E-1,-5.999125242E-1,-2.639999986E-1,6.869523448E-1
1.187456806E1,2.301750034E-1,-5.559124947E-1,-2.370499969E-1,6.466930763E-1
1.187707268E1,2.557500005E-1,-5.106750131E-1,-2.065249979E-1,6.073298992E-1
1.187957823E1,2.802250087E-1,-4.630999863E-1,-1.759999990E-1,5.691780499E-1
1.188208192E1,3.071750104E-1,-4.130499959E-1,-1.442375034E-1,5.345757603E-1
1.188458654E1,3.389374912E-1,-3.628624976E-1,-1.112374961E-1,5.088433901E-1
1.188709115E1,3.730374873E-1,-3.115749955E-1,-8.071249723E-2,4.926971199E-1
1.188959583E1,4.085125029E-1,-2.542375028E-1,-5.623750016E-2,4.844397066E-1
1.189210045E1,4.475624859E-1,-1.918125004E-1,-3.671250120E-2,4.883154942E-1
1.189460530E1,4.855124950E-1,-1.282874942E-1,-2.199999988E-2,5.026570043E-1
1.189710991E1,5.257999897E-1,-6.242499873E-2,-1.471249945E-2,5.296970524E-1
1.189961544E1,5.660874844E-1,2.337499987E-3,-1.347499993E-2,5.662526640E-1
1.190211891E1,6.052749753E-1,6.462500244E-2,-1.718750037E-2,6.089577956E-1
1.190462375E1,6.393749714E-1,1.282874942E-1,-2.447500080E-2,6.525772451E-1
1.190712837E1,6.687999964E-1,1.918125004E-1,-3.423750028E-2,6.966043905E-1
1.190963298E1,6.919000149E-1,2.540999949E-1,-4.523750022E-2,7.384706287E-1
1.191213769E1,7.090874910E-1,3.126749992E-1,-5.747500062E-2,7.770933668E-1
1.191464231E1,7.188500166E-1,3.627249897E-1,-7.095000148E-2,8.082998622E-1
1.191714685E1,7.200874686E-1,4.079625010E-1,-8.799999952E-2,8.322880299E-1
1.191965246E1,7.138999701E-1,4.446749985E-1,-1.039500013E-1,8.474636419E-1
1.192215615E1,7.066124678E-1,4.800125062E-1,-1.197625026E-1,8.625869480E-1
1.192466076E1,6.956124902E-1,5.057250261E-1,-1.332374960E-1,8.702797073E-1
1.192716561E1,6.797999740E-1,5.227749944E-1,-1.430000067E-1,8.694082477E-1
1.192967022E1,6.663249731E-1,5.326749682E-1,-1.490499973E-1,8.659950885E-1
1.193217483E1,6.503750086E-1,5.314375162E-1,-1.515250057E-1,8.534478969E-1
1.193467944E1,6.333249807E-1,5.191999674E-1,-1.490499973E-1,8.323971643E-1
1.193718406E1,6.198499799E-1,4.922499955E-1,-1.417624950E-1,8.041272664E-1
1.193968967E1,6.113250256E-1,4.544374943E-1,-1.282874942E-1,7.724567329E-1
1.194219329E1,6.063749790E-1,4.006749988E-1,-1.124750003E-1,7.354465960E-1
1.194469799E1,6.040375233E-1,3.396250010E-1,-9.418749809E-2,6.993409437E-1
1.194720261E1,6.028000116E-1,2.748624980E-1,-7.342500240E-2,6.665646839E-1
1.194970745E1,6.003249884E-1,2.161500007E-1,-5.623750016E-2,6.405260111E-1
1.195221207E1,5.953750014E-1,1.685750037E-1,-3.795000166E-2,6.199428416E-1
1.195471668E1,5.953750014E-1,1.428624988E-1,-2.089999989E-2,6.126319416E-1
1.195722129E1,6.015625000E-1,1.380500048E-1,-3.712499980E-3,6.172106836E-1
1.195972683E1,6.052749753E-1,1.343374997E-1,6.049999967E-3,6.200330330E-1
1.196223052E1,6.003249884E-1,1.220999956E-1,1.086249948E-2,6.127124076E-1
1.196473514E1,5.905625224E-1,1.098624989E-1,1.209999993E-2,6.008163376E-1
1.196723984E1,5.746124983E-1,9.404999763E-2,1.086249948E-2,5.823597850E-1
1.196974445E1,5.538499951E-1,7.933750004E-2,1.209999993E-2,5.596344039E-1
1.197224907E1,5.405125022E-1,8.304999769E-2,1.209999993E-2,5.469894671E-1
1.197475369E1,5.295125246E-1,1.000999957E-1,1.457499992E-2,5.390880758E-1
1.197725831E1,5.245624781E-1,1.172875017E-1,1.704999991E-2,5.377851373E-1
1.197976408E1,5.197499990E-1,1.416250020E-1,1.581249945E-2,5.389320345E-1
1.198226778E1,5.160375237E-1,1.660999954E-1,1.086249948E-2,5.422194466E-1
1.198477239E1,5.148000121E-1,1.905750036E-1,1.099999994E-3,5.489436168E-1
1.198727701E1,5.135625005E-1,2.173874974E-1,-1.471249945E-2,5.578711532E-1
1.198978162E1,5.123249888E-1,2.454375029E-1,-3.547500074E-2,5.691879634E-1
1.199228631E1,5.087500215E-1,2.748624980E-1,-5.995000154E-2,5.813518555E-1
1.199479086E1,5.025625229E-1,3.041499853E-1,-8.923749626E-2,5.941713841E-1
1.199729556E1,4.965125024E-1,3.346749842E-1,-1.209999993E-1,6.108788832E-1
1.199980133E1,4.867500067E-1,3.616249859E-1,-1.527625024E-1,6.253275794E-1
1.200230479E1,4.745124876E-1,3.884375095E-1,-1.870000064E-1,6.411043614E-1
1.200480964E1,4.585624933E-1,4.153875113E-1,-2.212374955E-1,6.570938854E-1
1.200731401E1,4.390375018E-1,4.372499883E-1,-2.565749884E-1,6.706505833E-1
1.200981885E1,4.170374870E-1,4.581499994E-1,-2.895750105E-1,6.838679509E-1
1.201232347E1,3.926999867E-1,4.764375091E-1,-3.213374913E-1,6.960343116E-1
1.201482816E1,3.682250082E-1,5.007749796E-1,-3.495250046E-1,7.131149737E-1
1.201733284E1,3.364624977E-1,5.631999969E-1,-3.702875078E-1,7.533353087E-1
1.201983861E1,2.949374914E-1,6.022499800E-1,-3.910500109E-1,7.762816971E-1
1.202234208E1,2.509374917E-1,6.082999706E-1,-4.118124843E-1,7.762654193E-1
1.202484669E1,2.069374919E-1,5.900124907E-1,-4.288625121E-1,7.581958316E-1
1.202735152E1,1.616999954E-1,5.607249737E-1,-4.423374832E-1,7.322716939E-1
1.202985591E1,1.176999956E-1,5.264874697E-1,-4.558124840E-1,7.062629576E-1
1.203236075E1,7.383749634E-2,4.934875071E-1,-4.668124914E-1,6.832977372E-1
1.203486537E1,3.341250122E-2,4.617249966E-1,-4.740999937E-1,6.626289850E-1
1.203736997E1,-5.637499969E-3,4.349125028E-1,-4.801499844E-1,6.478616164E-1
1.203987559E1,-3.616249934E-2,4.177249968E-1,-4.826250076E-1,6.393190106E-1
1.204237921E1,-6.668750197E-2,4.092000127E-1,-4.801499844E-1,6.343783420E-1
1.204488382E1,-9.116250277E-2,4.079625010E-1,-4.778124988E-1,6.348612354E-1
1.204738841E1,-1.131625026E-1,4.141499996E-1,-4.740999937E-1,6.396067372E-1
1.204989334E1,-1.363999993E-1,4.214375019E-1,-4.728625119E-1,6.479301528E-1
1.205239765E1,-1.596374959E-1,4.287250042E-1,-4.680500031E-1,6.544922190E-1
1.205490257E1,-1.827374995E-1,4.372499883E-1,-4.655750096E-1,6.643347316E-1
1.205740696E1,-2.047374994E-1,4.482499957E-1,-4.618625045E-1,6.753980125E-1
1.205991272E1,-2.267374992E-1,4.581499994E-1,-4.581499994E-1,6.864493699E-1
1.206241619E1,-2.451625019E-1,4.654375017E-1,-4.545750022E-1,6.952518629E-1
1.206492103E1,-2.634499967E-1,4.751999974E-1,-4.508624971E-1,7.060438581E-1
1.206742564E1,-2.804999948E-1,4.874374866E-1,-4.471499920E-1,7.184835877E-1
1.206993033E1,-2.952125072E-1,5.007749796E-1,-4.411000013E-1,7.297226979E-1
1.207243495E1,-3.074499965E-1,5.179625154E-1,-4.325749874E-1,7.415738583E-1
1.207493956E1,-3.172124922E-1,5.362499952E-1,-4.228124917E-1,7.529662846E-1
1.207744418E1,-3.269749880E-1,5.522000194E-1,-4.093374908E-1,7.611797984E-1
1.207994993E1,-3.330250084E-1,5.741999745E-1,-3.935250044E-1,7.716690975E-1
1.208245339E1,-3.379749954E-1,5.961999893E-1,-3.738625050E-1,7.806757953E-1
1.208495824E1,-3.392125070E-1,6.157249808E-1,-3.531000018E-1,7.866778173E-1
1.208746285E1,-3.392125070E-1,6.315374970E-1,-3.298625052E-1,7.891223019E-1
1.208996754E1,-3.355000019E-1,6.450124979E-1,-3.030500114E-1,7.876805718E-1
1.209247218E1,-3.342624903E-1,6.498249769E-1,-2.725250125E-1,7.799190955E-1
1.209497679E1,-3.269749880E-1,6.498249769E-1,-2.382874936E-1,7.654842082E-1
1.209748141E1,-3.196874857E-1,6.437749863E-1,-2.017125040E-1,7.465482273E-1
1.209998717E1,-3.110249937E-1,6.315374970E-1,-1.662375033E-1,7.233333010E-1
1.210249089E1,-3.025000095E-1,6.120125055E-1,-1.295250058E-1,6.948685414E-1
1.210499551E1,-2.976875007E-1,5.985375047E-1,-9.418749809E-2,6.750824227E-1
1.210750012E1,-2.939749956E-1,5.802500248E-1,-6.118749827E-2,6.533416405E-1
1.211000474E1,-2.915000021E-1,5.644375086E-1,-3.189999983E-2,6.360656903E-1
1.211250935E1,-2.927374840E-1,5.447750092E-1,-6.187499966E-3,6.184766206E-1
1.211501397E1,-2.976875007E-1,5.252500176E-1,1.581249945E-2,6.039498855E-1
1.211751858E1,-3.025000095E-1,5.044875145E-1,3.533750027E-2,5.892899515E-1
1.212002420E1,-3.062124848E-1,4.874374866E-1,5.252499878E-2,5.780313700E-1
1.212252789E1,-3.122625053E-1,4.714874923E-1,6.586249918E-2,5.693383848E-1
1.212503251E1,-3.134999871E-1,4.569124877E-1,7.686249912E-2,5.594274816E-1
1.212753713E1,-3.159750104E-1,4.397250116E-1,8.786249906E-2,5.485600348E-1
1.213004174E1,-3.134999871E-1,4.214375019E-1,9.886249900E-2,5.344769440E-1
1.213254659E1,-3.122625053E-1,4.019125104E-1,1.073874980E-1,5.201669087E-1
1.213505120E1,-3.122625053E-1,3.847250044E-1,1.123374999E-1,5.080756982E-1
1.213755581E1,-3.134999871E-1,3.689124882E-1,1.160499975E-1,4.978416092E-1
1.214006142E1,-3.147374988E-1,3.566749990E-1,1.148125008E-1,4.893451322E-1
1.214256504E1,-3.184500039E-1,3.469125032E-1,1.098624989E-1,4.835581232E-1
1.214506973E1,-3.232625127E-1,3.383874893E-1,1.013374999E-1,4.788256822E-1
1.214757436E1,-3.269749880E-1,3.321999907E-1,9.033749998E-2,4.747950511E-1
1.215007897E1,-3.305499852E-1,3.261500001E-1,7.562500238E-2,4.704851286E-1
1.215258359E1,-3.330250084E-1,3.236750066E-1,5.733750015E-2,4.679302887E-1
1.215508820E1,-3.317874968E-1,3.236750066E-1,3.781250119E-2,4.650572419E-1
1.215759304E1,-3.305499852E-1,3.249124885E-1,1.457499992E-2,4.637282054E-1
1.216009857E1,-3.282124996E-1,3.249124885E-1,-8.662499487E-3,4.619162359E-1
1.216260227E1,-3.257375062E-1,3.273875117E-1,-3.547500074E-2,4.631910852E-1
1.216510688E1,-3.232625127E-1,3.261500001E-1,-6.242499873E-2,4.634321473E-1
1.216761150E1,-3.196874857E-1,3.249124885E-1,-8.676250279E-2,4.639999413E-1
1.217011611E1,-3.122625053E-1,3.163875043E-1,-1.124750003E-1,4.585406752E-1
1.217262080E1,-3.062124848E-1,3.041499853E-1,-1.344749928E-1,4.520584289E-1
1.217512542E1,-2.964499891E-1,2.870999873E-1,-1.552374959E-1,4.409168616E-1
1.217763004E1,-2.890250087E-1,2.674374878E-1,-1.722874939E-1,4.298153628E-1
1.218013580E1,-2.780250013E-1,2.431000024E-1,-1.882375032E-1,4.145224603E-1
1.218263927E1,-2.659249902E-1,2.223374993E-1,-2.017125040E-1,4.010461298E-1
1.218514411E1,-2.536875010E-1,2.076250017E-1,-2.127124965E-1,3.907839501E-1
1.218764873E1,-2.414499968E-1,1.941500008E-1,-2.235749960E-1,3.820708084E-1
1.219015329E1,-2.292124927E-1,1.808124930E-1,-2.310000062E-1,3.722801731E-1
1.219265791E1,-2.132624984E-1,1.660999954E-1,-2.370499969E-1,3.595313654E-1
1.219516260E1,-2.011625022E-1,1.551000029E-1,-2.407625020E-1,3.499842075E-1
1.219766722E1,-1.864500046E-1,1.478125006E-1,-2.419999987E-1,3.393761024E-1
1.220017300E1,-1.717374921E-1,1.440999955E-1,-2.407625020E-1,3.289759220E-1
1.220267646E1,-1.546874940E-1,1.465750039E-1,-2.370499969E-1,3.187556330E-1
1.220518107E1,-1.351625025E-1,1.465750039E-1,-2.334749997E-1,3.070239556E-1
1.220768569E1,-1.143999994E-1,1.453374922E-1,-2.285249978E-1,2.939966346E-1
1.221019054E1,-9.487500042E-2,1.403875053E-1,-2.212374955E-1,2.786681661E-1
1.221269492E1,-7.411249727E-2,1.343374997E-1,-2.175250053E-1,2.661885686E-1
1.221519977E1,-5.335000157E-2,1.258125007E-1,-2.127124965E-1,2.528272418E-1
1.221770438E1,-3.616249934E-2,1.183874980E-1,-2.114749998E-1,2.450408161E-1
1.222021000E1,-1.911249943E-2,1.160499975E-1,-2.127124965E-1,2.430627403E-1
1.222271362E1,-6.874999963E-3,1.148125008E-1,-2.175250053E-1,2.460615856E-1
1.222521831E1,-3.162499983E-3,1.183874980E-1,-2.260500044E-1,2.551944466E-1
1.222772293E1,4.124999978E-3,1.160499975E-1,-2.370499969E-1,2.639646161E-1
1.223022754E1,6.599999964E-3,1.123374999E-1,-2.529999912E-1,2.768975793E-1
1.223273216E1,1.264999993E-2,1.062875018E-1,-2.700499892E-1,2.904893323E-1
1.223523678E1,1.883750036E-2,1.000999957E-1,-2.847625017E-1,3.024310549E-1
1.223774162E1,2.241249941E-2,9.404999763E-2,-2.993375063E-1,3.145642460E-1
1.224024724E1,2.736249939E-2,9.281250089E-2,-3.140499890E-1,3.286187187E-1
1.224275085E1,3.217500076E-2,9.528750181E-2,-3.287625015E-1,3.438018631E-1
1.224525547E1,3.836249933E-2,1.000999957E-1,-3.408625126E-1,3.573219039E-1
1.224776009E1,4.688749835E-2,1.073874980E-1,-3.531000018E-1,3.720351106E-1
1.225026470E1,5.788749829E-2,1.183874980E-1,-3.628624976E-1,3.860514917E-1
1.225276940E1,7.012499869E-2,1.282874942E-1,-3.690499961E-1,3.969547786E-1
1.225527401E1,8.470000327E-2,1.428624988E-1,-3.726249933E-1,4.079622161E-1
1.225777862E1,9.693749994E-2,1.538625062E-1,-3.726249933E-1,4.146322893E-1
1.226028439E1,1.116499975E-1,1.673374921E-1,-3.726249933E-1,4.234583142E-1
1.226278786E1,1.287000030E-1,1.819124967E-1,-3.678124845E-1,4.300486844E-1
1.226529247E1,1.421750039E-1,2.003374994E-1,-3.653374910E-1,4.402503012E-1
1.226779732E1,1.568875015E-1,2.198625058E-1,-3.592875004E-1,4.494893964E-1
1.227030194E1,1.702249944E-1,2.406249940E-1,-3.555749953E-1,4.618555118E-1
1.227280656E1,1.801249981E-1,2.576749921E-1,-3.518624902E-1,4.718565762E-1
1.227531117E1,1.898874938E-1,2.723875046E-1,-3.458124995E-1,4.794147451E-1
1.227781586E1,1.996500045E-1,2.833875120E-1,-3.420999944E-1,4.870328659E-1
1.228032162E1,2.094125003E-1,2.881999910E-1,-3.372874856E-1,4.905870749E-1
1.228282508E1,2.191749960E-1,2.870999873E-1,-3.335750103E-1,4.916669290E-1
1.228532970E1,2.252250016E-1,2.809124887E-1,-3.287625015E-1,4.875683645E-1
1.228783431E1,2.289374918E-1,2.736249864E-1,-3.275249898E-1,4.843094334E-1
1.229033916E1,2.326499969E-1,2.601499856E-1,-3.250499964E-1,4.769292780E-1
1.229284378E1,2.337500006E-1,2.443374991E-1,-3.238124847E-1,4.681820175E-1
1.229534839E1,2.301750034E-1,2.211000025E-1,-3.201000094E-1,4.520284940E-1
1.229785301E1,2.264624983E-1,1.941500008E-1,-3.177624941E-1,4.358353916E-1
1.230035862E1,2.216500044E-1,1.611499935E-1,-3.140499890E-1,4.168038393E-1
1.230286224E1,2.179374993E-1,1.270499974E-1,-3.079999983E-1,3.981236672E-1
1.230536693E1,2.081750035E-1,9.762500226E-2,-3.005749881E-1,3.784346663E-1
1.230787154E1,2.032250017E-1,6.462500244E-2,-2.895750105E-1,3.596254704E-1
1.231037616E1,1.984124929E-1,3.409999982E-2,-2.773374915E-1,3.427045543E-1
1.231288077E1,1.934625059E-1,3.574999981E-3,-2.639999986E-1,3.273171567E-1
1.231538540E1,1.898874938E-1,-2.694999985E-2,-2.517625093E-1,3.164931657E-1
1.231789002E1,1.861750036E-1,-5.499999970E-2,-2.419999987E-1,3.102420528E-1
1.232039578E1,1.812250018E-1,-7.823749632E-2,-2.310000062E-1,3.038496503E-1
1.232289948E1,1.776500046E-1,-1.002374962E-1,-2.199999988E-1,3.000117985E-1
1.232540408E1,1.751749963E-1,-1.197625026E-1,-2.077624947E-1,2.969757407E-1
1.232790870E1,1.714625061E-1,-1.332374960E-1,-1.942874938E-1,2.913747614E-1
1.233041339E1,1.714625061E-1,-1.454750001E-1,-1.808124930E-1,2.885403339E-1
1.233291801E1,1.739374995E-1,-1.515250057E-1,-1.674750000E-1,2.850648290E-1
1.233542265E1,1.776500046E-1,-1.564749926E-1,-1.527625024E-1,2.817451501E-1
1.233792726E1,1.801249981E-1,-1.527625024E-1,-1.381874979E-1,2.736369523E-1
1.234043303E1,1.861750036E-1,-1.442375034E-1,-1.234750003E-1,2.659166506E-1
1.234293673E1,1.909874976E-1,-1.369500011E-1,-1.099999994E-1,2.594831919E-1
1.234544109E1,1.984124929E-1,-1.282874942E-1,-9.776250273E-2,2.557004213E-1
1.234794593E1,2.044624984E-1,-1.185249984E-1,-8.318749815E-2,2.505459007E-1
1.235045055E1,2.094125003E-1,-1.087625027E-1,-6.847500056E-2,2.457065383E-1
1.235295517E1,2.142249942E-1,-9.776250273E-2,-5.747500062E-2,2.423906573E-1
1.235545978E1,2.154625058E-1,-8.552499861E-2,-4.771250114E-2,2.366750928E-1
1.235796440E1,2.154625058E-1,-7.095000148E-2,-3.918749839E-2,2.302035060E-1
1.236047001E1,2.129874974E-1,-5.871250108E-2,-2.818750031E-2,2.227226235E-1
1.236297363E1,2.129874974E-1,-5.252499878E-2,-2.089999989E-2,2.203618832E-1
1.236547824E1,2.129874974E-1,-4.895000160E-2,-1.347499993E-2,2.189551378E-1
1.236798292E1,2.118874937E-1,-5.142499879E-2,-6.187499966E-3,2.181263983E-1
1.237048754E1,2.118874937E-1,-5.871250108E-2,-1.237499993E-3,2.198749626E-1
1.237299238E1,2.142249942E-1,-6.723749638E-2,-0.000000000E0,2.245289047E-1
1.237549700E1,2.118874937E-1,-8.071249723E-2,-1.237499993E-3,2.267429130E-1
1.237800161E1,2.118874937E-1,-9.295000136E-2,-6.187499966E-3,2.314612233E-1
1.238050715E1,2.081750035E-1,-1.027124971E-1,-1.471249945E-2,2.326008315E-1
1.238301084E1,2.044624984E-1,-1.087625027E-1,-2.571249940E-2,2.330135787E-1
1.238551545E1,1.996500045E-1,-1.099999994E-1,-4.166249931E-2,2.317237321E-1
1.238802007E1,1.934625059E-1,-1.075249985E-1,-5.871250108E-2,2.289902275E-1
1.239052468E1,1.874125004E-1,-1.002374962E-1,-7.823749632E-2,2.264776077E-1
1.239302938E1,1.801249981E-1,-9.047500044E-2,-9.776250273E-2,2.240273367E-1
1.239553400E1,1.739374995E-1,-7.576250285E-2,-1.172875017E-1,2.230483549E-1
1.239803862E1,1.727000028E-1,-6.242499873E-2,-1.344749928E-1,2.276086446E-1
1.240054439E1,1.702249944E-1,-4.647500068E-2,-1.490499973E-1,2.309813328E-1
1.240304808E1,1.678874940E-1,-3.299999982E-2,-1.625249982E-1,2.359864099E-1
1.240555270E1,1.702249944E-1,-2.076249942E-2,-1.710499972E-1,2.422100982E-1
1.240805709E1,1.702249944E-1,-1.099999994E-2,-1.759999990E-1,2.450990583E-1
1.241056201E1,1.702249944E-1,-2.474999987E-3,-1.759999990E-1,2.448646034E-1
1.241306655E1,1.702249944E-1,4.812499974E-3,-1.722874939E-1,2.422451020E-1
1.241557124E1,1.678874940E-1,1.099999994E-2,-1.674750000E-1,2.373922624E-1
1.241807585E1,1.641750038E-1,1.209999993E-2,-1.564749926E-1,2.271216968E-1
1.242058162E1,1.604624987E-1,1.099999994E-2,-1.454750001E-1,2.168690599E-1
1.242308508E1,1.556500047E-1,8.524999954E-3,-1.332374960E-1,2.050654285E-1
1.242558992E1,1.494625062E-1,4.812499974E-3,-1.185249984E-1,1.908150313E-1
1.242809454E1,1.409374923E-1,-0.000000000E0,-1.075249985E-1,1.772709847E-1
1.243059916E1,1.336500049E-1,-6.187499966E-3,-9.542500228E-2,1.643366667E-1
1.243310378E1,1.214125007E-1,-4.949999973E-3,-8.318749815E-2,1.472605096E-1
1.243560839E1,1.067000031E-1,-3.712499980E-3,-7.095000148E-2,1.281896097E-1
1.243811308E1,9.088750184E-2,1.099999994E-3,-5.623750016E-2,1.068850056E-1
1.244061885E1,7.493750006E-2,1.209999993E-2,-4.276249930E-2,8.712445271E-2
1.244312223E1,5.912499875E-2,2.681249939E-2,-3.066249937E-2,7.179738483E-2
1.244562692E1,4.193750024E-2,4.633750021E-2,-1.966249943E-2,6.551741552E-2
1.244813176E1,2.983750030E-2,6.957499683E-2,-9.899999946E-3,7.634766930E-2
1.245063638E1,2.241249941E-2,9.528750181E-2,-4.949999973E-3,9.801291053E-2
1.245314100E1,1.759999990E-2,1.245749965E-1,-0.000000000E0,1.258121209E-1
1.245564561E1,1.512499992E-2,1.588124931E-1,-1.237499993E-3,1.595359050E-1
1.245815023E1,1.512499992E-2,1.929125041E-1,-3.712499980E-3,1.935401315E-1
1.246065584E1,1.636249945E-2,2.246749997E-1,-8.662499487E-3,2.254365227E-1
1.246315953E1,1.883750036E-2,2.589125037E-1,-1.594999991E-2,2.600864058E-1
1.246566413E1,2.364999987E-2,2.870999873E-1,-2.447500080E-2,2.891102745E-1
1.246816875E1,3.107500076E-2,3.199625015E-1,-3.299999982E-2,3.231573271E-1
1.247067336E1,3.712499887E-2,3.481499851E-1,-4.276249930E-2,3.527255434E-1
1.247317798E1,4.564999789E-2,3.786749840E-1,-5.018749833E-2,3.847043680E-1
1.247568259E1,5.293750018E-2,4.043875039E-1,-5.995000154E-2,4.122203718E-1
1.247818743E1,5.788749829E-2,4.287250042E-1,-6.971249729E-2,4.381962163E-1
1.248069305E1,6.641250104E-2,4.459125102E-1,-7.947500050E-2,4.577825496E-1
1.248319644E1,7.383749634E-2,4.569124877E-1,-9.047500044E-2,4.716001728E-1
1.248570128E1,7.864999771E-2,4.641999900E-1,-9.899999946E-2,4.811116843E-1
1.248820590E1,8.359999955E-2,4.654375017E-1,-1.099999994E-1,4.855110995E-1
1.249071059E1,8.717499673E-2,4.544374943E-1,-1.209999993E-1,4.782822557E-1
1.249321521E1,8.841250092E-2,4.361499846E-1,-1.332374960E-1,4.645382758E-1
1.249571982E1,8.593750000E-2,4.104374945E-1,-1.479499936E-1,4.446722292E-1
1.249822444E1,8.112499863E-2,3.823874891E-1,-1.674750000E-1,4.252638391E-1
1.250073020E1,7.259999961E-2,3.529624939E-1,-1.870000064E-1,4.059831086E-1
1.250323367E1,6.036249921E-2,3.236750066E-1,-2.114749998E-1,3.913193284E-1
1.250573851E1,4.688749835E-2,2.931500077E-1,-2.370499969E-1,3.799053376E-1
1.250824313E1,3.341250122E-2,2.613874972E-1,-2.627624869E-1,3.721343084E-1
1.251074773E1,2.117500082E-2,2.246749997E-1,-2.872374952E-1,3.652842931E-1
1.251325242E1,1.141249947E-2,1.905750036E-1,-3.103374839E-1,3.643603039E-1
1.251575704E1,1.649999991E-3,1.551000029E-1,-3.287625015E-1,3.635154959E-1
1.251826158E1,-3.162499983E-3,1.245749965E-1,-3.433375061E-1,3.652527539E-1
1.252076719E1,-6.874999963E-3,9.281250089E-2,-3.568125069E-1,3.687500387E-1
1.252327089E1,-1.058750041E-2,6.833750010E-2,-3.628624976E-1,3.693931527E-1
1.252577550E1,-1.168750040E-2,5.004999787E-2,-3.665750027E-1,3.701605497E-1
1.252828012E1,-1.058750041E-2,4.152499884E-2,-3.641000092E-1,3.666131986E-1
1.253078496E1,-8.112499490E-3,4.028749838E-2,-3.580499887E-1,3.604007348E-1
1.253328960E1,-3.162499983E-3,4.386249930E-2,-3.458124995E-1,3.485974829E-1
1.253579422E1,6.599999964E-3,5.004999787E-2,-3.275249898E-1,3.313927900E-1
1.253829883E1,1.512499992E-2,6.228749827E-2,-3.055250049E-1,3.121762750E-1
1.254080445E1,2.241249941E-2,7.933750004E-2,-2.773374915E-1,2.893317183E-1
1.254330814E1,2.859999985E-2,9.886249900E-2,-2.468124926E-1,2.674100974E-1
1.254581276E1,3.341250122E-2,1.233374998E-1,-2.138125002E-1,2.490869715E-1
1.254831737E1,3.217500076E-2,1.453374922E-1,-1.820500046E-1,2.351604165E-1
1.255082199E1,3.107500076E-2,1.660999954E-1,-1.515250057E-1,2.269684813E-1
1.255332660E1,2.736249939E-2,1.808124930E-1,-1.259499937E-1,2.220478888E-1
1.255583122E1,2.241249941E-2,1.966249943E-1,-1.051874980E-1,2.241163052E-1
1.255833607E1,1.388750039E-2,2.076250017E-1,-9.047500044E-2,2.269068745E-1
1.256084168E1,4.124999978E-3,2.198625058E-1,-8.195000142E-2,2.346749663E-1
1.256334530E1,-6.874999963E-3,2.308624983E-1,-7.576250285E-2,2.430734777E-1
1.256584992E1,-1.911249943E-2,2.369125038E-1,-7.342500240E-2,2.487650560E-1
1.256835453E1,-3.011249937E-2,2.443374991E-1,-7.452499866E-2,2.572188786E-1
1.257085915E1,-4.111250117E-2,2.479124963E-1,-7.576250285E-2,2.624705706E-1
1.257336384E1,-4.839999974E-2,2.503874898E-1,-7.947500050E-2,2.671193193E-1
1.257586846E1,-5.335000157E-2,2.491499931E-1,-8.442500234E-2,2.684204216E-1
1.257837305E1,-5.568749830E-2,2.454375029E-1,-9.047500044E-2,2.674441829E-1
1.258087881E1,-5.335000157E-2,2.393874973E-1,-9.542500228E-2,2.631701495E-1
1.258338228E1,-4.716249928E-2,2.259124964E-1,-1.027124971E-1,2.526076294E-1
1.258588712E1,-3.987500072E-2,2.136749923E-1,-1.087625027E-1,2.430561664E-1
1.258839174E1,-2.887500077E-2,2.015749961E-1,-1.172875017E-1,2.349948995E-1
1.259089635E1,-1.787500083E-2,1.918125004E-1,-1.234750003E-1,2.288178897E-1
1.259340097E1,-6.874999963E-3,1.808124930E-1,-1.282874942E-1,2.218064571E-1
1.259590558E1,7.837500423E-3,1.721500009E-1,-1.357125044E-1,2.193511638E-1
1.259841028E1,2.117500082E-2,1.623875052E-1,-1.417624950E-1,2.165979859E-1
1.260091605E1,3.588749841E-2,1.526249945E-1,-1.454750001E-1,2.138814559E-1
1.260341951E1,4.936249927E-2,1.428624988E-1,-1.479499936E-1,2.115078024E-1
1.260592413E1,6.283749640E-2,1.270499974E-1,-1.479499936E-1,2.048888807E-1
1.260842867E1,7.493750006E-2,1.160499975E-1,-1.405249983E-1,1.970545762E-1
1.261093359E1,8.359999955E-2,1.025749967E-1,-1.319999993E-1,1.869079711E-1
1.261343798E1,8.717499673E-2,8.786249906E-2,-1.222374961E-1,1.739577657E-1
1.261594282E1,9.088750184E-2,7.452499866E-2,-1.075249985E-1,1.592988974E-1
1.261844744E1,8.964999765E-2,6.833750010E-2,-9.047500044E-2,1.445436325E-1
1.262095308E1,8.236250281E-2,5.981250107E-2,-6.971249729E-2,1.233732120E-1
1.262345670E1,7.259999961E-2,5.376249924E-2,-4.399999976E-2,1.004846568E-1
1.262596139E1,5.788749829E-2,3.904999793E-2,-1.594999991E-2,7.162588424E-2
1.262846600E1,4.688749835E-2,1.828750037E-2,1.581249945E-2,5.275324928E-2
1.263097062E1,3.712499887E-2,-6.187499966E-3,4.881250113E-2,6.163773977E-2
1.263347522E1,2.736249939E-2,-3.671250120E-2,8.538749814E-2,9.688931291E-2
1.263597976E1,1.759999990E-2,-6.971249729E-2,1.245749965E-1,1.438350515E-1
1.263848469E1,9.074999951E-3,-1.112374961E-1,1.660999954E-1,2.001133295E-1
1.264099030E1,5.362499971E-3,-1.588124931E-1,2.088624984E-1,2.624380072E-1
1.264349393E1,2.887499984E-3,-2.150499970E-1,2.503874898E-1,3.300738310E-1
1.264599855E1,2.887499984E-3,-2.785750031E-1,2.919124961E-1,4.035161402E-1
1.264850316E1,9.074999951E-3,-3.482874930E-1,3.321999907E-1,4.813973071E-1
1.265100785E1,1.264999993E-2,-4.203374982E-1,3.689124882E-1,5.594104565E-1
1.265351246E1,2.364999987E-2,-5.046250224E-1,4.031499922E-1,6.463247264E-1
1.265601700E1,3.341250122E-2,-6.206749678E-1,4.251500070E-1,7.530646316E-1
1.265852169E1,4.688749835E-2,-7.526749969E-1,4.336749911E-1,8.699379784E-1
1.266102746E1,6.888750196E-2,-8.894875050E-1,4.287250042E-1,9.898174774E-1
1.266353094E1,9.693749994E-2,-1.037299991E0,4.092000127E-1,1.119300138E0
1.266603555E1,1.226499975E-1,-1.202162504E0,3.724874854E-1,1.264509642E0
1.266854016E1,1.494625062E-1,-1.396450043E0,3.199625015E-1,1.440412359E0
1.267104501E1,1.824624985E-1,-1.604212523E0,2.540999949E-1,1.634428704E0
1.267354963E1,2.289374918E-1,-1.782549977E0,1.819124967E-1,1.806374533E0
1.267605424E1,3.254624903E-1,-1.897362471E0,1.208624989E-1,1.928864412E0
1.267855886E1,4.207499921E-1,-2.141700029E0,4.509999976E-2,2.183104116E0
1.268106447E1,4.965125024E-1,-2.504562378E0,-3.066249937E-2,2.553487333E0
1.268356817E1,5.526124835E-1,-2.934662580E0,-8.552499861E-2,2.987463731E0
1.268607278E1,6.015625000E-1,-3.404912472E0,-1.502874941E-1,3.460909232E0
1.268857740E1,6.370375156E-1,-3.916825056E0,-2.175250053E-1,3.974248664E0
1.269108201E1,6.748499870E-1,-4.426262379E0,-2.835249901E-1,4.486380230E0
1.269358686E1,6.980875134E-1,-5.006649971E0,-3.665750027E-1,5.068357460E0
1.269609147E1,6.980875134E-1,-5.715187550E0,-4.703874886E-1,5.776846830E0
1.269859608E1,6.650875211E-1,-6.554487228E0,-6.048625112E-1,6.615852394E0
1.270110170E1,5.990874767E-1,-7.512312412E0,-7.551500201E-1,7.573902240E0
1.270360532E1,5.172749758E-1,-8.549612045E0,-9.042000175E-1,8.612840251E0
1.270611000E1,4.255625010E-1,-9.658962250E0,-1.032349944E0,9.723291706E0
1.270861454E1,3.132250011E-1,-1.086964989E1,-1.139874935E0,1.093374197E1
1.271111923E1,1.764124930E-1,-1.219391251E1,-1.213162541E0,1.225538196E1
1.271362385E1,1.759999990E-2,-1.360865021E1,-1.246162534E0,1.366559883E1
1.271612841E1,-1.363999993E-1,-1.509062481E1,-1.210824966E0,1.513973775E1
1.271863333E1,-2.707374990E-1,-1.663488770E1,-1.099587440E0,1.667338838E1
1.272113887E1,-3.843125105E-1,-1.828296280E1,-9.187750220E-1,1.831006751E1
1.272364257E1,-4.930749834E-1,-2.009713745E1,-6.744375229E-1,2.011449534E1
1.272614717E1,-6.188874841E-1,-2.212278748E1,-3.715249896E-1,2.213456072E1
1.272865178E1,-7.325999737E-1,-2.436211205E1,-1.842499897E-2,2.437313163E1
1.273115640E1,-8.106999993E-1,-2.683367538E1,3.701499999E-1,2.684847072E1
1.273366109E1,-8.388875127E-1,-2.955204964E1,7.891125083E-1,2.957448340E1
1.273616570E1,-7.961249948E-1,-3.259767532E1,1.219212532E0,3.263018129E1
1.273867031E1,-6.396499872E-1,-3.604534912E1,1.638312459E0,3.608823095E1
1.274117608E1,-3.440249860E-1,-3.935868835E1,2.002274990E0,3.941108737E1
1.274367954E1,6.888750196E-2,-3.999393845E1,2.240562439E0,4.005670952E1
1.274618416E1,5.710374713E-1,-4.000246048E1,2.319900036E0,4.007374283E1
1.274868901E1,1.036474943E0,-4.000864792E1,2.280849934E0,4.008701118E1
1.275119363E1,1.370049953E0,-4.001222610E1,2.161087513E0,4.009395932E1
1.275369824E1,1.561862469E0,-4.001469803E1,1.977937460E0,4.009398595E1
1.275620286E1,1.708437443E0,-4.001593781E1,1.779937506E0,4.009192206E1
1.275870746E1,1.828199983E0,-4.001717377E1,1.571074963E0,4.008970925E1
1.276121330E1,1.918537498E0,-4.001841354E1,1.356024981E0,4.008731735E1
1.276371669E1,1.985774994E0,-4.001964951E1,1.134925008E0,4.008495608E1
1.276622138E1,2.021112442E0,-4.001964951E1,9.101125002E-1,4.008098735E1
1.276872601E1,2.033349991E0,-4.001964951E1,6.840624809E-1,4.007711068E1
1.277123086E1,2.016299963E0,-4.001964951E1,4.569124877E-1,4.007301562E1
1.277373517E1,1.968587518E0,-4.001964951E1,2.333374918E-1,4.006871760E1
1.277624009E1,1.896537542E0,-4.001841354E1,1.457499992E-2,4.006333099E1
1.277874471E1,1.796437502E0,-4.001717377E1,-1.930499971E-1,4.005794119E1
1.278125024E1,1.670487523E0,-4.001593781E1,-3.983374834E-1,4.005277119E1
1.278375393E1,1.521437526E0,-4.001346207E1,-5.913875103E-1,4.004674341E1
1.278625854E1,1.349287510E0,-4.001222610E1,-7.734375000E-1,4.004244024E1
1.278876316E1,1.154999971E0,-4.000988770E1,-9.395374656E-1,4.003758071E1
1.279126785E1,9.424250126E-1,-4.000741196E1,-1.092299938E0,4.003341474E1
1.279377244E1,7.115625143E-1,-4.000493622E1,-1.227874994E0,4.003010018E1
1.279627706E1,4.672249854E-1,-4.000122452E1,-1.345162511E0,4.002656273E1
1.279878167E1,2.069374919E-1,-3.999888611E1,-1.442924976E0,4.002543873E1
1.280128744E1,-6.311249733E-2,-3.999517441E1,-1.522262454E0,4.002418322E1
1.280379115E1,-3.404499888E-1,-3.999146271E1,-1.579737544E0,4.002409982E1
1.280629576E1,-6.238374710E-1,-3.998912430E1,-1.615212440E0,4.002659299E1
1.280880015E1,-9.121749997E-1,-3.998541260E1,-1.631024957E0,4.002905852E1
1.281130499E1,-1.198037505E0,-3.998170090E1,-1.624974966E0,4.003263973E1
1.281380968E1,-1.483899951E0,-3.997812653E1,-1.595687509E0,4.003746718E1
1.281631426E1,-1.762475014E0,-3.997565079E1,-1.545500040E0,4.004431975E1
1.281881888E1,-2.036099911E0,-3.997193909E1,-1.474687457E0,4.005092159E1
1.282132449E1,-2.298724890E0,-3.996946335E1,-1.383112550E0,4.005939511E1
1.282382811E1,-2.549249887E0,-3.996588898E1,-1.274350047E0,4.006737981E1
1.282633273E1,-2.783824921E0,-3.996341324E1,-1.146062493E0,4.007664579E1
1.282883742E1,-3.001212597E0,-3.996093750E1,-1.000587463E0,4.008596984E1
1.283134196E1,-3.200449944E0,-3.995846176E1,-8.394374847E-1,4.009521420E1
1.283384666E1,-3.377549887E0,-3.995612335E1,-6.634374857E-1,4.010411183E1
1.283635124E1,-3.533887386E0,-3.995488739E1,-4.740999937E-1,4.011366547E1
1.283885586E1,-3.665887594E0,-3.995365143E1,-2.750000060E-1,4.012242041E1
1.284136170E1,-3.774650097E0,-3.995241165E1,-6.847500056E-2,4.013038586E1
1.284386532E1,-3.856462479E0,-3.995117569E1,1.465750039E-1,4.013714272E1
1.284637001E1,-3.910224915E0,-3.994993591E1,3.676750064E-1,4.014252637E1
1.284887459E1,-3.935937405E0,-3.994993591E1,5.912500024E-1,4.014770927E1
1.285137928E1,-3.935937405E0,-3.994993591E1,8.160625100E-1,4.015164929E1
1.285388390E1,-3.907749891E0,-3.994993591E1,1.039637446E0,4.015406249E1
1.285638875E1,-3.850412369E0,-3.995117569E1,1.261975050E0,4.015612899E1
1.285889336E1,-3.769700050E0,-3.995241165E1,1.477025032E0,4.015703473E1
1.286139896E1,-3.660937548E0,-3.995365143E1,1.685887456E0,4.015643090E1
1.286390258E1,-3.527837515E0,-3.995488739E1,1.884987473E0,4.015459926E1
1.286640719E1,-3.369024992E0,-3.995612335E1,2.071987391E0,4.015140414E1
1.286891181E1,-3.190687418E0,-3.995846176E1,2.249087572E0,4.014869297E1
1.287141643E1,-2.990212440E0,-3.996093750E1,2.411612511E0,4.014515875E1
1.287392105E1,-2.772825003E0,-3.996341324E1,2.558187485E0,4.014109215E1
1.287642566E1,-2.535774946E0,-3.996588898E1,2.685237408E0,4.013617989E1
1.287893035E1,-2.284149885E0,-3.996946335E1,2.796474934E0,4.013222662E1
1.288143611E1,-2.022624969E0,-3.997193909E1,2.888050079E0,4.012714492E1
1.288393957E1,-1.750237465E0,-3.997565079E1,2.958862543E0,4.012319597E1
1.288644418E1,-1.469187498E0,-3.997936249E1,3.009049892E0,4.011935092E1
1.288894903E1,-1.184562445E0,-3.998170090E1,3.038337469E0,4.011447481E1
1.289145363E1,-8.962249756E-1,-3.998541260E1,3.045624971E0,4.011124869E1
1.289395825E1,-6.103624701E-1,-3.998912430E1,3.032150030E0,4.010855941E1
1.289646286E1,-3.269749880E-1,-3.999269867E1,2.996812582E0,4.010615595E1
1.289896748E1,-5.087500066E-2,-3.999517441E1,2.940574884E0,4.010316128E1
1.290147311E1,2.191749960E-1,-3.999888611E1,2.861237526E0,4.010169083E1
1.290397673E1,4.757499993E-1,-4.000122452E1,2.765949965E0,4.009956085E1
1.290648142E1,7.225624919E-1,-4.000493622E1,2.649762392E0,4.009910547E1
1.290898604E1,9.509499669E-1,-4.000741196E1,2.515424967E0,4.009768921E1
1.291149065E1,1.161049962E0,-4.000988770E1,2.365137577E0,4.009654631E1
1.291399553E1,1.354099989E0,-4.001222610E1,2.199037552E0,4.009548093E1
1.291650014E1,1.522675037E0,-4.001346207E1,2.020699978E0,4.009337744E1
1.291900476E1,1.671725035E0,-4.001593781E1,1.829987526E0,4.009262772E1
1.292151037E1,1.796437502E0,-4.001717377E1,1.629649997E0,4.009061166E1
1.292401399E1,1.894062519E0,-4.001841354E1,1.419549942E0,4.008835264E1
1.292651862E1,1.967487454E0,-4.001964951E1,1.204499960E0,4.008608454E1
1.292902331E1,2.013824940E0,-4.001964951E1,9.846374989E-1,4.008238202E1
1.293152793E1,2.029774904E0,-4.001964951E1,7.635374665E-1,4.007836476E1
1.293403254E1,2.021112442E0,-4.001964951E1,5.399624705E-1,4.007429103E1
1.293653716E1,1.985774994E0,-4.001964951E1,3.188624978E-1,4.007015501E1
1.293904178E1,1.922250032E0,-4.001841354E1,1.013374999E-1,4.006468192E1
1.294154755E1,1.831774950E0,-4.001717377E1,-1.099999994E-1,4.005922735E1
1.294405124E1,1.716962457E0,-4.001593781E1,-3.140499890E-1,4.005398689E1
1.294655586E1,1.577674985E0,-4.001469803E1,-5.083374977E-1,4.004901402E1
1.294906044E1,1.415150046E0,-4.001222610E1,-6.927250028E-1,4.004323608E1
1.295156506E1,1.230762482E0,-4.000988770E1,-8.625375032E-1,4.003810511E1
1.295406968E1,1.027950048E0,-4.000864792E1,-1.019012451E0,4.003482204E1
1.295657437E1,8.056125045E-1,-4.000493622E1,-1.158300042E0,4.002980880E1
1.295907897E1,5.673249960E-1,-4.000246048E1,-1.281637549E0,4.002700709E1
1.296158481E1,3.156999946E-1,-4.000012589E1,-1.385450006E0,4.002535708E1
1.296408828E1,4.936249927E-2,-3.999641418E1,-1.470975041E0,4.002348500E1
1.296659289E1,-2.219250053E-1,-3.999393845E1,-1.535737514E0,4.002402844E1
1.296909754E1,-5.005000234E-1,-3.999022293E1,-1.579737544E0,4.002454248E1
1.297160239E1,-7.814124823E-1,-3.998664856E1,-1.604212523E0,4.002644334E1
1.297410701E1,-1.067275047E0,-3.998293686E1,-1.606549978E0,4.002943066E1
1.297661162E1,-1.348325014E0,-3.998046112E1,-1.588262439E0,4.003470781E1
1.297911624E1,-1.625662446E0,-3.997688675E1,-1.549212456E0,4.003990899E1
1.298162184E1,-1.895575047E0,-3.997441101E1,-1.489400029E0,4.004703551E1
1.298412546E1,-2.158337593E0,-3.997069931E1,-1.408687472E0,4.005370925E1
1.298663015E1,-2.411200047E0,-3.996836090E1,-1.309687495E0,4.006243927E1
1.298913476E1,-2.649487495E0,-3.996464920E1,-1.192399979E0,4.007012338E1
1.299163938E1,-2.869349957E0,-3.996217346E1,-1.058062553E0,4.007902161E1
1.299414395E1,-3.074637413E0,-3.995970154E1,-9.065374732E-1,4.008806496E1
1.299664857E1,-3.260262489E0,-3.995736313E1,-7.429124713E-1,4.009703354E1
1.299915318E1,-3.421550035E0,-3.995612335E1,-5.644375086E-1,4.010632603E1
1.300165895E1,-3.564549923E0,-3.995488739E1,-3.738625050E-1,4.011531897E1
1.300416265E1,-3.680599928E0,-3.995241165E1,-1.759999990E-1,4.012197638E1
1.300666726E1,-3.773412466E0,-3.995241165E1,3.176249936E-2,4.013022361E1
1.300917187E1,-3.842987537E0,-3.995117569E1,2.454375029E-1,4.013633306E1
1.301167649E1,-3.883412361E0,-3.994993591E1,4.629625082E-1,4.014090937E1
1.301418118E1,-3.900462389E0,-3.994993591E1,6.804875135E-1,4.014566041E1
1.301668572E1,-3.886987448E0,-3.994993591E1,8.991125226E-1,4.014865445E1
1.301919042E1,-3.845462561E0,-3.995117569E1,1.116637468E0,4.015134992E1
1.302169619E1,-3.775887489E0,-3.995117569E1,1.329212546E0,4.015122129E1
1.302419965E1,-3.680599928E0,-3.995241165E1,1.536837459E0,4.015101346E1
1.302670427E1,-3.560837507E0,-3.995488739E1,1.738412499E0,4.015089872E1
1.302920883E1,-3.421550035E0,-3.995612335E1,1.932700038E0,4.014889945E1
1.303171368E1,-3.257787466E0,-3.995736313E1,2.114749908E0,4.014568737E1
1.303421830E1,-3.076974869E0,-3.995970154E1,2.279612541E0,4.014277214E1
1.303672291E1,-2.873062372E0,-3.996217346E1,2.426187515E0,4.013871175E1
1.303922753E1,-2.650587559E0,-3.996464920E1,2.556950092E0,4.013398552E1
1.304173316E1,-2.412437439E0,-3.996836090E1,2.680424929E0,4.013071648E1
1.304423685E1,-2.164387465E0,-3.997069931E1,2.786712408E0,4.012614039E1
1.304674139E1,-1.904237509E0,-3.997317505E1,2.866050005E0,4.012100555E1
1.304924608E1,-1.635424972E0,-3.997688675E1,2.924762487E0,4.011708270E1
1.305175070E1,-1.359325051E0,-3.998046112E1,2.966287374E0,4.011338800E1
1.305425531E1,-1.080749989E0,-3.998293686E1,2.988287449E0,4.010901547E1
1.305676016E1,-7.984625101E-1,-3.998664856E1,2.989387512E0,4.010618460E1
1.305926454E1,-5.212625265E-1,-3.999022293E1,2.969862461E0,4.010373708E1
1.306177039E1,-2.462625057E-1,-3.999269867E1,2.929574966E0,4.010061099E1
1.306427400E1,2.241249941E-2,-3.999641418E1,2.868525028E0,4.009915318E1
1.306677862E1,2.839374840E-1,-3.999888611E1,2.789050102E0,4.009701125E1
1.306928331E1,5.307499766E-1,-4.000246048E1,2.688950062E0,4.009624661E1
1.307178792E1,7.664250135E-1,-4.000493622E1,2.571662426E0,4.009483479E1
1.307429254E1,9.851874709E-1,-4.000741196E1,2.438425064E0,4.009375915E1
1.307679715E1,1.186762452E0,-4.000988770E1,2.288137436E0,4.009283092E1
1.307930177E1,1.370049953E0,-4.001222610E1,2.124512434E0,4.009200454E1
1.308180754E1,1.528862476E0,-4.001346207E1,1.947275043E0,4.008997939E1
1.308431098E1,1.666912436E0,-4.001593781E1,1.759174943E0,4.008925756E1
1.308681582E1,1.782962441E0,-4.001717377E1,1.561312437E0,4.008729035E1
1.308932021E1,1.873299956E0,-4.001841354E1,1.357262492E0,4.008521968E1
1.309182505E1,1.935587525E0,-4.001841354E1,1.147162437E0,4.008161553E1
1.309432963E1,1.972299933E0,-4.001964951E1,9.333499670E-1,4.007909001E1
1.309683425E1,1.982062459E0,-4.001964951E1,7.170624733E-1,4.007511817E1
1.309933886E1,1.967487454E0,-4.001964951E1,5.007749796E-1,4.007111340E1
1.310184448E1,1.925825000E0,-4.001841354E1,2.870999873E-1,4.006575409E1
1.310434815E1,1.857487440E0,-4.001841354E1,7.686249912E-2,4.006157249E1
1.310685277E1,1.763437510E0,-4.001717377E1,-1.271875054E-1,4.005621156E1
1.310935738E1,1.647387505E0,-4.001593781E1,-3.238124847E-1,4.005114254E1
1.311186223E1,1.506862521E0,-4.001346207E1,-5.119125247E-1,4.004509752E1
1.311436685E1,1.343099952E0,-4.001222610E1,-6.879125237E-1,4.004067156E1
1.311687147E1,1.159812450E0,-4.000988770E1,-8.504375219E-1,4.003572807E1
1.311937608E1,9.570000172E-1,-4.000741196E1,-9.982500076E-1,4.003130480E1
1.312188169E1,7.396125197E-1,-4.000493622E1,-1.131350040E0,4.002776413E1
1.312438539E1,5.050374866E-1,-4.000246048E1,-1.248637438E0,4.002512964E1
1.312689000E1,2.557500005E-1,-3.999888611E1,-1.347637534E0,4.002239904E1
1.312939463E1,-6.874999963E-4,-3.999641418E1,-1.426975012E0,4.002186160E1
1.313189924E1,-2.659249902E-1,-3.999269867E1,-1.488162518E0,4.002126048E1
1.313440386E1,-5.370749831E-1,-3.999022293E1,-1.529687524E0,4.002307239E1
1.313690847E1,-8.119375110E-1,-3.998664856E1,-1.550449967E0,4.002493224E1
1.313941309E1,-1.088037491E0,-3.998293686E1,-1.551687479E0,4.002782532E1
1.314191855E1,-1.361799955E0,-3.998046112E1,-1.532024980E0,4.003297230E1
1.314442248E1,-1.631712437E0,-3.997688675E1,-1.491737485E0,4.003797248E1
1.314692709E1,-1.894337535E0,-3.997441101E1,-1.431924939E0,4.004488056E1
1.314943171E1,-2.148575068E0,-3.997069931E1,-1.353687525E0,4.005128772E1
1.315193632E1,-2.390437603E0,-3.996836090E1,-1.255924940E0,4.005947344E1
1.315444090E1,-2.618824959E0,-3.996588898E1,-1.142349958E0,4.006788601E1
1.315694559E1,-2.830300093E0,-3.996341324E1,-1.010487437E0,4.007625333E1
1.315945021E1,-3.024450064E0,-3.996093750E1,-8.650124669E-1,4.008456150E1
1.316195575E1,-3.201687574E0,-3.995846176E1,-7.062000036E-1,4.009274483E1
1.316445945E1,-3.354312420E0,-3.995736313E1,-5.326749682E-1,4.010144664E1
1.316696406E1,-3.482599974E0,-3.995488739E1,-3.507624865E-1,4.010791148E1
1.316946868E1,-3.593837500E0,-3.995365143E1,-1.600500047E-1,4.011527822E1
1.317197352E1,-3.676887512E0,-3.995241165E1,3.781250119E-2,4.012126778E1
1.317447814E1,-3.736700058E0,-3.995241165E1,2.418625057E-1,4.012750455E1
1.317698275E1,-3.774650097E0,-3.995117569E1,4.470124841E-1,4.013158659E1
1.317948737E1,-3.817412376E0,-3.995117569E1,6.388249993E-1,4.013822584E1
1.318199298E1,-3.685412407E0,-3.995241165E1,8.930624723E-1,4.013197007E1
1.318449669E1,-3.315262556E0,-3.995736313E1,1.071400046E0,4.010897321E1
1.318700130E1,-2.695825100E0,-3.996464920E1,1.071400046E0,4.006979607E1
1.318950592E1,-1.755187511E0,-3.997565079E1,8.966374993E-1,4.002420890E1
1.319201053E1,-3.305499852E-1,-3.999269867E1,5.692499876E-1,3.999811565E1
1.319451515E1,1.850199938E0,-4.000988770E1,9.762500226E-2,4.005276375E1
1.319701977E1,4.454862595E0,-3.839109802E1,-6.268625259E-1,3.865378590E1
1.319952461E1,7.252574921E0,-3.360445023E1,-1.792312503E0,3.442486459E1
1.320203015E1,1.030438709E1,-2.705848694E1,-3.249812365E0,2.913594668E1
1.320453385E1,1.325967503E1,-1.929331207E1,-4.800125122E0,2.389753280E1
1.320703846E1,1.575557518E1,-1.149266243E1,-6.113524914E0,2.043757877E1
1.320954308E1,1.776651192E1,-4.709787369E0,-7.021299839E0,1.967561166E1
1.321204777E1,1.958329964E1,8.013499975E-1,-7.320499897E0,2.092217735E1
1.321455239E1,2.130590057E1,5.073750019E0,-7.107924938E0,2.302622278E1
1.321705701E1,2.288921165E1,8.095037460E0,-6.622962475E0,2.516563676E1
1.321956162E1,2.432595062E1,1.009854984E1,-6.032812595E0,2.702086991E1
1.322206739E1,2.563068771E1,1.132766247E1,-5.368275166E0,2.853185006E1
1.322457085E1,2.678885078E1,1.174181271E1,-4.658500195E0,2.961780404E1
1.322707548E1,2.752557564E1,1.134471226E1,-3.932775021E0,3.003042673E1
1.322958032E1,2.766486168E1,1.038936234E1,-3.190000057E0,2.972304698E1
1.323208494E1,2.737047577E1,9.292249680E0,-2.478849888E0,2.901092113E1
1.323458956E1,2.660446167E1,8.088850021E0,-1.771549940E0,2.786333190E1
1.323709420E1,2.537053680E1,7.038212299E0,-1.103299975E0,2.635180906E1
1.323959882E1,2.353793716E1,6.295437336E0,-5.413374901E-1,2.437129589E1
1.324210443E1,2.111890030E1,5.887337685E0,-9.652499855E-2,2.192437027E1
1.324460812E1,1.838966179E1,5.541662693E0,2.186249942E-1,1.920774539E1
1.324711274E1,1.562976265E1,5.202037334E0,4.274874926E-1,1.647827110E1
1.324961735E1,1.303362465E1,4.842750072E0,5.557749867E-1,1.391533275E1
1.325212197E1,1.066972542E1,4.363837242E0,6.364874840E-1,1.154518221E1
1.325462658E1,8.561024666E0,3.775062561E0,6.694874763E-1,9.380322710E0
1.325713144E1,6.705187321E0,3.151912451E0,6.547750235E-1,7.437931126E0
1.325963606E1,5.095062256E0,2.544712543E0,5.900124907E-1,5.725673415E0
1.326214167E1,3.704662561E0,1.976699948E0,4.910124838E-1,4.227642445E0
1.326464529E1,2.520787477E0,1.442787528E0,3.713875115E-1,2.928128078E0
1.326714999E1,1.526387453E0,9.418749809E-1,2.503874898E-1,1.810988965E0
1.326965460E1,7.103250027E-1,4.739624858E-1,1.331000030E-1,8.642439807E-1
1.327215922E1,5.664999783E-2,6.352499872E-2,3.409999982E-2,9.169218999E-2
1.327466383E1,-4.650250077E-1,-2.980999947E-1,-4.276249930E-2,5.540221078E-1
1.327716845E1,-8.779374957E-1,-6.084374785E-1,-9.899999946E-2,1.072740142E0
1.327967328E1,-1.209037542E0,-8.662499785E-1,-1.392875016E-1,1.493841294E0
1.328217890E1,-1.463137507E0,-1.065349936E0,-1.662375033E-1,1.817519398E0
1.328468252E1,-1.656187534E0,-1.210824966E0,-1.808124930E-1,2.059550292E0
1.328718713E1,-1.799049973E0,-1.314637542E0,-1.882375032E-1,2.236131935E0
1.328969175E1,-1.884575009E0,-1.395212531E0,-1.832875013E-1,2.351985391E0
1.329219636E1,-1.916337490E0,-1.451449990E0,-1.722874939E-1,2.410132658E0
1.329470098E1,-1.914000034E0,-1.477162480E0,-1.589500010E-1,2.422946600E0
1.329720567E1,-1.877287507E0,-1.472212434E0,-1.417624950E-1,2.389919337E0
1.329971029E1,-1.812525034E0,-1.442924976E0,-1.222374961E-1,2.319961528E0
1.330221606E1,-1.725762486E0,-1.395212531E0,-1.002374962E-1,2.221468371E0
1.330471945E1,-1.619475007E0,-1.335399985E0,-7.699999958E-2,2.100457431E0
1.330722414E1,-1.496137500E0,-1.263350010E0,-5.142499879E-2,1.958858136E0
1.330972875E1,-1.358087540E0,-1.181399941E0,-2.818750031E-2,1.800250572E0
1.331223361E1,-1.202849984E0,-1.104537487E0,-0.000000000E0,1.633049646E0
1.331473822E1,-1.055037498E0,-1.000587463E0,2.433750033E-2,1.454259849E0
1.331724284E1,-8.962249756E-1,-9.004874825E-1,5.128749833E-2,1.271505926E0
1.331974745E1,-7.361750007E-1,-7.954375148E-1,7.686249912E-2,1.086546048E0
1.332225308E1,-5.785999894E-1,-6.903874874E-1,1.013374999E-1,9.064668330E-1
1.332475678E1,-4.259749949E-1,-5.816249847E-1,1.208624989E-1,7.309925190E-1
1.332726139E1,-2.866874933E-1,-4.703874886E-1,1.403875053E-1,5.684740626E-1
1.332976601E1,-1.607374996E-1,-3.605250120E-1,1.563374996E-1,4.245659452E-1
1.333227062E1,-5.211250111E-2,-2.529999912E-1,1.721500009E-1,3.104196049E-1
1.333477524E1,3.217500076E-2,-1.552374959E-1,1.856250018E-1,2.441117615E-1
1.333728009E1,9.941250086E-2,-6.118749827E-2,2.003374994E-1,2.318660582E-1
1.333978471E1,1.494625062E-1,2.076249942E-2,2.113374919E-1,2.596799137E-1
1.334229024E1,1.812250018E-1,9.404999763E-2,2.246749997E-1,3.035897871E-1
1.334479394E1,2.019875050E-1,1.588124931E-1,2.356749922E-1,3.486589481E-1
1.334729855E1,2.106499970E-1,2.136749923E-1,2.479124963E-1,3.892184854E-1
1.334980317E1,2.069374919E-1,2.553375065E-1,2.613874972E-1,4.199330798E-1
1.335230786E1,1.947000027E-1,2.858625054E-1,2.736249864E-1,4.410171156E-1
1.335481248E1,1.764124930E-1,3.053874969E-1,2.846249938E-1,4.532044550E-1
1.335731709E1,1.519374996E-1,3.114374876E-1,2.943874896E-1,4.546892417E-1
1.335982171E1,1.238875017E-1,3.053874969E-1,3.029125035E-1,4.476221857E-1
1.336232747E1,9.336250275E-2,2.870999873E-1,3.078624904E-1,4.311870506E-1
1.336483117E1,5.912499875E-2,2.564375103E-1,3.126749992E-1,4.086827832E-1
1.336733578E1,2.488750033E-2,2.173874974E-1,3.126749992E-1,3.816311922E-1
1.336984040E1,-8.112499490E-3,1.698125005E-1,3.114374876E-1,3.548174272E-1
1.337234501E1,-4.111250117E-2,1.183874980E-1,3.066250086E-1,3.312472390E-1
1.337484963E1,-7.411249727E-2,6.228749827E-2,2.991999984E-1,3.144726279E-1
1.337735432E1,-1.021625027E-1,3.574999981E-3,2.881999910E-1,3.057927278E-1
1.337985885E1,-1.326874942E-1,-5.623750016E-2,2.761000097E-1,3.114479778E-1
1.338236447E1,-1.583999991E-1,-1.124750003E-1,2.626250088E-1,3.266696813E-1
1.338486816E1,-1.803999990E-1,-1.625249982E-1,2.443374991E-1,3.444696622E-1
1.338737270E1,-1.962125003E-1,-2.065249979E-1,2.246749997E-1,3.628095583E-1
1.338987762E1,-2.121624947E-1,-2.432374954E-1,2.026749998E-1,3.811227609E-1
1.339238200E1,-2.206874937E-1,-2.700499892E-1,1.819124967E-1,3.933473312E-1
1.339488685E1,-2.255000025E-1,-2.870999873E-1,1.588124931E-1,3.981181505E-1
1.339739146E1,-2.279749960E-1,-2.908124924E-1,1.343374997E-1,3.931807070E-1
1.339989608E1,-2.242625058E-1,-2.847625017E-1,1.086250022E-1,3.783949590E-1
1.340240161E1,-2.169750035E-1,-2.615250051E-1,8.428750187E-2,3.501112158E-1
1.340490530E1,-2.023999989E-1,-2.285249978E-1,5.981250107E-2,3.110738971E-1
1.340740991E1,-1.839749962E-1,-1.832875013E-1,3.657500073E-2,2.622571983E-1
1.340991453E1,-1.571625024E-1,-1.282874942E-1,1.704999991E-2,2.035888892E-1
1.341241922E1,-1.266375035E-1,-6.847500056E-2,-0.000000000E0,1.439648672E-1
1.341492374E1,-8.868750185E-2,-1.223750040E-2,-1.223750040E-2,9.036031107E-2
1.341742843E1,-4.344999790E-2,3.533750027E-2,-2.089999989E-2,5.977835092E-2
1.341993305E1,-3.162499983E-3,6.586249918E-2,-2.571249940E-2,7.077430910E-2
1.342243881E1,3.464999795E-2,8.181250095E-2,-2.942499891E-2,9.359347323E-2
1.342494228E1,6.641250104E-2,8.910000324E-2,-3.189999983E-2,1.156159196E-1
1.342744713E1,9.212499857E-2,8.552499861E-2,-3.299999982E-2,1.299636131E-1
1.342995151E1,1.079374999E-1,7.809999585E-2,-3.423750028E-2,1.375584227E-1
1.343245636E1,1.176999956E-1,6.586249918E-2,-3.423750028E-2,1.391523058E-1
1.343496097E1,1.214125007E-1,5.252499878E-2,-3.299999982E-2,1.363410093E-1
1.343746567E1,1.189374998E-1,3.781250119E-2,-3.066249937E-2,1.285149913E-1
1.343997029E1,1.116499975E-1,2.309999987E-2,-2.694999985E-2,1.171564528E-1
1.344247605E1,1.031249985E-1,9.762499481E-3,-2.323750034E-2,1.061605065E-1
1.344497952E1,8.964999765E-2,-0.000000000E0,-1.966249943E-2,9.178091285E-2
1.344748414E1,7.259999961E-2,-1.223750040E-2,-1.471249945E-2,7.507978422E-2
1.344998898E1,5.541250110E-2,-1.842499897E-2,-8.662499487E-3,5.903443709E-2
1.345249360E1,3.836249933E-2,-2.571249940E-2,-4.949999973E-3,4.644692110E-2
1.345499822E1,2.241249941E-2,-2.942499891E-2,-1.237499993E-3,3.700921638E-2
1.345750285E1,6.599999964E-3,-3.066249937E-2,1.099999994E-3,3.138405434E-2
1.346000746E1,-8.112499490E-3,-2.942499891E-2,3.574999981E-3,3.073147952E-2
1.346251308E1,-1.911249943E-2,-2.323750034E-2,4.812499974E-3,3.047013640E-2
1.346501677E1,-2.763750032E-2,-1.347499993E-2,3.574999981E-3,3.095460663E-2
1.346752138E1,-3.244999796E-2,-3.712499980E-3,3.574999981E-3,3.285674434E-2
1.347002600E1,-3.244999796E-2,6.049999967E-3,3.574999981E-3,3.320219107E-2
1.347253061E1,-3.135000169E-2,1.209999993E-2,2.337499987E-3,3.368525658E-2
1.347503546E1,-2.516249940E-2,1.581249945E-2,1.099999994E-3,2.973880486E-2
1.347754006E1,-1.787500083E-2,1.581249945E-2,-0.000000000E0,2.386526333E-2
1.348004468E1,-1.058750041E-2,1.457499992E-2,-0.000000000E0,1.801459929E-2
1.348255029E1,-4.399999976E-3,1.333750039E-2,-1.237499993E-3,1.409894758E-2
1.348505391E1,5.362499971E-3,7.287499961E-3,-0.000000000E0,9.047876083E-3
1.348755851E1,1.017499994E-2,4.812499974E-3,-0.000000000E0,1.125569988E-2
1.349006320E1,1.141249947E-2,-2.474999987E-3,-0.000000000E0,1.167778957E-2
1.349256774E1,1.264999993E-2,-4.949999973E-3,-0.000000000E0,1.358399787E-2
1.349507243E1,1.141249947E-2,-1.099999994E-2,-0.000000000E0,1.585071427E-2
1.349757703E1,1.017499994E-2,-1.347499993E-2,1.099999994E-3,1.692088198E-2
1.350008165E1,6.599999964E-3,-1.347499993E-2,-0.000000000E0,1.500452007E-2
1.350258742E1,4.124999978E-3,-1.223750040E-2,-0.000000000E0,1.291402497E-2
1.350509111E1,-6.874999963E-4,-1.099999994E-2,-0.000000000E0,1.102146338E-2
1.350759572E1,-6.874999963E-4,-8.662499487E-3,-1.237499993E-3,8.777411911E-3
1.351010034E1,-4.399999976E-3,-4.949999973E-3,-0.000000000E0,6.622876982E-3
1.351260495E1,-4.399999976E-3,-0.000000000E0,-0.000000000E0,4.399999976E-3
1.351510957E1,-3.162499983E-3,3.574999981E-3,1.099999994E-3,4.898166084E-3
1.351761426E1,-3.162499983E-3,6.049999967E-3,1.099999994E-3,6.914759991E-3
1.352011887E1,-1.924999990E-3,7.287499961E-3,-0.000000000E0,7.537458500E-3
1.352262464E1,-6.874999963E-4,8.524999954E-3,-0.000000000E0,8.552676801E-3
1.352512810E1,4.124999978E-4,6.049999967E-3,-1.237499993E-3,6.189027556E-3
1.352763295E1,1.649999991E-3,3.574999981E-3,-0.000000000E0,3.937400771E-3
1.353013755E1,2.887499984E-3,1.099999994E-3,-0.000000000E0,3.089928178E-3
1.353264217E1,1.649999991E-3,1.099999994E-3,-0.000000000E0,1.983053191E-3
1.353514678E1,1.649999991E-3,1.099999994E-3,-0.000000000E0,1.983053191E-3
1.353765140E1,2.887499984E-3,-1.237499993E-3,1.099999994E-3,3.328522552E-3
1.354015602E1,2.887499984E-3,-1.237499993E-3,-0.000000000E0,3.141506389E-3
1.354266162E1,2.887499984E-3,-0.000000000E0,1.099999994E-3,3.089928178E-3
1.354516524E1,2.887499984E-3,1.099999994E-3,-0.000000000E0,3.089928178E-3
1.354766993E1,2.887499984E-3,1.099999994E-3,-0.000000000E0,3.089928178E-3
1.355017454E1,-6.874999963E-4,-0.000000000E0,1.099999994E-3,1.297172399E-3
1.355267940E1,4.124999978E-4,-1.237499993E-3,-0.000000000E0,1.304439528E-3
1.355518378E1,-6.874999963E-4,-2.474999987E-3,-0.000000000E0,2.568711969E-3
1.355768840E1,-1.924999990E-3,-2.474999987E-3,-0.000000000E0,3.135482402E-3
1.356019324E1,-1.924999990E-3,-3.712499980E-3,-1.237499993E-3,4.361156646E-3
1.356269885E1,-6.874999963E-4,-3.712499980E-3,-0.000000000E0,3.775620789E-3
1.356520247E1,4.124999978E-4,-3.712499980E-3,-0.000000000E0,3.735346349E-3
1.356770708E1,4.124999978E-4,-3.712499980E-3,-0.000000000E0,3.735346349E-3
1.357021170E1,-6.874999963E-4,-3.712499980E-3,-0.000000000E0,3.775620789E-3
1.357271640E1,4.124999978E-4,-2.474999987E-3,-0.000000000E0,2.509139530E-3
1.357522101E1,4.124999978E-4,-2.474999987E-3,-0.000000000E0,2.509139530E-3
1.357772563E1,4.124999978E-4,-3.712499980E-3,-0.000000000E0,3.735346349E-3
1.358023024E1,4.124999978E-4,-2.474999987E-3,-1.237499993E-3,2.797711103E-3
1.358273578E1,4.124999978E-4,-0.000000000E0,1.099999994E-3,1.174800509E-3
1.358523949E1,4.124999978E-4,-0.000000000E0,-0.000000000E0,4.124999978E-4
1.358774410E1,1.649999991E-3,3.574999981E-3,-1.237499993E-3,4.127291008E-3
1.359024895E1,4.124999978E-4,4.812499974E-3,-0.000000000E0,4.830146193E-3
1.359275357E1,1.649999991E-3,3.574999981E-3,-0.000000000E0,3.937400771E-3
1.359525817E1,1.649999991E-3,2.337499987E-3,-1.237499993E-3,3.117340597E-3
1.359776278E1,1.649999991E-3,3.574999981E-3,-1.237499993E-3,4.127291008E-3
1.360026740E1,4.124999978E-4,2.337499987E-3,-0.000000000E0,2.373618006E-3
1.360277293E1,1.649999991E-3,1.099999994E-3,-0.000000000E0,1.983053191E-3
1.360527671E1,1.649999991E-3,-1.237499993E-3,-0.000000000E0,2.062499989E-3
1.360778132E1,1.649999991E-3,-3.712499980E-3,-1.237499993E-3,4.246947410E-3
1.361028593E1,1.649999991E-3,-3.712499980E-3,-0.000000000E0,4.062653821E-3
1.361279047E1,1.649999991E-3,-3.712499980E-3,-1.237499993E-3,4.246947410E-3
1.361529516E1,-6.874999963E-4,-2.474999987E-3,-0.000000000E0,2.568711969E-3
1.361780002E1,4.124999978E-4,-1.237499993E-3,-1.237499993E-3,1.798045804E-3
1.362030463E1,1.649999991E-3,-0.000000000E0,-0.000000000E0,1.649999991E-3
1.362281017E1,-6.874999963E-4,2.337499987E-3,-0.000000000E0,2.436506194E-3
1.362531386E1,1.649999991E-3,1.099999994E-3,-1.237499993E-3,2.337499987E-3
1.362781847E1,4.124999978E-4,2.337499987E-3,-1.237499993E-3,2.676839306E-3
1.363032316E1,4.124999978E-4,3.574999981E-3,-0.000000000E0,3.598719371E-3
1.363282778E1,1.649999991E-3,3.574999981E-3,-0.000000000E0,3.937400771E-3
1.363533239E1,1.649999991E-3,3.574999981E-3,-0.000000000E0,3.937400771E-3
1.363783724E1,1.649999991E-3,3.574999981E-3,-1.237499993E-3,4.127291008E-3
1.364034155E1,2.887499984E-3,2.337499987E-3,-1.237499993E-3,3.915733467E-3
1.364284740E1,2.887499984E-3,2.337499987E-3,-0.000000000E0,3.715045404E-3
1.364535086E1,2.887499984E-3,-0.000000000E0,1.099999994E-3,3.089928178E-3
1.364785549E1,1.649999991E-3,-2.474999987E-3,-0.000000000E0,2.974579786E-3
1.365036010E1,1.649999991E-3,-2.474999987E-3,-0.000000000E0,2.974579786E-3
1.365286495E1,2.887499984E-3,-4.949999973E-3,-1.237499993E-3,5.862726510E-3
1.365536957E1,1.649999991E-3,-4.949999973E-3,-0.000000000E0,5.217758111E-3
1.365787420E1,1.649999991E-3,-3.712499980E-3,-0.000000000E0,4.062653821E-3
1.366037881E1,2.887499984E-3,-1.237499993E-3,-0.000000000E0,3.141506389E-3
1.366288443E1,2.887499984E-3,-1.237499993E-3,-1.237499993E-3,3.376458000E-3
1.366538804E1,1.649999991E-3,-0.000000000E0,-0.000000000E0,1.649999991E-3
1.366789275E1,4.124999978E-4,-1.237499993E-3,-0.000000000E0,1.304439528E-3
1.367039737E1,1.649999991E-3,-0.000000000E0,-0.000000000E0,1.649999991E-3
1.367290221E1,1.649999991E-3,-0.000000000E0,-0.000000000E0,1.649999991E-3
1.367540660E1,-6.874999963E-4,-0.000000000E0,-0.000000000E0,6.874999963E-4
1.367791144E1,4.124999978E-4,-0.000000000E0,-0.000000000E0,4.124999978E-4
1.368041606E1,1.649999991E-3,-0.000000000E0,-1.237499993E-3,2.062499989E-3
1.368292168E1,5.362499971E-3,2.337499987E-3,-3.712499980E-3,6.928417440E-3
1.368542529E1,6.599999964E-3,7.287499961E-3,-4.949999973E-3,1.100773160E-2
1.368792991E1,6.599999964E-3,7.287499961E-3,-3.712499980E-3,1.050953430E-2
1.369043461E1,1.017499994E-2,9.762499481E-3,-2.474999987E-3,1.431651651E-2
1.369293946E1,1.017499994E-2,1.099999994E-2,-2.474999987E-3,1.518737132E-2
1.369544408E1,1.141249947E-2,1.209999993E-2,-4.949999973E-3,1.735389416E-2
1.369794846E1,1.388750039E-2,1.457499992E-2,-7.424999960E-3,2.145749086E-2
1.370045333E1,1.883750036E-2,1.581249945E-2,-6.187499966E-3,2.536083032E-2
1.370295887E1,1.759999990E-2,1.581249945E-2,-4.949999973E-3,2.417224928E-2
1.370546256E1,2.007500082E-2,1.209999993E-2,-2.474999987E-3,2.356992324E-2
1.370796717E1,2.241249941E-2,1.209999993E-2,-2.474999987E-3,2.559014954E-2
1.371047179E1,2.117500082E-2,1.209999993E-2,-4.949999973E-3,2.488560141E-2
1.371297640E1,2.117500082E-2,1.209999993E-2,-4.949999973E-3,2.488560141E-2
1.371548109E1,2.241249941E-2,8.524999954E-3,-3.712499980E-3,2.426475655E-2
1.371798563E1,2.007500082E-2,3.574999981E-3,-4.949999973E-3,2.098305942E-2
1.372049025E1,2.117500082E-2,-1.237499993E-3,-2.474999987E-3,2.135503900E-2
1.372299609E1,2.241249941E-2,-8.662499487E-3,2.337499987E-3,2.414172598E-2
1.372549956E1,2.612499893E-2,-1.842499897E-2,6.049999967E-3,3.253611310E-2
1.372800417E1,3.217500076E-2,-2.694999985E-2,4.812499974E-3,4.224563080E-2
1.373050902E1,4.441250116E-2,-3.671250120E-2,2.337499987E-3,5.766924578E-2
1.373301365E1,5.912499875E-2,-4.895000160E-2,1.099999994E-3,7.676638674E-2
1.373551804E1,7.988750190E-2,-6.599999964E-2,-0.000000000E0,1.036243838E-1
1.373802288E1,1.067000031E-1,-8.071249723E-2,-6.187499966E-3,1.339316357E-1
1.374052750E1,1.361249983E-1,-9.171249717E-2,-1.718750037E-2,1.650351704E-1
1.374303311E1,1.678874940E-1,-1.027124971E-1,-2.694999985E-2,1.986513785E-1
1.374553680E1,2.032250017E-1,-1.124750003E-1,-3.918749839E-2,2.355561229E-1
1.374804134E1,2.362249941E-1,-1.259499937E-1,-4.647500068E-2,2.717086205E-1
1.375054603E1,2.716999948E-1,-1.454750001E-1,-5.376249924E-2,3.128486362E-1
1.375305064E1,3.059374988E-1,-1.722874939E-1,-5.995000154E-2,3.561948012E-1
1.375555549E1,3.400374949E-1,-2.040500045E-1,-6.599999964E-2,4.020172909E-1
1.375806010E1,3.718000054E-1,-2.358125001E-1,-7.576250285E-2,4.467468367E-1
1.376056472E1,4.085125029E-1,-2.627624869E-1,-8.071249723E-2,4.923830793E-1
1.376307026E1,4.427500069E-1,-2.835249901E-1,-8.552499861E-2,5.326617257E-1
1.376557395E1,4.793249965E-1,-2.969999909E-1,-8.923749626E-2,5.708982200E-1
1.376807857E1,5.135625005E-1,-3.067624867E-1,-9.047500044E-2,6.050085874E-1
1.377058319E1,5.478000045E-1,-3.067624867E-1,-9.652499855E-2,6.352205471E-1
1.377308780E1,5.807999969E-1,-2.969999909E-1,-1.014750004E-1,6.601778599E-1
1.377559242E1,6.150375009E-1,-2.750000060E-1,-1.087625027E-1,6.824407760E-1
1.377809733E1,6.443250179E-1,-2.468124926E-1,-1.234750003E-1,7.009402335E-1
1.378060171E1,6.736124754E-1,-2.125750035E-1,-1.417624950E-1,7.204432692E-1
1.378310748E1,6.956124902E-1,-1.735250056E-1,-1.637624949E-1,7.353950087E-1
1.378561118E1,7.188500166E-1,-1.259499937E-1,-1.845249981E-1,7.527670438E-1
1.378811556E1,7.469000220E-1,-5.018749833E-2,-2.102375031E-1,7.775462916E-1
1.379062040E1,7.823749781E-1,5.981250107E-2,-2.419999987E-1,8.211285776E-1
1.379312502E1,8.263750076E-1,2.039124966E-1,-2.798124850E-1,8.959748804E-1
1.379562964E1,8.813750148E-1,3.957250118E-1,-3.262875080E-1,1.019746900E0
1.379813433E1,9.546625018E-1,6.437749863E-1,-3.763374984E-1,1.211386246E0
1.380063895E1,1.041424990E0,9.503999949E-1,-4.276250005E-1,1.473325931E0
1.380314471E1,1.142762542E0,1.298687458E0,-4.753375053E-1,1.794001417E0
1.380564817E1,1.240525007E0,1.649312496E0,-5.156250000E-1,2.127205478E0
1.380815271E1,1.317525029E0,1.933937430E0,-5.436750054E-1,2.402408937E0
1.381065763E1,1.351624966E0,2.095225096E0,-5.523374677E-1,2.553807927E0
1.381316225E1,1.339524984E0,2.128225088E0,-5.436750054E-1,2.572790648E0
1.381566686E1,1.294287443E0,2.071987391E0,-5.229125023E-1,2.498349298E0
1.381817148E1,1.228287458E0,1.963225007E0,-4.948624969E-1,2.368086020E0
1.382067609E1,1.154999971E0,1.828887463E0,-4.643374979E-1,2.212343463E0
1.382318170E1,1.076762438E0,1.688362479E0,-4.325749874E-1,2.048684048E0
1.382568532E1,9.974250197E-1,1.546599984E0,-4.008125067E-1,1.883475205E0
1.382818993E1,9.143750072E-1,1.408550024E0,-3.678124845E-1,1.719122115E0
1.383069455E1,8.373749852E-1,1.275449991E0,-3.360500038E-1,1.562337720E0
1.383319917E1,7.616124749E-1,1.154449940E0,-3.030500114E-1,1.415855761E0
1.383570387E1,6.943749785E-1,1.054212451E0,-2.725250125E-1,1.291429590E0
1.383820848E1,6.308500171E-1,9.688249826E-1,-2.468124926E-1,1.182163270E0
1.384071333E1,5.735124946E-1,8.978750110E-1,-2.310000062E-1,1.090163804E0
1.384321887E1,5.257999897E-1,8.392999768E-1,-2.248124927E-1,1.015593786E0
1.384572230E1,4.855124950E-1,7.977749705E-1,-2.248124927E-1,9.605768805E-1
1.384822692E1,4.525125027E-1,7.647749782E-1,-2.334749997E-1,9.187812078E-1
1.385073176E1,4.219875038E-1,7.390624881E-1,-2.480500042E-1,8.864624184E-1
1.385323638E1,3.926999867E-1,7.035874724E-1,-2.725250125E-1,8.505989027E-1
1.385574101E1,3.632749915E-1,6.694874763E-1,-2.980999947E-1,8.179522035E-1
1.385824570E1,3.327499926E-1,6.180624962E-1,-3.262875080E-1,7.740719247E-1
1.386075024E1,2.961750031E-1,5.484874845E-1,-3.568125069E-1,7.182432166E-1
1.386325608E1,2.631750107E-1,4.654375017E-1,-3.873375058E-1,6.602450285E-1
1.386575953E1,2.314125001E-1,3.786749840E-1,-4.153875113E-1,6.078595835E-1
1.386826414E1,1.984124929E-1,2.809124887E-1,-4.386250079E-1,5.573789027E-1
1.387076899E1,1.641750038E-1,1.600500047E-1,-4.521000087E-1,5.069160224E-1
1.387327361E1,1.373624951E-1,-2.076249942E-2,-4.398624897E-1,4.612792498E-1
1.387577820E1,1.226499975E-1,-2.505249977E-1,-3.946250081E-1,4.832542740E-1
1.387828289E1,1.079374999E-1,-4.789125025E-1,-2.663374841E-1,5.585188846E-1
1.388078743E1,8.964999765E-2,-6.621999741E-1,-5.995000154E-2,6.709246831E-1
1.388329304E1,3.341250122E-2,-6.719624996E-1,1.160499975E-1,6.827280557E-1
1.388579668E1,-9.116250277E-2,-4.350500107E-1,2.088624984E-1,4.911238713E-1
1.388830137E1,-2.402125001E-1,-1.197625026E-1,2.431000024E-1,3.621363188E-1
1.389080598E1,-3.612124920E-1,7.809999585E-2,2.393874973E-1,4.403185751E-1
1.389331060E1,-4.393124878E-1,1.183874980E-1,2.076250017E-1,5.001191888E-1
1.389581521E1,-4.894999862E-1,7.328750193E-2,1.478125006E-1,5.165557373E-1
1.389832006E1,-5.297874808E-1,1.704999991E-2,6.957499683E-2,5.346084151E-1
1.390082468E1,-5.700749755E-1,-1.718750037E-2,-8.662499487E-3,5.703997955E-1
1.390333029E1,-6.201249957E-1,-3.423750028E-2,-7.218749821E-2,6.252505511E-1
1.390583391E1,-6.813125014E-1,-4.166249931E-2,-1.161874980E-1,6.924030785E-1
1.390833860E1,-7.484124899E-1,-4.042499885E-2,-1.502874941E-1,7.644225052E-1
1.391084319E1,-8.266500235E-1,-7.424999960E-3,-1.820500046E-1,8.464913444E-1
1.391334780E1,-9.121749997E-1,5.252499878E-2,-2.150499970E-1,9.386525485E-1
1.391585242E1,-1.000174999E0,9.281250089E-2,-2.492875010E-1,1.034943693E0
1.391835703E1,-1.089275002E0,1.172875017E-1,-2.895750105E-1,1.133194633E0
1.392086186E1,-1.182087541E0,1.306249946E-1,-3.360500038E-1,1.235849282E0
1.392336748E1,-1.275037527E0,1.428624988E-1,-3.910500109E-1,1.341286882E0
1.392587110E1,-1.371562481E0,1.698125005E-1,-4.533374906E-1,1.454487815E0
1.392837571E1,-1.475374937E0,2.136749923E-1,-5.205749869E-1,1.579046080E0
1.393088032E1,-1.577950001E0,2.711499929E-1,-5.926250219E-1,1.707235467E0
1.393338502E1,-1.682999969E0,3.383874893E-1,-6.683874726E-1,1.842209760E0
1.393588963E1,-1.786949992E0,4.092000127E-1,-7.452499866E-1,1.978896780E0
1.393839425E1,-1.894337535E0,4.776749909E-1,-8.234875202E-1,2.120099005E0
1.394089886E1,-2.000624895E0,5.435374975E-1,-9.077749848E-1,2.263181037E0
1.394340464E1,-2.106912374E0,6.022499800E-1,-9.957749844E-1,2.406938431E0
1.394590834E1,-2.215674877E0,6.645374894E-1,-1.086112499E0,2.555477567E0
1.394841272E1,-2.325675011E0,7.268249989E-1,-1.179062486E0,2.706885143E0
1.395091757E1,-2.438012600E0,7.915874720E-1,-1.274350047E0,2.862600951E0
1.395342218E1,-2.548012495E0,8.551124930E-1,-1.376924992E0,3.019852229E0
1.395592681E1,-2.659250021E0,9.186375141E-1,-1.480737448E0,3.179322089E0
1.395843143E1,-2.767874956E0,9.748749733E-1,-1.594449997E0,3.339728100E0
1.396093612E1,-2.882824898E0,1.029875040E0,-1.716549993E0,3.509681733E0
1.396344166E1,-2.997637510E0,1.087212443E0,-1.847312450E0,3.685162796E0
1.396594535E1,-3.119737387E0,1.153212547E0,-1.984125018E0,3.872907516E0
1.396844996E1,-3.248024940E0,1.217975020E0,-2.128225088E0,4.069701609E0
1.397095458E1,-3.380024910E0,1.288787484E0,-2.276175022E0,4.273934289E0
1.397345919E1,-3.515599966E0,1.363312483E0,-2.427562475E0,4.484542743E0
1.397596406E1,-3.653650045E0,1.447737455E0,-2.581562519E0,4.702081181E0
1.397846868E1,-3.794174910E0,1.536837459E0,-2.733087540E0,4.922133696E0
1.398097329E1,-3.937037468E0,1.624837518E0,-2.884474993E0,5.143982598E0
1.398347891E1,-4.082512379E0,1.712837458E0,-3.039712429E0,5.370341808E0
1.398598254E1,-4.225375175E0,1.800699949E0,-3.193574905E0,5.594214543E0
1.398848715E1,-4.369612694E0,1.892412543E0,-3.350049973E0,5.822162412E0
1.399099177E1,-4.512475014E0,1.981512547E0,-3.506387472E0,6.048435817E0
1.399349646E1,-4.657949924E0,2.070749998E0,-3.660249949E0,6.275502589E0
1.399600108E1,-4.807000160E0,2.151324987E0,-3.814249992E0,6.502611225E0
1.399850560E1,-4.954812527E0,2.229562521E0,-3.969349861E0,6.728807809E0
1.400101022E1,-5.103862286E0,2.302850008E0,-4.127062321E0,6.955945068E0
1.400351606E1,-5.254149914E0,2.368849993E0,-4.287112713E0,7.183096618E0
1.400601953E1,-5.400724888E0,2.425087452E0,-4.447162628E0,7.404467159E0
1.400852437E1,-5.544825077E0,2.482424974E0,-4.610787392E0,7.626721397E0
1.401102899E1,-5.689062595E0,2.530137539E0,-4.778124809E0,7.848407856E0
1.401353360E1,-5.830687523E0,2.571662426E0,-4.943124771E0,8.065038569E0
1.401603822E1,-5.971212387E0,2.599712372E0,-5.112937450E0,8.279855745E0
1.401854291E1,-6.109262466E0,2.614424944E0,-5.280274868E0,8.487614998E0
1.402104753E1,-6.246075153E0,2.620475054E0,-5.442800045E0,8.689327745E0
1.402355332E1,-6.378075123E0,2.622950077E0,-5.601612568E0,8.884693171E0
1.402605679E1,-6.507599831E0,2.621712446E0,-5.750662327E0,9.071513044E0
1.402856140E1,-6.634649754E0,2.618000031E0,-5.891187668E0,9.250869886E0
1.403106625E1,-6.757987499E0,2.603425026E0,-6.018237591E0,9.416336899E0
1.403357086E1,-6.870462418E0,2.574137449E0,-6.133049965E0,9.562621989E0
1.403607545E1,-6.976749897E0,2.536187410E0,-6.234525204E0,9.694152373E0
1.403858007E1,-7.075612545E0,2.492187500E0,-6.323625088E0,9.811397743E0
1.404108468E1,-7.168562412E0,2.434849977E0,-6.398149967E0,9.912270400E0
1.404359030E1,-7.257662296E0,2.363899946E0,-6.459199905E0,9.999147383E0
1.404609391E1,-7.338375092E0,2.287037373E0,-6.504437447E0,1.006925992E1
1.404859854E1,-7.411662579E0,2.206325054E0,-6.536200047E0,1.012534066E1
1.405110324E1,-7.473949909E0,2.125750065E0,-6.550912380E0,1.016332591E1
1.405360785E1,-7.531424999E0,2.046274900E0,-6.552149773E0,1.019020462E1
1.405611247E1,-7.576524734E0,1.960749984E0,-6.533724785E0,1.019499030E1
1.405861710E1,-7.611999989E0,1.877699971E0,-6.499624729E0,1.018397872E1
1.406112171E1,-7.638949871E0,1.788462520E0,-6.447100163E0,1.015466660E1
1.406362748E1,-7.649812222E0,1.693174958E0,-6.377387524E0,1.010235320E1
1.406613095E1,-7.646237373E0,1.588124990E0,-6.296812534E0,1.003179620E1
1.406863580E1,-7.631525040E0,1.484312534E0,-6.201524734E0,9.944961899E0
1.407114041E1,-7.604712486E0,1.382974982E0,-6.093999863E0,9.842820029E0
1.407364503E1,-7.563187599E0,1.288787484E0,-5.974237442E0,9.723903170E0
1.407614972E1,-7.516712666E0,1.186212540E0,-5.848424911E0,9.597507147E0
1.407865432E1,-7.464187622E0,1.079924941E0,-5.717662334E0,9.464248375E0
1.408115894E1,-7.403137684E0,9.858750105E-1,-5.584562302E0,9.325541979E0
1.408366470E1,-7.337137222E0,8.918250203E-1,-5.450087547E0,9.183266780E0
1.408616817E1,-7.269899845E0,8.087750077E-1,-5.315750122E0,9.042276269E0
1.408867303E1,-7.197849751E0,7.353500128E-1,-5.186224937E0,8.902062108E0
1.409117764E1,-7.120850086E0,6.670125127E-1,-5.059175014E0,8.760517306E0
1.409368226E1,-7.045087337E0,5.972999930E-1,-4.939412594E0,8.624837369E0
1.409618687E1,-6.970562458E0,5.362499952E-1,-4.825837612E0,8.494999335E0
1.409869158E1,-6.902225018E0,4.690124989E-1,-4.714600086E0,8.371865795E0
1.410119620E1,-6.828937531E0,4.092000127E-1,-4.605975151E0,8.247232235E0
1.410370196E1,-6.749462605E0,3.554374874E-1,-4.504499912E0,8.122321141E0
1.410620543E1,-6.668887615E0,2.980999947E-1,-4.407975197E0,7.999573174E0
1.410871002E1,-6.582125187E0,2.369125038E-1,-4.317637444E0,7.875436026E0
1.411121464E1,-6.494124889E0,1.685750037E-1,-4.230875015E0,7.752572412E0
1.411371949E1,-6.406125069E0,9.528750181E-2,-4.147824764E0,7.632297713E0
1.411622387E1,-6.314549923E0,1.952499896E-2,-4.068349838E0,7.511683723E0
1.411872870E1,-6.221737385E0,-6.118749827E-2,-3.990112543E0,7.391532866E0
1.412123332E1,-6.128787518E0,-1.454750001E-1,-3.913249969E0,7.273013456E0
1.412373893E1,-6.037212372E0,-2.333374918E-1,-3.837487459E0,7.157421994E0
1.412624255E1,-5.949212551E0,-3.238124847E-1,-3.760487556E0,7.045512839E0
1.412874716E1,-5.860112667E0,-4.153875113E-1,-3.688437462E0,6.936716670E0
1.413125186E1,-5.773349762E0,-5.083374977E-1,-3.618725061E0,6.832652893E0
1.413375647E1,-5.686587334E0,-6.023874879E-1,-3.552862406E0,6.732234210E0
1.413626109E1,-5.601062298E0,-6.964374781E-1,-3.489337444E0,6.635691360E0
1.413876570E1,-5.515537262E0,-7.917249799E-1,-3.431862593E0,6.544131767E0
1.414127031E1,-5.430012703E0,-8.894875050E-1,-3.379337549E0,6.457255473E0
1.414377608E1,-5.351912498E0,-9.908249974E-1,-3.330387592E0,6.380923372E0
1.414627977E1,-5.269962311E0,-1.088587523E0,-3.281574965E0,6.302877105E0
1.414878438E1,-5.190625191E0,-1.192399979E0,-3.236337423E0,6.232037187E0
1.415128899E1,-5.109912395E0,-1.296350002E0,-3.191237450E0,6.162444684E0
1.415379361E1,-5.035387516E0,-1.402637482E0,-3.148474932E0,6.102082738E0
1.415629830E1,-4.967050076E0,-1.518687487E0,-3.106812477E0,6.052295590E0
1.415880284E1,-4.902287483E0,-1.628549933E0,-3.069000006E0,6.008607034E0
1.416130753E1,-4.837524891E0,-1.737312436E0,-3.034762383E0,5.969060587E0
1.416381329E1,-4.778812408E0,-1.838787436E0,-3.007950068E0,5.938514198E0
1.416631675E1,-4.725049973E0,-1.931599975E0,-2.983474970E0,5.912554321E0
1.416882136E1,-4.676237583E0,-2.023175001E0,-2.960237503E0,5.892659934E0
1.417132598E1,-4.633474827E0,-2.112412453E0,-2.937000036E0,5.878549528E0
1.417383082E1,-4.595662594E0,-2.202749968E0,-2.915137529E0,5.871136935E0
1.417633546E1,-4.560187340E0,-2.293225050E0,-2.893137455E0,5.867233934E0
1.417884007E1,-4.528424740E0,-2.386037588E0,-2.872375011E0,5.869441558E0
1.418134469E1,-4.501474857E0,-2.481324911E0,-2.851475000E0,5.878023382E0
1.418385030E1,-4.479475021E0,-2.582799911E0,-2.830712557E0,5.894869416E0
1.418635399E1,-4.459949970E0,-2.687849998E0,-2.811187506E0,5.917640285E0
1.418885859E1,-4.451425076E0,-2.798949957E0,-2.787950039E0,5.951636034E0
1.419136313E1,-4.446612358E0,-2.907712460E0,-2.764849901E0,5.989286117E0
1.419386782E1,-4.450187683E0,-3.015237570E0,-2.737900019E0,6.032571966E0
1.419637244E1,-4.458712578E0,-3.124000072E0,-2.708612442E0,6.080795644E0
1.419887727E1,-4.473424911E0,-3.231524944E0,-2.675612450E0,6.132958983E0
1.420138165E1,-4.489375114E0,-3.337812424E0,-2.642612457E0,6.186992912E0
1.420388750E1,-4.507662296E0,-3.437912464E0,-2.607137442E0,6.239825889E0
1.420639088E1,-4.529662609E0,-3.534437418E0,-2.569324970E0,6.293768507E0
1.420889573E1,-4.553999901E0,-3.627249956E0,-2.529037476E0,6.347589140E0
1.421140034E1,-4.578474998E0,-3.715250015E0,-2.492325068E0,6.401343627E0
1.421390496E1,-4.601712704E0,-3.805725098E0,-2.456987381E0,6.457250988E0
1.421640957E1,-4.624949932E0,-3.894824982E0,-2.425225019E0,6.514717178E0
1.421891425E1,-4.648187637E0,-3.985300064E0,-2.393462420E0,6.573958265E0
1.422141887E1,-4.672524929E0,-4.084300041E0,-2.360462427E0,6.639712261E0
1.422392464E1,-4.695762634E0,-4.181924820E0,-2.324987411E0,6.704047164E0
1.422642810E1,-4.723949909E0,-4.280924797E0,-2.290750027E0,6.774183017E0
1.422893293E1,-4.751999855E0,-4.370162487E0,-2.258987427E0,6.839798753E0
1.423143755E1,-4.778812408E0,-4.456787586E0,-2.230937481E0,6.904859569E0
1.423394216E1,-4.805762291E0,-4.538737297E0,-2.205224991E0,6.968393266E0
1.423644678E1,-4.832574844E0,-4.619312286E0,-2.185699940E0,7.033428030E0
1.423895137E1,-4.858287334E0,-4.696312428E0,-2.170987606E0,7.097287751E0
1.424145606E1,-4.881525040E0,-4.773312569E0,-2.162462473E0,7.161706748E0
1.424396160E1,-4.903524876E0,-4.852650166E0,-2.155174971E0,7.227554842E0
1.424646522E1,-4.921812534E0,-4.929649830E0,-2.149125099E0,7.290022274E0
1.424896983E1,-4.941337585E0,-5.001699924E0,-2.142937422E0,7.350238096E0
1.425147452E1,-4.959624767E0,-5.067699909E0,-2.135649920E0,7.405434544E0
1.425397937E1,-4.976812363E0,-5.122699738E0,-2.129462481E0,7.452873563E0
1.425648399E1,-4.992624760E0,-5.167937279E0,-2.124650002E0,7.493197938E0
1.425898837E1,-4.998812675E0,-5.200937271E0,-2.117362499E0,7.518051650E0
1.426149321E1,-5.002387524E0,-5.216750145E0,-2.112412453E0,7.529983359E0
1.426399882E1,-5.001150131E0,-5.226512432E0,-2.107462406E0,7.534542629E0
1.426650244E1,-5.000050068E0,-5.226512432E0,-2.102649927E0,7.532467697E0
1.426900705E1,-4.991387367E0,-5.217987537E0,-2.096462488E0,7.519075525E0
1.427151167E1,-4.979287624E0,-5.209462643E0,-2.091650009E0,7.503786113E0
1.427401636E1,-4.963337421E0,-5.198462486E0,-2.084362507E0,7.483535103E0
1.427652098E1,-4.941337585E0,-5.191037655E0,-2.076937437E0,7.461726220E0
1.427902559E1,-4.914525032E0,-5.184987545E0,-2.067174911E0,7.437060188E0
1.428153022E1,-4.882762432E0,-5.178937435E0,-2.057412386E0,7.409163762E0
1.428403599E1,-4.844812393E0,-5.172749996E0,-2.047650099E0,7.377155317E0
1.428653945E1,-4.798474789E0,-5.167937279E0,-2.039124966E0,7.341046699E0
1.428904430E1,-4.743474960E0,-5.170274734E0,-2.034174919E0,7.305488562E0
1.429154892E1,-4.683525085E0,-5.171512604E0,-2.025650024E0,7.265205287E0
1.429405354E1,-4.621237278E0,-5.171512604E0,-2.010937452E0,7.221097287E0
1.429655816E1,-4.552899837E0,-5.161749840E0,-1.997599959E0,7.166795932E0
1.429906285E1,-4.481949806E0,-5.153224945E0,-1.992650032E0,7.114369652E0
1.430156747E1,-4.405087471E0,-5.134937286E0,-1.993887544E0,7.053223667E0
1.430407323E1,-4.325612545E0,-5.111700058E0,-1.992650032E0,6.986490931E0
1.430657669E1,-4.242562294E0,-5.082412243E0,-1.986600041E0,6.912078468E0
1.430908154E1,-4.154562473E0,-5.051887512E0,-1.979174972E0,6.833673269E0
1.431158615E1,-4.070274830E0,-5.021224976E0,-1.970649958E0,6.757462445E0
1.431409077E1,-3.982275009E0,-4.999362469E0,-1.957312465E0,6.684550204E0
1.431659536E1,-3.893174887E0,-4.976124763E0,-1.940124989E0,6.609289926E0
1.431909998E1,-3.800225019E0,-4.956600189E0,-1.921837449E0,6.534757441E0
1.432160459E1,-3.702600002E0,-4.932125092E0,-1.903550029E0,6.454347946E0
1.432411021E1,-3.597412586E0,-4.899125099E0,-1.883887529E0,6.363319596E0
1.432661380E1,-3.486312389E0,-4.862412453E0,-1.864362478E0,6.266839426E0
1.432911849E1,-3.369024992E0,-4.823362350E0,-1.849787474E0,6.167403624E0
1.433162310E1,-3.245549917E0,-4.776887417E0,-1.833837509E0,6.059307524E0
1.433412772E1,-3.120975018E0,-4.726837635E0,-1.825312495E0,5.951070895E0
1.433663231E1,-3.000112534E0,-4.673075199E0,-1.822837472E0,5.844744946E0
1.433913693E1,-2.876637459E0,-4.616837502E0,-1.826550007E0,5.738163165E0
1.434164178E1,-2.755774975E0,-4.559499741E0,-1.833837509E0,5.634384936E0
1.434414739E1,-2.637249947E0,-4.502025127E0,-1.843600035E0,5.533730985E0
1.434665099E1,-2.518724918E0,-4.437262535E0,-1.857074976E0,5.429733095E0
1.434915561E1,-2.402674913E0,-4.372499943E0,-1.870550036E0,5.328279265E0
1.435166022E1,-2.286624908E0,-4.311450005E0,-1.885125041E0,5.231725436E0
1.435416484E1,-2.172912598E0,-4.252874851E0,-1.896124959E0,5.138461201E0
1.435666953E1,-2.056862593E0,-4.189350128E0,-1.905887485E0,5.041204749E0
1.435917415E1,-1.938337445E0,-4.123350143E0,-1.912075043E0,4.941173892E0
1.436167876E1,-1.821050048E0,-4.057350159E0,-1.913312435E0,4.841392162E0
1.436418453E1,-1.698949933E0,-3.987775087E0,-1.910837531E0,4.737096272E0
1.436668799E1,-1.574375033E0,-3.918062449E0,-1.903550029E0,4.631778579E0
1.436919261E1,-1.447324991E0,-3.839824915E0,-1.890074968E0,4.517896457E0
1.437169746E1,-1.316562533E0,-3.762962580E0,-1.870550036E0,4.403655495E0
1.437420208E1,-1.183325052E0,-3.683487415E0,-1.844837546E0,4.286229496E0
1.437670669E1,-1.046512485E0,-3.604150057E0,-1.810600042E0,4.166936348E0
1.437921132E1,-9.072250128E-1,-3.522199869E0,-1.766600013E0,4.043491653E0
1.438171594E1,-7.606499791E-1,-3.441624880E0,-1.714074969E0,3.919365153E0
1.438422155E1,-6.115999818E-1,-3.359812498E0,-1.655499935E0,3.795138284E0
1.438672524E1,-4.613125026E-1,-3.277862549E0,-1.598024964E0,3.675714339E0
1.438922986E1,-3.097875118E-1,-3.190000057E0,-1.539450049E0,3.555555529E0
1.439173447E1,-1.583999991E-1,-3.101999998E0,-1.483212471E0,3.442007232E0
1.439423908E1,-1.168750040E-2,-3.016474962E0,-1.434399962E0,3.340173805E0
1.439674393E1,1.324124932E-1,-2.937000036E0,-1.391637444E0,3.252715336E0
1.439924832E1,2.716999948E-1,-2.861237526E0,-1.354925036E0,3.177471152E0
1.440175316E1,4.024625123E-1,-2.789187431E0,-1.324399948E0,3.113772282E0
1.440425878E1,5.295125246E-1,-2.725662470E0,-1.301162481E0,3.066372974E0
1.440676240E1,6.540874839E-1,-2.668324947E0,-1.287687540E0,3.034127166E0
1.440926709E1,7.676625252E-1,-2.621850014E0,-1.277925014E0,3.016039720E0
1.441177162E1,8.764249682E-1,-2.580324888E0,-1.277925014E0,3.009865378E0
1.441427631E1,9.754250050E-1,-2.541275024E0,-1.285349965E0,3.010258664E0
1.441678093E1,1.073187470E0,-2.500849962E0,-1.295112491E0,3.013851065E0
1.441928555E1,1.166000009E0,-2.466749907E0,-1.308587551E0,3.026022555E0
1.442179010E1,1.255100012E0,-2.430037498E0,-1.323162436E0,3.038275352E0
1.442429594E1,1.340625048E0,-2.390987396E0,-1.336637497E0,3.049704255E0
1.442679941E1,1.418862462E0,-2.343275070E0,-1.350112438E0,3.053999400E0
1.442930425E1,1.488574982E0,-2.288275003E0,-1.359874964E0,3.049806204E0
1.443180888E1,1.550862551E0,-2.221174955E0,-1.367162466E0,3.034456466E0
1.443431349E1,1.609437466E0,-2.150224924E0,-1.370875001E0,3.015469192E0
1.443681811E1,1.664437532E0,-2.075700045E0,-1.370875001E0,2.993022092E0
1.443932280E1,1.718199968E0,-1.995124936E0,-1.365924954E0,2.966224136E0
1.444182742E1,1.770725012E0,-1.910837531E0,-1.354925036E0,2.936424525E0
1.444433317E1,1.819537520E0,-1.831362486E0,-1.340350032E0,2.908804488E0
1.444683663E1,1.866012454E0,-1.756837487E0,-1.317112446E0,2.881538761E0
1.444934125E1,1.906299949E0,-1.687262535E0,-1.288925052E0,2.853447414E0
1.445184609E1,1.944249988E0,-1.623737454E0,-1.247400045E0,2.823586055E0
1.445435071E1,1.977249980E0,-1.565024972E0,-1.202299953E0,2.793625927E0
1.445685510E1,2.001587391E0,-1.507687449E0,-1.152112484E0,2.758049438E0
1.445935994E1,2.021112442E0,-1.450212479E0,-1.096012473E0,2.718318428E0
1.446186456E1,2.040775061E0,-1.401399970E0,-1.036062479E0,2.683674754E0
1.446437010E1,2.055350065E0,-1.351212502E0,-9.725375175E-1,2.645008192E0
1.446687378E1,2.068825006E0,-1.297449946E0,-9.053000212E-1,2.604415750E0
1.446937839E1,2.081062555E0,-1.238875031E0,-8.417750001E-1,2.564023762E0
1.447188308E1,2.092062473E0,-1.180162549E0,-7.734375000E-1,2.523433098E0
1.447438770E1,2.098112583E0,-1.120350003E0,-7.001500130E-1,2.479409321E0
1.447689231E1,2.098112583E0,-1.066587448E0,-6.219124794E-1,2.434432239E0
1.447939693E1,2.089587450E0,-1.021350026E0,-5.436750054E-1,2.388538067E0
1.448190154E1,2.078587532E0,-9.884874821E-1,-4.668124914E-1,2.348520286E0
1.448440731E1,2.062774897E0,-9.602999687E-1,-3.946250081E-1,2.309317042E0
1.448691100E1,2.039537430E0,-9.358249903E-1,-3.335750103E-1,2.268645770E0
1.448941564E1,2.007775068E0,-9.127249718E-1,-2.822875082E-1,2.223491362E0
1.449192026E1,1.969825029E0,-8.882499933E-1,-2.395250052E-1,2.174067829E0
1.449442487E1,1.925825000E0,-8.601999879E-1,-2.089999914E-1,2.119534606E0
1.449692956E1,1.870962501E0,-8.295375109E-1,-1.882375032E-1,2.055253395E0
1.449943420E1,1.812250018E0,-7.977749705E-1,-1.759999990E-1,1.987881041E0
1.450193881E1,1.742674947E0,-7.649124861E-1,-1.662375033E-1,1.910403619E0
1.450444435E1,1.666912436E0,-7.282000184E-1,-1.674750000E-1,1.826723902E0
1.450694804E1,1.589912534E0,-6.903874874E-1,-1.735250056E-1,1.742001055E0
1.450945266E1,1.508100033E0,-6.439124942E-1,-1.882375032E-1,1.650582433E0
1.451195751E1,1.426149964E0,-5.961999893E-1,-2.077624947E-1,1.559654898E0
1.451446213E1,1.343099952E0,-5.436750054E-1,-2.310000062E-1,1.467263097E0
1.451696674E1,1.258812547E0,-4.863374829E-1,-2.565749884E-1,1.373668046E0
1.451947136E1,1.175762534E0,-4.313375056E-1,-2.822875082E-1,1.283805210E0
1.452197606E1,1.093950033E0,-3.713875115E-1,-3.067624867E-1,1.195306899E0
1.452448152E1,1.014474988E0,-3.103374839E-1,-3.287625015E-1,1.110654599E0
1.452698529E1,9.362375140E-1,-2.468124926E-1,-3.445749879E-1,1.027710568E0
1.452948990E1,8.629499674E-1,-1.845249981E-1,-3.507624865E-1,9.496138389E-1
1.453199451E1,7.958499789E-1,-1.259499937E-1,-3.458124995E-1,8.768277338E-1
1.453449912E1,7.371374965E-1,-7.342500240E-2,-3.299999833E-1,8.109641846E-1
1.453700374E1,6.895624995E-1,-2.571249940E-2,-3.055250049E-1,7.546542930E-1
1.453950858E1,6.491374969E-1,1.209999993E-2,-2.700499892E-1,7.031734470E-1
1.454201320E1,6.173750162E-1,4.152499884E-2,-2.260500044E-1,6.587676682E-1
1.454451882E1,5.942749977E-1,6.104999781E-2,-1.710499972E-1,6.214080597E-1
1.454702243E1,5.783249736E-1,7.328750193E-2,-1.124750003E-1,5.937014896E-1
1.454952705E1,5.685625076E-1,7.933750004E-2,-4.895000160E-2,5.761543774E-1
1.455203173E1,5.698000193E-1,8.428750187E-2,1.704999991E-2,5.762526767E-1
1.455453635E1,5.685625076E-1,8.057499677E-2,7.933750004E-2,5.796982785E-1
1.455704089E1,5.758500099E-1,7.562500238E-2,1.391499937E-1,5.972311911E-1
1.455954550E1,5.832750201E-1,6.833750010E-2,1.941500008E-1,6.185256550E-1
1.456205011E1,5.905625224E-1,5.981250107E-2,2.418625057E-1,6.409673157E-1
1.456455572E1,6.015625000E-1,4.881250113E-2,2.796750069E-1,6.651903571E-1
1.456705942E1,6.125624776E-1,4.276249930E-2,3.066250086E-1,6.863529094E-1
1.456956426E1,6.210874915E-1,4.152499884E-2,3.236750066E-1,7.015978247E-1
1.457206888E1,6.320874691E-1,4.386249930E-2,3.334375024E-1,7.159881671E-1
1.457457350E1,6.370375156E-1,4.509999976E-2,3.383874893E-1,7.227426231E-1
1.457707788E1,6.430875063E-1,4.509999976E-2,3.371500075E-1,7.275064799E-1
1.457958273E1,6.503750086E-1,4.881250113E-2,3.297249973E-1,7.308138517E-1
1.458208735E1,6.565625072E-1,5.004999787E-2,3.188624978E-1,7.316096094E-1
1.458459298E1,6.663249731E-1,5.128749833E-2,3.066250086E-1,7.352810845E-1
1.458709660E1,6.760874987E-1,5.004999787E-2,2.906749845E-1,7.376254163E-1
1.458960121E1,6.883249879E-1,5.004999787E-2,2.723875046E-1,7.419509714E-1
1.459210590E1,6.993250251E-1,4.881250113E-2,2.503874898E-1,7.444004608E-1
1.459461075E1,7.115625143E-1,4.633750021E-2,2.246749997E-1,7.476277357E-1
1.459711536E1,7.213249803E-1,5.004999787E-2,1.978625059E-1,7.496427820E-1
1.459961975E1,7.310875058E-1,5.486249924E-2,1.685750037E-1,7.522741301E-1
1.460212459E1,7.358999848E-1,6.352499872E-2,1.380500048E-1,7.514266544E-1
1.460463013E1,7.420874834E-1,7.562500238E-2,1.061500013E-1,7.534459482E-1
1.460713383E1,7.481374741E-1,9.157499671E-2,7.809999585E-2,7.577567350E-1
1.460963843E1,7.530875206E-1,1.111000031E-1,5.252499878E-2,7.630484256E-1
1.461214313E1,7.543249726E-1,1.355749965E-1,3.162499890E-2,7.670638074E-1
1.461464774E1,7.566624880E-1,1.611499935E-1,1.209999993E-2,7.737272460E-1
1.461715228E1,7.616124749E-1,1.918125004E-1,-3.712499980E-3,7.854039597E-1
1.461965692E1,7.664250135E-1,2.211000025E-1,-1.347499993E-2,7.977932615E-1
1.462216161E1,7.688999772E-1,2.479124963E-1,-1.966249943E-2,8.081178099E-1
1.462466738E1,7.738500237E-1,2.686749995E-1,-2.089999989E-2,8.194308541E-1
1.462717084E1,7.786625028E-1,2.809124887E-1,-1.347499993E-2,8.278941328E-1
1.462967545E1,7.848500013E-1,2.870999873E-1,2.337499987E-3,8.357160949E-1
1.463218007E1,7.946124673E-1,2.846249938E-1,2.928750031E-2,8.445579423E-1
1.463468492E1,8.091874719E-1,2.748624980E-1,6.462500244E-2,8.570356751E-1
1.463718953E1,8.251374960E-1,2.626250088E-1,1.050499976E-1,8.722724830E-1
1.463969422E1,8.446624875E-1,2.454375029E-1,1.489125043E-1,8.921150260E-1
1.464219885E1,8.617125154E-1,2.186249942E-1,1.978625059E-1,9.107661162E-1
1.464470462E1,8.813750148E-1,1.808124930E-1,2.516250014E-1,9.342538283E-1
1.464720808E1,8.996624947E-1,1.403875053E-1,3.102000058E-1,9.619383034E-1
1.464971270E1,9.204249978E-1,9.157499671E-2,3.664374948E-1,9.949093397E-1
1.465221754E1,9.374749660E-1,5.252499878E-2,4.177249968E-1,1.027673275E0
1.465472215E1,9.546625018E-1,1.704999991E-2,4.604874849E-1,1.060056564E0
1.465722677E1,9.679999948E-1,-1.223750040E-2,4.959625006E-1,1.087728159E0
1.465973138E1,9.778999686E-1,-3.795000166E-2,5.215374827E-1,1.108931872E0
1.466223601E1,9.789999723E-1,-5.623750016E-2,5.362499952E-1,1.117661693E0
1.466474162E1,9.754250050E-1,-6.723749638E-2,5.411999822E-1,1.117529526E0
1.466724524E1,9.668999910E-1,-7.699999958E-2,5.350124836E-1,1.107728735E0
1.466974985E1,9.484750032E-1,-8.428750187E-2,5.215374827E-1,1.085684374E0
1.467225448E1,9.264749885E-1,-9.295000136E-2,4.984374940E-1,1.056141819E0
1.467475909E1,9.009000063E-1,-9.652499855E-2,4.690124989E-1,1.020250274E0
1.467726371E1,8.716124892E-1,-9.899999946E-2,4.299624860E-1,9.769222439E-1
1.467976840E1,8.421875238E-1,-1.002374962E-1,3.847250044E-1,9.313112852E-1
1.468227302E1,8.116624951E-1,-1.027124971E-1,3.346749842E-1,8.839418579E-1
1.468477880E1,7.786625028E-1,-1.027124971E-1,2.809124887E-1,8.341324694E-1
1.468728227E1,7.469000220E-1,-1.062875018E-1,2.234375030E-1,7.868170014E-1
1.468978711E1,7.115625143E-1,-1.075249985E-1,1.698125005E-1,7.394045729E-1
1.469229173E1,6.748499870E-1,-1.075249985E-1,1.233374998E-1,6.944035348E-1
1.469479633E1,6.381375194E-1,-1.039500013E-1,8.057499677E-2,6.515500184E-1
1.469730095E1,6.028000116E-1,-9.295000136E-2,4.633750021E-2,6.116818787E-1
1.469980556E1,5.722749829E-1,-8.071249723E-2,1.828750037E-2,5.782279792E-1
1.470231018E1,5.440874696E-1,-5.995000154E-2,-2.474999987E-3,5.473858811E-1
1.470481580E1,5.172749758E-1,-4.042499885E-2,-1.471249945E-2,5.190607274E-1
1.470731952E1,4.977499843E-1,-2.076249942E-2,-2.089999989E-2,4.986210367E-1
1.470982436E1,4.780874848E-1,-2.474999987E-3,-1.594999991E-2,4.783598763E-1
1.471232898E1,4.635125101E-1,9.762499481E-3,-8.662499487E-3,4.636962284E-1
1.471483360E1,4.500375092E-1,1.581249945E-2,4.812499974E-3,4.503409319E-1
1.471733821E1,4.365625083E-1,1.704999991E-2,2.076249942E-2,4.373883944E-1
1.471984282E1,4.244624972E-1,1.952499896E-2,3.657500073E-2,4.264825528E-1
1.472234744E1,4.158000052E-1,1.704999991E-2,5.486249924E-2,4.197502122E-1
1.472485305E1,4.085125029E-1,1.457499992E-2,7.562500238E-2,4.157090769E-1
1.472735667E1,4.024625123E-1,8.524999954E-3,1.000999957E-1,4.148117146E-1
1.472986128E1,3.926999867E-1,-7.424999960E-3,1.233374998E-1,4.116801538E-1
1.473236597E1,3.852750063E-1,-3.066249937E-2,1.428624988E-1,4.120518328E-1
1.473487051E1,3.755125105E-1,-6.118749827E-2,1.575749964E-1,4.118050934E-1
1.473737520E1,3.669874966E-1,-9.652499855E-2,1.673374921E-1,4.147273011E-1
1.473987982E1,3.559874892E-1,-1.307625026E-1,1.698125005E-1,4.155264250E-1
1.474238468E1,3.449875116E-1,-1.662375033E-1,1.648624986E-1,4.169303709E-1
1.474489030E1,3.339875042E-1,-2.004749924E-1,1.563374996E-1,4.197371670E-1
1.474739391E1,3.192749918E-1,-2.395250052E-1,1.428624988E-1,4.239321196E-1
1.474989860E1,3.022249937E-1,-2.773374915E-1,1.245749965E-1,4.286898188E-1
1.475240321E1,2.899875045E-1,-3.103374839E-1,1.000999957E-1,4.363738258E-1
1.475490775E1,2.741749883E-1,-3.420999944E-1,7.081250101E-2,4.440931667E-1
1.475741237E1,2.606999874E-1,-3.665750027E-1,3.533750027E-2,4.512099899E-1
1.475991706E1,2.436500043E-1,-3.823874891E-1,-6.187499966E-3,4.534576072E-1
1.476242160E1,2.276999950E-1,-3.898124993E-1,-5.142499879E-2,4.543628537E-1
1.476492745E1,2.106499970E-1,-3.885749876E-1,-9.899999946E-2,4.529513684E-1
1.476743091E1,1.934625059E-1,-3.788124919E-1,-1.467124969E-1,4.499457767E-1
1.476993576E1,1.727000028E-1,-3.665750027E-1,-1.907124966E-1,4.478546415E-1
1.477244039E1,1.544124931E-1,-3.495250046E-1,-2.297624946E-1,4.458718995E-1
1.477494500E1,1.373624951E-1,-3.275249898E-1,-2.652375102E-1,4.432741937E-1
1.477744962E1,1.214125007E-1,-3.055250049E-1,-2.932874858E-1,4.405724382E-1
1.477995423E1,1.091749966E-1,-2.847625017E-1,-3.152875006E-1,4.386514223E-1
1.478245885E1,1.018875018E-1,-2.602874935E-1,-3.299999833E-1,4.324703819E-1
1.478496447E1,9.941250086E-2,-2.175250053E-1,-3.420999944E-1,4.174115229E-1
1.478746809E1,9.817499667E-2,-1.698125005E-1,-3.482874930E-1,3.997233957E-1
1.478997270E1,1.043625027E-1,-1.319999993E-1,-3.495250046E-1,3.879217197E-1
1.479247732E1,1.164624989E-1,-1.027124971E-1,-3.458124995E-1,3.790773741E-1
1.479498201E1,1.324124932E-1,-7.947500050E-2,-3.372874856E-1,3.709611732E-1
1.479748661E1,1.483625025E-1,-5.995000154E-2,-3.262875080E-1,3.634129507E-1
1.479999122E1,1.654125005E-1,-4.399999976E-2,-3.103374839E-1,3.544102837E-1
1.480249606E1,1.824624985E-1,-3.299999982E-2,-2.883374989E-1,3.428120136E-1
1.480500160E1,1.996500045E-1,-2.199999988E-2,-2.627624869E-1,3.307389436E-1
1.480750530E1,2.179374993E-1,-8.662499487E-3,-2.334749997E-1,3.195033145E-1
1.481000992E1,2.374625057E-1,7.287499961E-3,-2.040500045E-1,3.131739989E-1
1.481251453E1,2.594625056E-1,2.076249942E-2,-1.687124968E-1,3.101866853E-1
1.481501915E1,2.814624906E-1,2.199999988E-2,-1.307625026E-1,3.111333567E-1
1.481752376E1,3.046999872E-1,1.828750037E-2,-9.047500044E-2,3.183743717E-1
1.482002838E1,3.242250085E-1,1.099999994E-2,-5.142499879E-2,3.284621540E-1
1.482253307E1,3.449875116E-1,-0.000000000E0,-1.594999991E-2,3.453560274E-1
1.482503884E1,3.657499850E-1,-1.471249945E-2,1.333750039E-2,3.662886813E-1
1.482754230E1,3.852750063E-1,-3.176249936E-2,3.904999793E-2,3.885493394E-1
1.483004716E1,4.036999941E-1,-4.895000160E-2,5.857500061E-2,4.108537679E-1
1.483255177E1,4.182749987E-1,-6.476250291E-2,7.204999775E-2,4.293475963E-1
1.483505639E1,4.317499995E-1,-7.576250285E-2,7.933750004E-2,4.454688068E-1
1.483756100E1,4.463250041E-1,-6.242499873E-2,8.538749814E-2,4.586871642E-1
1.484006561E1,4.635125101E-1,-3.423750028E-2,8.181250095E-2,4.719209030E-1
1.484257023E1,4.817999899E-1,-1.347499993E-2,6.710000336E-2,4.866366369E-1
1.484507584E1,4.965125024E-1,-9.762499481E-3,4.386249930E-2,4.985417639E-1
1.484757954E1,5.050374866E-1,-2.818750031E-2,1.581249945E-2,5.060705812E-1
1.485008438E1,5.050374866E-1,-7.218749821E-2,-1.718750037E-2,5.104598984E-1
1.485258902E1,4.989874959E-1,-1.270499974E-1,-5.266249925E-2,5.175940125E-1
1.485509363E1,4.903250039E-1,-1.735250056E-1,-8.923749626E-2,5.277242345E-1
1.485759825E1,4.780874848E-1,-2.065249979E-1,-1.247124970E-1,5.355123013E-1
1.486010286E1,4.695625007E-1,-2.235749960E-1,-1.577125043E-1,5.434592486E-1
1.486260747E1,4.635125101E-1,-2.248124927E-1,-1.918125004E-1,5.497058660E-1
1.486511301E1,4.537499845E-1,-2.102375031E-1,-2.224749923E-1,5.473426516E-1
1.486761671E1,4.452250004E-1,-1.882375032E-1,-2.492875010E-1,5.438776670E-1
1.487012140E1,4.377999902E-1,-1.674750000E-1,-2.725250125E-1,5.422053020E-1
1.487262601E1,4.280374944E-1,-1.527625024E-1,-2.920500040E-1,5.402274369E-1
1.487513066E1,4.158000052E-1,-1.467124969E-1,-3.103374839E-1,5.391878661E-1
1.487763520E1,4.024625123E-1,-1.479499936E-1,-3.287625015E-1,5.403240294E-1
1.488013989E1,3.877499998E-1,-1.369500011E-1,-3.420999944E-1,5.349184716E-1
1.488264473E1,3.730374873E-1,-1.185249984E-1,-3.568125069E-1,5.296416782E-1
1.488515033E1,3.522749841E-1,-1.002374962E-1,-3.641000092E-1,5.164436434E-1
1.488765372E1,3.302749991E-1,-7.699999958E-2,-3.580499887E-1,4.931636335E-1
1.489015856E1,3.059374988E-1,-5.018749833E-2,-3.445749879E-1,4.635174867E-1
1.489266317E1,2.814624906E-1,-3.066249937E-2,-3.201000094E-1,4.273468597E-1
1.489516786E1,2.557500005E-1,-2.076249942E-2,-2.883374989E-1,3.859762394E-1
1.489767248E1,2.301750034E-1,-1.223750040E-2,-2.492875010E-1,3.395210549E-1
1.490017701E1,2.032250017E-1,-1.718750037E-2,-2.077624947E-1,2.911375374E-1
1.490268163E1,1.751749963E-1,2.337499987E-3,-1.502874941E-1,2.308204369E-1
1.490518726E1,1.494625062E-1,4.812499974E-3,-9.047500044E-2,1.747796516E-1
1.490769096E1,1.274625063E-1,-4.166249931E-2,-3.795000166E-2,1.393651929E-1
1.491019557E1,9.569999576E-2,-7.947500050E-2,1.828750037E-2,1.257346315E-1
1.491270018E1,5.912499875E-2,-1.099999994E-1,7.686249912E-2,1.466410895E-1
1.491520480E1,2.488750033E-2,-1.332374960E-1,1.331000030E-1,1.899663887E-1
1.491770963E1,-9.349999949E-3,-1.515250057E-1,1.831499934E-1,2.378889866E-1
1.492021425E1,-3.863750026E-2,-1.612875015E-1,2.259124964E-1,2.802551884E-1
1.492271886E1,-6.435000151E-2,-1.662375033E-1,2.576749921E-1,3.133244831E-1
1.492522448E1,-8.744999766E-2,-1.649999917E-1,2.796750069E-1,3.362894717E-1
1.492772810E1,-1.119249985E-1,-1.674750000E-1,2.919124961E-1,3.546660208E-1
1.493023271E1,-1.363999993E-1,-1.687124968E-1,2.906749845E-1,3.627131276E-1
1.493273733E1,-1.596374959E-1,-1.698125005E-1,2.809124887E-1,3.650099200E-1
1.493524202E1,-1.852124929E-1,-1.674750000E-1,2.613874972E-1,3.614899264E-1
1.493774664E1,-2.144999951E-1,-1.637624949E-1,2.320999950E-1,3.559477635E-1
1.494025148E1,-2.414499968E-1,-1.564749926E-1,1.929125041E-1,3.464069262E-1
1.494275586E1,-2.670249939E-1,-1.392875016E-1,1.501500010E-1,3.365239639E-1
1.494526163E1,-2.964499891E-1,-1.124750003E-1,1.073874980E-1,3.347615516E-1
1.494776532E1,-3.220250010E-1,-7.452499866E-2,6.586249918E-2,3.370340421E-1
1.495026993E1,-3.452624977E-1,-3.299999982E-2,2.433750033E-2,3.476888066E-1
1.495277461E1,-3.599750102E-1,8.524999954E-3,-1.471249945E-2,3.603763882E-1
1.495527923E1,-3.684999943E-1,5.252499878E-2,-4.895000160E-2,3.754293861E-1
1.495778384E1,-3.709749877E-1,9.528750181E-2,-7.699999958E-2,3.906803674E-1
1.496028846E1,-3.709749877E-1,1.403875053E-1,-9.899999946E-2,4.088179217E-1
1.496279307E1,-3.635500073E-1,1.868624985E-1,-1.124750003E-1,4.239538028E-1
1.496529884E1,-3.465000093E-1,2.296250015E-1,-1.185249984E-1,4.322476987E-1
1.496780230E1,-3.244999945E-1,2.773374915E-1,-1.172875017E-1,4.426880264E-1
1.497030692E1,-2.952125072E-1,3.261500001E-1,-1.124750003E-1,4.540648331E-1
1.497281153E1,-2.585000098E-1,3.761999905E-1,-1.014750004E-1,4.675958336E-1
1.497531639E1,-2.206874937E-1,4.201999903E-1,-8.318749815E-2,4.818621811E-1
1.497782078E1,-1.791625023E-1,4.471499920E-1,-5.871250108E-2,4.852725784E-1
1.498032562E1,-1.376374960E-1,4.581499994E-1,-3.299999982E-2,4.795148613E-1
1.498283024E1,-9.844999760E-2,4.764375091E-1,-1.374999993E-4,4.865029506E-1
1.498533583E1,-5.568749830E-2,4.910124838E-1,3.657500073E-2,4.955119448E-1
1.498783945E1,-6.874999963E-3,4.959625006E-1,6.352499872E-2,5.000614893E-1
1.499034414E1,4.564999789E-2,5.069624782E-1,9.033749998E-2,5.169678331E-1
1.499284876E1,1.018875018E-1,5.130124688E-1,1.160499975E-1,5.357522357E-1
1.499535337E1,1.629374921E-1,5.191999674E-1,1.428624988E-1,5.626072574E-1
1.499785799E1,2.264624983E-1,5.289624929E-1,1.698125005E-1,5.999357194E-1
1.500036283E1,2.949374914E-1,5.337749720E-1,1.953874975E-1,6.403749829E-1
1.500286745E1,3.657499850E-1,5.362499952E-1,2.186249942E-1,6.849335712E-1
1.500537299E1,4.342249930E-1,5.411999822E-1,2.406249940E-1,7.344039440E-1
1.500787669E1,5.013250113E-1,5.460125208E-1,2.551999986E-1,7.839537480E-1
1.501038138E1,5.648499727E-1,5.509625077E-1,2.651000023E-1,8.324020590E-1
1.501288599E1,6.260374784E-1,5.522000194E-1,2.686749995E-1,8.769458599E-1
1.501539061E1,6.870874763E-1,5.509625077E-1,2.699125111E-1,9.211414922E-1
1.501789523E1,7.469000220E-1,5.472499728E-1,2.651000023E-1,9.631304101E-1
1.502039984E1,8.031374812E-1,5.447750092E-1,2.564375103E-1,1.003777775E0
1.502290446E1,8.593750000E-1,5.447750092E-1,2.418625057E-1,1.045850215E0
1.502541023E1,9.143750072E-1,5.509625077E-1,2.223374993E-1,1.090447295E0
1.502791366E1,9.692375064E-1,5.570124984E-1,2.015749961E-1,1.135921100E0
1.503041828E1,1.021762490E0,5.619624853E-1,1.806750000E-1,1.180018592E0
1.503292312E1,1.076762438E0,5.680124760E-1,1.599124968E-1,1.227854848E0
1.503542774E1,1.130524993E0,5.777750015E-1,1.416250020E-1,1.277485168E0
1.503793236E1,1.181812525E0,5.972999930E-1,1.281500012E-1,1.330364818E0
1.504043696E1,1.235574961E0,6.144874692E-1,1.183874980E-1,1.385011167E0
1.504294157E1,1.289337516E0,6.302999854E-1,1.111000031E-1,1.439448683E0
1.504544718E1,1.345574975E0,6.437749863E-1,1.073874980E-1,1.495510054E0
1.504795088E1,1.401812434E0,6.584874988E-1,1.025749967E-1,1.552161563E0
1.505045549E1,1.455574989E0,6.755374670E-1,9.404999763E-2,1.607449788E0
1.505296009E1,1.509337544E0,6.914874911E-1,8.786249906E-2,1.662520554E0
1.505546470E1,1.558149934E0,7.012500167E-1,8.057499677E-2,1.710577427E0
1.505796955E1,1.603387475E0,7.048249841E-1,7.204999775E-2,1.752946336E0
1.506047417E1,1.646149993E0,7.110124826E-1,6.462500244E-2,1.794303470E0
1.506297878E1,1.688912511E0,7.220125198E-1,6.228749827E-2,1.837826782E0
1.506548440E1,1.726724982E0,7.378249764E-1,6.104999781E-2,1.878747445E0
1.506798801E1,1.763437510E0,7.550125122E-1,6.352499872E-2,1.919320497E0
1.507049270E1,1.796437502E0,7.732999921E-1,6.833750010E-2,1.957000406E0
1.507299732E1,1.823249936E0,7.928249836E-1,7.204999775E-2,1.989473042E0
1.507550194E1,1.847725034E0,8.098750114E-1,7.686249912E-2,2.018884142E0
1.507800678E1,1.866012454E0,8.282999992E-1,8.057499677E-2,2.043177843E0
1.508051117E1,1.880725026E0,8.441125154E-1,8.662500232E-2,2.063287778E0
1.508301598E1,1.888012528E0,8.575875163E-1,9.281250089E-2,2.075731634E0
1.508552152E1,1.891724944E0,8.710625172E-1,1.000999957E-1,2.085040331E0
1.508802498E1,1.891724944E0,8.856375217E-1,1.073874980E-1,2.091532730E0
1.509052983E1,1.885537505E0,8.991125226E-1,1.160499975E-1,2.092157406E0
1.509303444E1,1.874537468E0,9.076374769E-1,1.258125007E-1,2.086510315E0
1.509553906E1,1.858724952E0,9.161624908E-1,1.306249946E-1,2.076361010E0
1.509804368E1,1.837962508E0,9.186375141E-1,1.331000030E-1,2.059057230E0
1.510054829E1,1.811012506E0,9.138249755E-1,1.343374997E-1,2.032950798E0
1.510305291E1,1.778012514E0,9.040625095E-1,1.318625063E-1,1.999011066E0
1.510555874E1,1.737725019E0,8.930624723E-1,1.220999956E-1,1.957589648E0
1.510806220E1,1.693724990E0,8.771125078E-1,1.098624989E-1,1.910523609E0
1.511056681E1,1.643674970E0,8.563500047E-1,9.157499671E-2,1.855637011E0
1.511307143E1,1.589912534E0,8.282999992E-1,7.809999585E-2,1.794436503E0
1.511557606E1,1.526387453E0,7.965375185E-1,6.352499872E-2,1.722894686E0
1.511808091E1,1.461624980E0,7.598249912E-1,4.633750021E-2,1.647977173E0
1.512058552E1,1.392050028E0,7.220125198E-1,2.804999985E-2,1.568404336E0
1.512309014E1,1.318624973E0,6.804875135E-1,9.762499481E-3,1.483890287E0
1.512559574E1,1.243000031E0,6.377249956E-1,-9.899999946E-3,1.397082766E0
1.512809936E1,1.164762497E0,5.985375047E-1,-2.942499891E-2,1.309879632E0
1.513060405E1,1.086524963E0,5.631999969E-1,-5.018749833E-2,1.224846732E0
1.513310867E1,1.010762453E0,5.424374938E-1,-6.723749638E-2,1.149086616E0
1.513561351E1,9.424250126E-1,5.252500176E-1,-8.676250279E-2,1.082395592E0
1.513811789E1,8.751875162E-1,5.044875145E-1,-1.051874980E-1,1.015640316E0
1.514062250E1,8.129000068E-1,4.849624932E-1,-1.247124970E-1,9.547503588E-1
1.514312712E1,7.493749857E-1,4.666749835E-1,-1.405249983E-1,8.939215204E-1
1.514563289E1,6.883249879E-1,4.482499957E-1,-1.564749926E-1,8.361840533E-1
1.514813658E1,6.308500171E-1,4.263874888E-1,-1.687124968E-1,7.798986737E-1
1.515064120E1,5.770875216E-1,4.092000127E-1,-1.809500009E-1,7.302174750E-1
1.515314581E1,5.257999897E-1,3.944875002E-1,-1.907124966E-1,6.844393862E-1
1.515565043E1,4.769875109E-1,3.847250044E-1,-1.992374957E-1,6.443803180E-1
1.515815504E1,4.280374944E-1,3.859624863E-1,-2.040500045E-1,6.114078359E-1
1.516065973E1,3.827999830E-1,3.944875002E-1,-2.052875012E-1,5.867701194E-1
1.516316459E1,3.400374949E-1,4.067249894E-1,-2.017125040E-1,5.672201065E-1
1.516567013E1,2.985124886E-1,4.263874888E-1,-1.918125004E-1,5.547143696E-1
1.516817383E1,2.569875121E-1,4.482499957E-1,-1.784749925E-1,5.466479333E-1
1.517067844E1,2.204124928E-1,4.702500105E-1,-1.589500010E-1,5.431223086E-1
1.517318306E1,1.836999953E-1,4.910124838E-1,-1.357125044E-1,5.415319302E-1
1.517568744E1,1.446499974E-1,5.106750131E-1,-1.099999994E-1,5.420448234E-1
1.517819206E1,1.079374999E-1,5.277249813E-1,-8.442500234E-2,5.452263207E-1
1.518069690E1,7.136250287E-2,5.411999822E-1,-5.499999970E-2,5.486483641E-1
1.518320152E1,3.836249933E-2,5.534374714E-1,-2.447500080E-2,5.553050889E-1
1.518570713E1,5.362499971E-3,5.631999969E-1,7.287499961E-3,5.632726699E-1
1.518821075E1,-2.392499894E-2,5.607249737E-1,3.781250119E-2,5.625074994E-1
1.519071544E1,4.124999978E-4,2.809124887E-1,-1.966249943E-2,2.816000894E-1
1.519322006E1,3.588749841E-2,-2.474999987E-3,-1.259499937E-1,1.309864080E-1
1.519572490E1,4.441250116E-2,-3.547500074E-2,-1.955250055E-1,2.036196791E-1
1.519822951E1,6.036249921E-2,-3.712499980E-3,-2.590500116E-1,2.660156433E-1
1.520073390E1,9.088750184E-2,6.957499683E-2,-3.275249898E-1,3.469493294E-1
1.520323874E1,1.361249983E-1,1.905750036E-1,-3.825249970E-1,4.485244926E-1
1.520574428E1,1.947000027E-1,3.176249862E-1,-4.142875075E-1,5.571605350E-1
1.520824798E1,2.644124925E-1,4.019125104E-1,-4.288625121E-1,6.444925806E-1
1.521075259E1,3.352249861E-1,4.141499996E-1,-4.288625121E-1,6.839730022E-1
1.521325720E1,4.024625123E-1,3.529624939E-1,-4.263874888E-1,6.843718920E-1
1.521576190E1,4.610374868E-1,2.443374991E-1,-4.203374982E-1,6.700298427E-1
1.521826652E1,5.075125098E-1,1.050499976E-1,-4.166249931E-1,6.649667920E-1
1.522077114E1,5.440874696E-1,-3.299999982E-2,-4.203374982E-1,6.883340664E-1
1.522327576E1,5.795624852E-1,-1.442375034E-1,-4.313375056E-1,7.367151250E-1
1.522578152E1,6.100875139E-1,-2.162874937E-1,-4.545750022E-1,7.909649090E-1
1.522828498E1,6.393749714E-1,-2.517625093E-1,-4.838624895E-1,8.404210991E-1
1.523078960E1,6.663249731E-1,-2.432374954E-1,-5.205749869E-1,8.798589466E-1
1.523329421E1,6.870874763E-1,-2.040500045E-1,-5.596249700E-1,9.093435607E-1
1.523579906E1,7.090874910E-1,-1.502874941E-1,-5.974375010E-1,9.393204822E-1
1.523830368E1,7.310875058E-1,-9.418749809E-2,-6.366249919E-1,9.739874775E-1
1.524080830E1,7.543249726E-1,-5.018749833E-2,-6.744375229E-1,1.013109531E0
1.524331291E1,7.774249911E-1,-6.187499966E-3,-7.074375153E-1,1.051140209E0
1.524581853E1,7.981874943E-1,4.757500067E-2,-7.294374704E-1,1.082333442E0
1.524832225E1,8.166124821E-1,1.220999956E-1,-7.342500091E-1,1.104937750E0
1.525082709E1,8.349000216E-1,2.015749961E-1,-7.244874835E-1,1.123642576E0
1.525333171E1,8.496124744E-1,2.773374915E-1,-7.024874687E-1,1.136770023E0
1.525583633E1,8.629499674E-1,3.334375024E-1,-6.683874726E-1,1.141317234E0
1.525834094E1,8.739500046E-1,3.651999831E-1,-6.304374933E-1,1.137809769E0
1.526084556E1,8.824750185E-1,3.811500072E-1,-5.876749754E-1,1.126676246E0
1.526335017E1,8.861874938E-1,3.896749914E-1,-5.413374901E-1,1.109153349E0
1.526585579E1,8.849499822E-1,3.994374871E-1,-4.911499918E-1,1.088078624E0
1.526835948E1,8.751875162E-1,4.092000127E-1,-4.362874925E-1,1.060068212E0
1.527086411E1,8.666625023E-1,4.129124880E-1,-3.800500035E-1,1.032491463E0
1.527336872E1,8.519499898E-1,4.251500070E-1,-3.190000057E-1,1.004157516E0
1.527587334E1,8.311874866E-1,4.519625008E-1,-2.554749846E-1,9.800052081E-1
1.527837796E1,8.079500198E-1,4.764375091E-1,-1.882375032E-1,9.566657160E-1
1.528088258E1,7.908999920E-1,4.910124838E-1,-1.209999993E-1,9.387529262E-1
1.528338743E1,7.701374888E-1,5.009124875E-1,-5.266249925E-2,9.202165021E-1
1.528589297E1,7.506124973E-1,5.179625154E-1,1.209999993E-2,9.120584951E-1
1.528839666E1,7.310875058E-1,5.314375162E-1,7.686249912E-2,9.070957053E-1
1.529090126E1,7.103250027E-1,5.277249813E-1,1.380500048E-1,8.956076536E-1
1.529340588E1,6.943749785E-1,5.130124688E-1,1.941500008E-1,8.848913079E-1
1.529591049E1,6.821374893E-1,4.959625006E-1,2.466749996E-1,8.787143516E-1
1.529841511E1,6.699000001E-1,4.800125062E-1,2.968625128E-1,8.759596839E-1
1.530091974E1,6.675624847E-1,4.592500031E-1,3.419624865E-1,8.794819944E-1
1.530342435E1,6.687999964E-1,4.397250116E-1,3.834874928E-1,8.875326350E-1
1.530592997E1,6.699000001E-1,4.409624934E-1,4.201999903E-1,9.054181148E-1
1.530843366E1,6.773250103E-1,4.422000051E-1,4.531999826E-1,9.272002148E-1
1.531093852E1,6.846125126E-1,4.446749985E-1,4.812499881E-1,9.476453439E-1
1.531344313E1,6.943749785E-1,4.482499957E-1,5.044875145E-1,9.682935101E-1
1.531594775E1,7.005624771E-1,4.544374943E-1,5.227749944E-1,9.851877564E-1
1.531845236E1,7.028999925E-1,4.629625082E-1,5.411999822E-1,1.000649841E0
1.532095698E1,7.016624808E-1,4.751999974E-1,5.545374751E-1,1.012747296E0
1.532346158E1,6.956124902E-1,4.899125099E-1,5.680124760E-1,1.023000086E0
1.532596743E1,6.870874763E-1,5.044875145E-1,5.802500248E-1,1.031158059E0
1.532847081E1,6.736124754E-1,5.117750168E-1,5.912500024E-1,1.032106584E0
1.533097542E1,6.578000188E-1,5.130124688E-1,6.010124683E-1,1.028153026E0
1.533348004E1,6.370375156E-1,5.130124688E-1,6.082999706E-1,1.019326956E0
1.533598473E1,6.162750125E-1,4.996750057E-1,6.168249846E-1,1.004959235E0
1.533848935E1,5.893250108E-1,4.947249889E-1,6.230124831E-1,9.900511790E-1
1.534099419E1,5.575624704E-1,4.874374866E-1,6.254875064E-1,9.693842543E-1
1.534349857E1,5.257999897E-1,4.800125062E-1,6.230124831E-1,9.460561238E-1
1.534600441E1,4.879874885E-1,4.714874923E-1,6.180624962E-1,9.178417584E-1
1.534850803E1,4.512749910E-1,4.604874849E-1,6.107749939E-1,8.881125686E-1
1.535101264E1,4.122250080E-1,4.494875073E-1,6.034874916E-1,8.580009493E-1
1.535351726E1,3.694624901E-1,4.384875000E-1,5.937250257E-1,8.253988280E-1
1.535602187E1,3.254624903E-1,4.263874888E-1,5.827249885E-1,7.920230650E-1
1.535852649E1,2.814624906E-1,4.104374945E-1,5.704874992E-1,7.570574993E-1
1.536103118E1,2.362249941E-1,3.933874965E-1,5.570124984E-1,7.216778322E-1
1.536353573E1,1.898874938E-1,3.737249970E-1,5.411999822E-1,6.845619435E-1
1.536604157E1,1.446499974E-1,3.542000055E-1,5.252500176E-1,6.498221654E-1
1.536854504E1,1.043625027E-1,3.321999907E-1,5.081999898E-1,6.160483710E-1
1.537104988E1,6.393750012E-2,3.091000021E-1,4.910124838E-1,5.837157480E-1
1.537355450E1,2.859999985E-2,2.870999873E-1,4.739624858E-1,5.548736799E-1
1.537605917E1,-3.162499983E-3,2.663374841E-1,4.592500031E-1,5.309013300E-1
1.537856386E1,-2.887500077E-2,2.443374991E-1,4.470124841E-1,5.102496841E-1
1.538106840E1,-4.716249928E-2,2.259124964E-1,4.409624934E-1,4.977034036E-1
1.538357302E1,-6.063750014E-2,2.028124928E-1,4.372499883E-1,4.857956010E-1
1.538607862E1,-7.163749635E-2,1.808124930E-1,4.384875000E-1,4.796836208E-1
1.538858224E1,-7.287500054E-2,1.636250019E-1,4.409624934E-1,4.759535981E-1
1.539108685E1,-7.039999962E-2,1.501500010E-1,4.446749985E-1,4.745914423E-1
1.539359155E1,-6.435000151E-2,1.380500048E-1,4.459125102E-1,4.712076965E-1
1.539609616E1,-5.692499876E-2,1.293874979E-1,4.459125102E-1,4.677815161E-1
1.539860077E1,-4.468749836E-2,1.208624989E-1,4.434374869E-1,4.617808148E-1
1.540110538E1,-3.368749842E-2,1.123374999E-1,4.409624934E-1,4.562921016E-1
1.540361023E1,-2.034999989E-2,1.062875018E-1,4.360125065E-1,4.492416514E-1
1.540611577E1,-9.349999949E-3,9.762500226E-2,4.324375093E-1,4.434188348E-1
1.540861946E1,2.887499984E-3,8.786249906E-2,4.226749837E-1,4.317201620E-1
1.541112407E1,1.512499992E-2,7.686249912E-2,4.129124880E-1,4.202776845E-1
1.541362869E1,2.736249939E-2,6.228749827E-2,4.031499922E-1,4.088500398E-1
1.541613330E1,3.959999979E-2,5.128749833E-2,3.944875002E-1,3.997736300E-1
1.541863790E1,5.183750018E-2,4.386249930E-2,3.871999979E-1,3.931092515E-1
1.542114259E1,6.517499685E-2,4.152499884E-2,3.811500072E-1,3.889054304E-1
1.542364721E1,7.617499679E-2,3.533750027E-2,3.774375021E-1,3.866657951E-1
1.542615298E1,8.470000327E-2,3.409999982E-2,3.774375021E-1,3.883245660E-1
1.542865644E1,9.336250275E-2,3.657500073E-2,3.799124956E-1,3.929221194E-1
1.543116130E1,1.031249985E-1,4.152499884E-2,3.847250044E-1,4.004652543E-1
1.543366592E1,1.116499975E-1,4.509999976E-2,3.896749914E-1,4.078557721E-1
1.543617061E1,1.201749966E-1,4.881250113E-2,3.933874965E-1,4.142202463E-1
1.543867515E1,1.299374998E-1,5.252499878E-2,3.969624937E-1,4.209772568E-1
1.544117976E1,1.361249983E-1,5.857500061E-2,4.006749988E-1,4.272019435E-1
1.544368438E1,1.409374923E-1,6.586249918E-2,4.042499959E-1,4.331504412E-1
1.544618999E1,1.471250057E-1,7.204999775E-2,4.079625010E-1,4.396252629E-1
1.544869361E1,1.544124931E-1,7.933750004E-2,4.129124880E-1,4.479222920E-1
1.545119830E1,1.629374921E-1,8.552499861E-2,4.189625084E-1,4.575945096E-1
1.545370292E1,1.714625061E-1,9.528750181E-2,4.262500107E-1,4.692208122E-1
1.545620753E1,1.836999953E-1,1.050499976E-1,4.336749911E-1,4.825507105E-1
1.545871238E1,1.959374994E-1,1.148125008E-1,4.422000051E-1,4.971058826E-1
1.546121675E1,2.118874937E-1,1.245749965E-1,4.482499957E-1,5.112174668E-1
1.546372160E1,2.264624983E-1,1.403875053E-1,4.531999826E-1,5.257224924E-1
1.546622714E1,2.424124926E-1,1.551000029E-1,4.569124877E-1,5.399896748E-1
1.546873083E1,2.569875121E-1,1.698125005E-1,4.604874849E-1,5.540104606E-1
1.547123545E1,2.729375064E-1,1.831499934E-1,4.604874849E-1,5.657627827E-1
1.547374006E1,2.864125073E-1,1.978625059E-1,4.629625082E-1,5.792374121E-1
1.547624468E1,2.997500002E-1,2.100999951E-1,4.654375017E-1,5.921352367E-1
1.547874960E1,3.132250011E-1,2.235749960E-1,4.677749872E-1,6.057302360E-1
1.548125422E1,3.242250085E-1,2.333374918E-1,4.690124989E-1,6.160689615E-1
1.548375883E1,3.339875042E-1,2.418625057E-1,4.727250040E-1,6.273069855E-1
1.548626445E1,3.449875116E-1,2.491499931E-1,4.764375091E-1,6.388151550E-1
1.548876806E1,3.547500074E-1,2.576749921E-1,4.837250113E-1,6.528658789E-1
1.549127275E1,3.657499850E-1,2.651000023E-1,4.934875071E-1,6.690149344E-1
1.549377738E1,3.804624975E-1,2.663374841E-1,5.057250261E-1,6.866186492E-1
1.549628192E1,3.962749839E-1,2.651000023E-1,5.191999674E-1,7.048974962E-1
1.549878653E1,4.145624936E-1,2.613874972E-1,5.314375162E-1,7.229186112E-1
1.550129115E1,4.390375018E-1,2.553375065E-1,5.422999859E-1,7.429942429E-1
1.550379578E1,4.622749984E-1,2.491499931E-1,5.522000194E-1,7.620359274E-1
1.550630139E1,4.855124950E-1,2.466749996E-1,5.582500100E-1,7.798807678E-1
1.550880501E1,5.099874735E-1,2.503874898E-1,5.655375123E-1,8.016319579E-1
1.551130970E1,5.368000269E-1,2.479124963E-1,5.667750239E-1,8.190536017E-1
1.551381433E1,5.612750053E-1,2.406249940E-1,5.680124760E-1,8.340073095E-1
1.551631894E1,5.880874991E-1,2.345750034E-1,5.655375123E-1,8.489434708E-1
1.551882379E1,6.113250256E-1,2.223374993E-1,5.607249737E-1,8.588158979E-1
1.552132841E1,6.345624924E-1,2.063875049E-1,5.557749867E-1,8.684187900E-1
1.552383302E1,6.553249955E-1,1.953874975E-1,5.460125208E-1,8.750753092E-1
1.552633863E1,6.736124754E-1,1.941500008E-1,5.277249813E-1,8.774631877E-1
1.552884225E1,6.908000112E-1,2.015749961E-1,4.922499955E-1,8.718642053E-1
1.553134686E1,7.090874910E-1,2.125750035E-1,4.384875000E-1,8.603862445E-1
1.553385147E1,7.273749709E-1,2.503874898E-1,3.859624863E-1,8.606597958E-1
1.553635617E1,7.396125197E-1,3.224374950E-1,3.456749916E-1,8.777720760E-1
1.553886077E1,7.653250098E-1,3.726249933E-1,3.102000058E-1,9.059778142E-1
1.554136562E1,8.043749928E-1,3.554374874E-1,2.626250088E-1,9.177836520E-1
1.554387024E1,8.458999991E-1,2.601499856E-1,1.843875051E-1,9.040041900E-1
1.554637585E1,8.716124892E-1,2.136749923E-1,1.171500012E-1,9.050356106E-1
1.554887942E1,8.849499822E-1,2.246749997E-1,7.204999775E-2,9.158638155E-1
1.555138403E1,8.934749961E-1,2.686749995E-1,4.633750021E-2,9.341471982E-1
1.555388865E1,9.009000063E-1,3.188624978E-1,3.052499890E-2,9.561516038E-1
1.555639334E1,9.057124853E-1,3.627249897E-1,2.557500079E-2,9.759808425E-1
1.555889788E1,9.131374955E-1,3.969624937E-1,2.681249939E-2,9.960513125E-1
1.556140249E1,9.167125225E-1,4.311999977E-1,3.657500073E-2,1.013722357E0
1.556390719E1,9.118999839E-1,4.592500031E-1,4.881250113E-2,1.022181396E0
1.556641295E1,9.021375179E-1,4.837250113E-1,6.833750010E-2,1.025920076E0
1.556891642E1,8.849499822E-1,5.020124912E-1,9.528750181E-2,1.021877057E0
1.557142104E1,8.629499674E-1,5.117750168E-1,1.220999956E-1,1.010695168E0
1.557392566E1,8.386124969E-1,5.117750168E-1,1.501500010E-1,9.938458686E-1
1.557643050E1,8.166124821E-1,5.020124912E-1,1.783374995E-1,9.750265386E-1
1.557893512E1,7.921375036E-1,4.886749983E-1,2.026749998E-1,9.525556331E-1
1.558143974E1,7.664250135E-1,4.641999900E-1,2.246749997E-1,9.237790794E-1
1.558394442E1,7.371374965E-1,4.372499883E-1,2.454375029E-1,8.915148954E-1
1.558644995E1,7.041375041E-1,4.164874852E-1,2.651000023E-1,8.599706165E-1
1.558895365E1,6.650875211E-1,3.957250118E-1,2.833875120E-1,8.241651398E-1
1.559145826E1,6.260374784E-1,3.737249970E-1,2.991999984E-1,7.881078206E-1
1.559396290E1,5.845124722E-1,3.456749916E-1,3.114374876E-1,7.470872363E-1
1.559646751E1,5.405125022E-1,3.176249862E-1,3.224374950E-1,7.049860531E-1
1.559897236E1,4.940375090E-1,2.870999873E-1,3.297249973E-1,6.597105705E-1
1.560147675E1,4.487999976E-1,2.601499856E-1,3.321999907E-1,6.160002327E-1
1.560398136E1,4.036999941E-1,2.356749922E-1,3.309625089E-1,5.727587358E-1
1.560648713E1,3.609375060E-1,2.100999951E-1,3.249124885E-1,5.291370487E-1
1.560899082E1,3.181749880E-1,1.856250018E-1,3.139125109E-1,4.839762688E-1
1.561149551E1,2.789874971E-1,1.588124931E-1,2.968625128E-1,4.372445346E-1
1.561400013E1,2.399374992E-1,1.368124932E-1,2.771999836E-1,3.913150811E-1
1.561650474E1,2.081750035E-1,1.183874980E-1,2.551999986E-1,3.499706717E-1
1.561900935E1,1.788875014E-1,1.038125008E-1,2.333374918E-1,3.118078872E-1
1.562151389E1,1.519374996E-1,9.762500226E-2,2.136749923E-1,2.797724919E-1
1.562401858E1,1.299374998E-1,1.013374999E-1,1.953874975E-1,2.555960034E-1
1.562652435E1,1.128875017E-1,1.135749966E-1,1.819124967E-1,2.423530985E-1
1.562902782E1,1.006499976E-1,1.293874979E-1,1.709125042E-1,2.368177162E-1
1.563153266E1,9.088750184E-2,1.526249945E-1,1.623875052E-1,2.406753597E-1
1.563403728E1,8.359999955E-2,1.771000028E-1,1.551000029E-1,2.498186979E-1
1.563654189E1,7.617499679E-2,1.978625059E-1,1.489125043E-1,2.590890490E-1
1.563904652E1,7.136250287E-2,2.186249942E-1,1.440999955E-1,2.713932637E-1
1.564155114E1,6.641250104E-2,2.356749922E-1,1.391499937E-1,2.816310405E-1
1.564405575E1,6.283749640E-2,2.491499931E-1,1.368124932E-1,2.911046690E-1
1.564656137E1,5.664999783E-2,2.651000023E-1,1.343374997E-1,3.025455293E-1
1.564906498E1,5.293750018E-2,2.736249864E-1,1.293874979E-1,3.072688346E-1
1.565156968E1,5.059999973E-2,2.809124887E-1,1.281500012E-1,3.128811421E-1
1.565407429E1,4.936249927E-2,2.809124887E-1,1.270499974E-1,3.122341821E-1
1.565657914E1,4.812499881E-2,2.796750069E-1,1.281500012E-1,3.113784639E-1
1.565908375E1,4.936249927E-2,2.748624980E-1,1.306249946E-1,3.083000785E-1
1.566158814E1,5.183750018E-2,2.674374878E-1,1.343374997E-1,3.037375515E-1
1.566409298E1,5.541250110E-2,2.601499856E-1,1.391499937E-1,3.001854110E-1
1.566659852E1,5.912499875E-2,2.553375065E-1,1.428624988E-1,2.985007559E-1
1.566910222E1,6.283749640E-2,2.479124963E-1,1.440999955E-1,2.935540248E-1
1.567160691E1,6.888750196E-2,2.381500006E-1,1.465750039E-1,2.880019834E-1
1.567411153E1,7.617499679E-2,2.308624983E-1,1.478125006E-1,2.845147774E-1
1.567661614E1,8.593750000E-2,2.246749997E-1,1.478125006E-1,2.823342784E-1
1.567912068E1,9.693749994E-2,2.173874974E-1,1.465750039E-1,2.795325289E-1
1.568162537E1,1.091749966E-1,2.100999951E-1,1.428624988E-1,2.765336894E-1
1.568412998E1,1.214125007E-1,2.076250017E-1,1.368124932E-1,2.767070562E-1
1.568663583E1,1.336500049E-1,2.028124928E-1,1.258125007E-1,2.735397894E-1
1.568913945E1,1.458874941E-1,2.028124928E-1,1.123374999E-1,2.739265998E-1
1.569164414E1,1.581249982E-1,2.063875049E-1,9.528750181E-2,2.769097782E-1
1.569414868E1,1.666499972E-1,2.136749923E-1,7.438749820E-2,2.810030673E-1
1.569665329E1,1.751749963E-1,2.235749960E-1,5.128749833E-2,2.886216652E-1
1.569915791E1,1.836999953E-1,2.356749922E-1,2.309999987E-2,2.997031869E-1
1.570166252E1,1.922249943E-1,2.479124963E-1,-7.424999960E-3,3.137932200E-1
1.570416715E1,1.984124929E-1,2.589125037E-1,-4.399999976E-2,3.291492092E-1
1.570667299E1,2.081750035E-1,2.686749995E-1,-8.923749626E-2,3.514063434E-1
1.570917646E1,2.191749960E-1,2.821500003E-1,-1.467124969E-1,3.862264340E-1
1.571168130E1,2.289374918E-1,3.016749918E-1,-2.052875012E-1,4.307703959E-1
1.571418567E1,2.411749959E-1,3.309625089E-1,-2.565749884E-1,4.832517828E-1
1.571669028E1,2.631750107E-1,3.639625013E-1,-3.140499890E-1,5.480485236E-1
1.571919490E1,2.961750031E-1,4.116750062E-1,-3.800500035E-1,6.337459651E-1
1.572169975E1,3.339875042E-1,4.592500031E-1,-4.471499920E-1,7.227733626E-1
1.572420436E1,3.792249858E-1,5.142499804E-1,-5.108125210E-1,8.180428252E-1
1.572670997E1,4.219875038E-1,5.631999969E-1,-5.706250072E-1,9.060246071E-1
1.572921358E1,4.635125101E-1,6.193000078E-1,-6.243875027E-1,9.941006489E-1
1.573171828E1,5.025625229E-1,6.902499795E-1,-6.719624996E-1,1.086530131E0
1.573422289E1,5.405125022E-1,7.635374665E-1,-7.147250175E-1,1.177274428E0
1.573672774E1,5.770875216E-1,8.343499899E-1,-7.551500201E-1,1.264682358E0
1.573923206E1,6.113250256E-1,9.076374769E-1,-7.929624915E-1,1.351411702E0
1.574173675E1,6.480374932E-1,9.785875082E-1,-8.307750225E-1,1.437975397E0
1.574424137E1,6.821374893E-1,1.046924949E0,-8.687250018E-1,1.521856278E0
1.574674714E1,7.188500166E-1,1.115399957E0,-9.029625058E-1,1.605055668E0
1.574925082E1,7.518500090E-1,1.180162549E0,-9.347249866E-1,1.682787235E0
1.575175543E1,7.799000144E-1,1.226500034E0,-9.640125036E-1,1.744094743E0
1.575426005E1,8.018999696E-1,1.258262515E0,-9.860125184E-1,1.788431940E0
1.575676466E1,8.201875091E-1,1.293737531E0,-1.006775022E0,1.833046724E0
1.575926929E1,8.398500085E-1,1.323024988E0,-1.028774977E0,1.874598919E0
1.576177398E1,8.556625247E-1,1.337737441E0,-1.045825005E0,1.901433606E0
1.576427860E1,8.679000139E-1,1.335262537E0,-1.063012481E0,1.914725048E0
1.576678437E1,8.788999915E-1,1.323024988E0,-1.077587485E0,1.919389253E0
1.576928782E1,8.874250054E-1,1.302262545E0,-1.091062546E0,1.916723338E0
1.577179243E1,8.947125077E-1,1.272974968E0,-1.102062464E0,1.906703284E0
1.577429704E1,8.996624947E-1,1.238737464E0,-1.108112454E0,1.889914369E0
1.577680189E1,9.033749700E-1,1.200924993E0,-1.114300013E0,1.870821128E0
1.577930652E1,9.033749700E-1,1.159399986E0,-1.115537524E0,1.845187967E0
1.578181114E1,9.009000063E-1,1.118975043E0,-1.116775036E0,1.819591286E0
1.578431575E1,8.947125077E-1,1.073874950E0,-1.116775036E0,1.789107141E0
1.578682137E1,8.727124929E-1,1.044450045E0,-1.110587478E0,1.756675137E0
1.578932499E1,8.434249759E-1,1.026162505E0,-1.100824952E0,1.725163978E0
1.579182968E1,8.104249835E-1,1.007874966E0,-1.087350011E0,1.689654002E0
1.579433430E1,7.799000144E-1,9.833999872E-1,-1.076349974E0,1.653435464E0
1.579683892E1,7.456625104E-1,9.711624980E-1,-1.060537457E0,1.619848411E0
1.579934353E1,7.103250027E-1,9.688249826E-1,-1.039775014E0,1.588809471E0
1.580184839E1,6.773250103E-1,9.675874710E-1,-1.017774940E0,1.559121711E0
1.580435278E1,6.393749714E-1,9.761124849E-1,-9.908249974E-1,1.530793949E0
1.580685854E1,6.040375233E-1,9.981124997E-1,-9.590625167E-1,1.510261832E0
1.580936201E1,5.660874844E-1,1.029875040E0,-9.237250090E-1,1.494779425E0
1.581186687E1,5.270375013E-1,1.054212451E0,-8.870124817E-1,1.475101204E0
1.581437148E1,4.915624857E-1,1.076212525E0,-8.479624987E-1,1.455646755E0
1.581687610E1,4.585624933E-1,1.100687504E0,-8.039624691E-1,1.438105766E0
1.581938079E1,4.292750061E-1,1.131212473E0,-7.526749969E-1,1.424934504E0
1.582188541E1,3.987500072E-1,1.165449977E0,-6.951999664E-1,1.414417976E0
1.582439002E1,3.767499924E-1,1.193500042E0,-6.353874803E-1,1.403602564E0
1.582689579E1,3.522749841E-1,1.225262523E0,-5.669124722E-1,1.395261863E0
1.582939925E1,3.364624977E-1,1.249737501E0,-4.948624969E-1,1.385618896E0
1.583190386E1,3.254624903E-1,1.264449954E0,-4.190999866E-1,1.371278352E0
1.583440871E1,3.144625127E-1,1.274212480E0,-3.445749879E-1,1.356921530E0
1.583691333E1,3.082749844E-1,1.276687503E0,-2.712875009E-1,1.341104528E0
1.583941794E1,3.046999872E-1,1.274212480E0,-2.004749924E-1,1.325386641E0
1.584192256E1,2.985124886E-1,1.263212442E0,-1.307625026E-1,1.304574342E0
1.584442717E1,2.949374914E-1,1.241212487E0,-6.242499873E-2,1.277299277E0
1.584693279E1,2.924624979E-1,1.211925030E0,2.337499987E-3,1.246716509E0
1.584943648E1,2.887499928E-1,1.176450014E0,6.352499872E-2,1.213031994E0
1.585194110E1,2.814624906E-1,1.129974961E0,1.233374998E-1,1.171015237E0
1.585444594E1,2.729375064E-1,1.081162453E0,1.808124930E-1,1.129646090E0
1.585695056E1,2.644124925E-1,1.024924994E0,2.333374918E-1,1.083896487E0
1.585945494E1,2.509374917E-1,9.638749957E-1,2.796750069E-1,1.034525370E0
1.586195955E1,2.374625057E-1,9.063999653E-1,3.188624978E-1,9.897588753E-1
1.586446440E1,2.228875011E-1,8.428750038E-1,3.481499851E-1,9.387893919E-1
1.586696993E1,2.081750035E-1,7.842999697E-1,3.689124882E-1,8.913807820E-1
1.586947363E1,1.947000027E-1,7.305374742E-1,3.823874891E-1,8.472386228E-1
1.587197832E1,1.849374920E-1,6.828249693E-1,3.871999979E-1,8.064587113E-1
1.587448294E1,1.739374995E-1,6.425374746E-1,3.847250044E-1,7.688445806E-1
1.587698755E1,1.654125005E-1,6.095374823E-1,3.761999905E-1,7.351351376E-1
1.587949209E1,1.604624987E-1,5.839625001E-1,3.603875041E-1,7.047265910E-1
1.588199678E1,1.581249982E-1,5.619624853E-1,3.407250047E-1,6.759429553E-1
1.588450132E1,1.556500047E-1,5.460125208E-1,3.188624978E-1,6.511757745E-1
1.588700717E1,1.531749964E-1,5.399624705E-1,2.979624867E-1,6.354555001E-1
1.588951063E1,1.507000029E-1,5.326749682E-1,2.784374952E-1,6.196616427E-1
1.589201548E1,1.483625025E-1,5.252500176E-1,2.613874972E-1,6.051631490E-1
1.589452009E1,1.446499974E-1,5.227749944E-1,2.443374991E-1,5.949101865E-1
1.589702478E1,1.434125006E-1,5.204374790E-1,2.308624983E-1,5.871284425E-1
1.589952933E1,1.434125006E-1,5.227749944E-1,2.211000025E-1,5.854451735E-1
1.590203402E1,1.446499974E-1,5.314375162E-1,2.136749923E-1,5.907676851E-1
1.590453864E1,1.458874941E-1,5.460125208E-1,2.149125040E-1,6.046488387E-1
1.590704441E1,1.471250057E-1,5.522000194E-1,2.211000025E-1,6.127445143E-1
1.590954780E1,1.471250057E-1,5.509625077E-1,2.296250015E-1,6.147626319E-1
1.591205272E1,1.396999955E-1,5.435374975E-1,2.381500006E-1,6.096429469E-1
1.591455735E1,1.287000030E-1,5.337749720E-1,2.406249940E-1,5.994829432E-1
1.591706196E1,1.141249985E-1,5.154874921E-1,2.443374991E-1,5.817668633E-1
1.591956635E1,9.941250086E-2,4.849624932E-1,2.491499931E-1,5.542086107E-1
1.592207096E1,7.988750190E-2,4.446749985E-1,2.589125037E-1,5.207240650E-1
1.592457581E1,5.541250110E-2,4.043875039E-1,2.662000060E-1,4.873009766E-1
1.592708142E1,3.217500076E-2,3.579125106E-1,2.736249864E-1,4.516715943E-1
1.592958512E1,4.124999978E-3,3.091000021E-1,2.784374952E-1,4.160375772E-1
1.593208973E1,-2.516249940E-2,2.711499929E-1,2.809124887E-1,3.912381581E-1
1.593459427E1,-5.816249922E-2,2.418625057E-1,2.711499929E-1,3.679710133E-1
1.593709889E1,-8.744999766E-2,2.136749923E-1,2.491499931E-1,3.396766455E-1
1.593960358E1,-1.119249985E-1,1.831499934E-1,2.223374993E-1,3.090389764E-1
1.594210812E1,-1.302125007E-1,1.588124931E-1,1.953874975E-1,2.834660077E-1
1.594461281E1,-1.436875015E-1,1.513874978E-1,1.673374921E-1,2.675184271E-1
1.594711858E1,-1.534499973E-1,1.588124931E-1,1.391499937E-1,2.610192146E-1
1.594962227E1,-1.619749963E-1,1.771000028E-1,1.148125008E-1,2.660492826E-1
1.595212688E1,-1.681624949E-1,1.978625059E-1,9.157499671E-2,2.753437415E-1
1.595463150E1,-1.729750037E-1,2.211000025E-1,7.328750193E-2,2.901320750E-1
1.595713612E1,-1.779250056E-1,2.454375029E-1,6.104999781E-2,3.092312689E-1
1.595964070E1,-1.815000027E-1,2.699125111E-1,5.252499878E-2,3.294751738E-1
1.596214532E1,-1.815000027E-1,3.053874969E-1,4.262499884E-2,3.577997552E-1
1.596465024E1,-1.766874939E-1,3.591499925E-1,2.076249942E-2,4.007970421E-1
1.596715578E1,-1.619749963E-1,4.092000127E-1,4.812499974E-3,4.401178365E-1
1.596965924E1,-1.449249983E-1,4.604874849E-1,-9.899999946E-3,4.828560747E-1
1.597216408E1,-1.229249984E-1,5.081999898E-1,-2.694999985E-2,5.235495080E-1
1.597466870E1,-9.487500042E-2,5.557749867E-1,-4.166249931E-2,5.653519837E-1
1.597717331E1,-6.311249733E-2,6.070625186E-1,-5.623750016E-2,6.129198522E-1
1.597967770E1,-3.368749842E-2,6.645374894E-1,-6.366249919E-2,6.684293801E-1
1.598218252E1,-5.637499969E-3,7.170624733E-1,-6.723749638E-2,7.202300000E-1
1.598468722E1,2.117500082E-2,7.660124898E-1,-6.723749638E-2,7.692492419E-1
1.598719276E1,4.564999789E-2,8.135874867E-1,-6.242499873E-2,8.172547959E-1
1.598969637E1,6.764999777E-2,8.538749814E-1,-5.142499879E-2,8.580929650E-1
1.599220097E1,8.717499673E-2,8.856375217E-1,-3.547500074E-2,8.906243741E-1
1.599470559E1,9.941250086E-2,9.101125002E-1,-1.223750040E-2,9.156076478E-1
1.599721028E1,1.116499975E-1,9.333499670E-1,1.457499992E-2,9.401171807E-1
1.599971490E1,1.176999956E-1,9.468249679E-1,4.262499884E-2,9.550642383E-1
1.600221974E1,1.201749966E-1,9.578250051E-1,7.204999775E-2,9.680196136E-1
1.600472435E1,1.176999956E-1,9.663500190E-1,1.013374999E-1,9.787517239E-1
1.600722996E1,1.104125008E-1,9.724000096E-1,1.306249946E-1,9.873274980E-1
1.600973358E1,1.018875018E-1,9.748749733E-1,1.538625062E-1,9.921874558E-1
1.601223819E1,9.336250275E-2,9.688249826E-1,1.758625060E-1,9.890733163E-1
1.601474281E1,8.470000327E-2,9.638749957E-1,1.929125041E-1,9.866328254E-1
1.601724742E1,7.864999771E-2,9.578250051E-1,2.063875049E-1,9.829600015E-1
1.601975204E1,7.617499679E-2,9.553499818E-1,2.173874974E-1,9.827276031E-1
1.602225666E1,7.259999961E-2,9.541124701E-1,2.223374993E-1,9.823621172E-1
1.602476134E1,7.383749634E-2,9.578250051E-1,2.246749997E-1,9.865898700E-1
1.602726688E1,7.617499679E-2,9.638749957E-1,2.259124964E-1,9.929219977E-1
1.602977081E1,7.617499679E-2,9.711624980E-1,2.234375030E-1,9.994416168E-1
1.603227542E1,7.493750006E-2,9.833999872E-1,2.223374993E-1,1.011002041E0
1.603478003E1,7.493750006E-2,9.968749881E-1,2.198625058E-1,1.023579451E0
1.603728465E1,7.617499679E-2,1.012687445E0,2.186249942E-1,1.038814410E0
1.603978926E1,7.988750190E-2,1.029875040E0,2.149125040E-1,1.055088620E0
1.604229396E1,8.112499863E-2,1.064112544E0,2.100999951E-1,1.087685055E0
1.604479850E1,8.717499673E-2,1.105637550E0,2.015749961E-1,1.127238374E0
1.604730411E1,9.693749994E-2,1.147162437E0,1.905750036E-1,1.166917893E0
1.604980772E1,1.079374999E-1,1.188687444E0,1.795749962E-1,1.207010987E0
1.605231242E1,1.238875017E-1,1.233924985E0,1.660999954E-1,1.251202697E0
1.605481703E1,1.409374923E-1,1.275449991E0,1.513874978E-1,1.292112314E0
1.605732165E1,1.641750038E-1,1.318212509E0,1.331000030E-1,1.335048037E0
1.605982626E1,1.874125004E-1,1.358500004E0,1.135749966E-1,1.376061403E0
1.606233088E1,2.129874974E-1,1.390262485E0,9.638749808E-2,1.409781543E0
1.606483549E1,2.349874973E-1,1.420787454E0,7.686249912E-2,1.442138674E0
1.606734126E1,2.569875121E-1,1.448837519E0,5.733750015E-2,1.472569294E0
1.606984496E1,2.765125036E-1,1.468500018E0,4.028749838E-2,1.494849340E0
1.607234959E1,2.985124886E-1,1.480599999E0,2.804999985E-2,1.510653126E0
1.607485420E1,3.205125034E-1,1.489262462E0,1.952499896E-2,1.523486846E0
1.607735882E1,3.389374912E-1,1.496549964E0,1.704999991E-2,1.534545900E0
1.607986344E1,3.572250009E-1,1.502599955E0,1.952499896E-2,1.544602716E0
1.608236813E1,3.730374873E-1,1.508787513E0,2.557500079E-2,1.554429415E0
1.608487275E1,3.817000091E-1,1.508787513E0,3.533750027E-2,1.556722003E0
1.608737852E1,3.865124881E-1,1.499024987E0,5.128749833E-2,1.548902264E0
1.608988221E1,3.852750063E-1,1.483075023E0,7.081250101E-2,1.533937014E0
1.609238680E1,3.779875040E-1,1.459837437E0,9.281250089E-2,1.510832239E0
1.609489142E1,3.657499850E-1,1.429312468E0,1.208624989E-1,1.480309064E0
1.609739611E1,3.486999869E-1,1.391499996E0,1.465750039E-1,1.441994505E0
1.609990065E1,3.229874969E-1,1.354787469E0,1.758625060E-1,1.403815383E0
1.610240528E1,2.937000096E-1,1.324262500E0,2.015749961E-1,1.371336335E0
1.610490990E1,2.534124851E-1,1.303499937E0,2.271499932E-1,1.347192300E0
1.610741574E1,2.106499970E-1,1.280262470E0,2.491499931E-1,1.321181718E0
1.610991921E1,1.678874940E-1,1.258262515E0,2.662000060E-1,1.297024753E0
1.611242382E1,1.274625063E-1,1.235025048E0,2.796750069E-1,1.272694649E0
1.611492844E1,8.470000327E-2,1.216737509E0,2.906749845E-1,1.253840581E0
1.611743306E1,4.688749835E-2,1.208212495E0,2.979624867E-1,1.245294147E0
1.611993767E1,9.074999951E-3,1.203262448E0,2.991999984E-1,1.239936899E0
1.612244229E1,-3.011249937E-2,1.202162504E0,2.979624867E-1,1.238903988E0
1.612494689E1,-6.311249733E-2,1.200924993E0,2.931500077E-1,1.237796814E0
1.612745266E1,-9.844999760E-2,1.195974946E0,2.846249938E-1,1.233312556E0
1.612995643E1,-1.289750040E-1,1.186212540E0,2.736249864E-1,1.224175385E0
1.613246096E1,-1.619749963E-1,1.176450014E0,2.601499856E-1,1.215709073E0
1.613496558E1,-1.913999915E-1,1.160500050E0,2.443374991E-1,1.201288947E0
1.613747019E1,-2.157374918E-1,1.138637543E0,2.246749997E-1,1.180473199E0
1.613997481E1,-2.414499968E-1,1.117737532E0,2.003374994E-1,1.160935142E0
1.614247950E1,-2.622124851E-1,1.098212481E0,1.733874977E-1,1.142317497E0
1.614498411E1,-2.829749882E-1,1.075112462E0,1.428624988E-1,1.120870797E0
1.614748987E1,-2.976875007E-1,1.053112507E0,1.098624989E-1,1.099878888E0
1.614999357E1,-3.110249937E-1,1.029875040E0,7.686249912E-2,1.078557828E0
1.615249818E1,-3.232625127E-1,1.002925038E0,4.262499884E-2,1.054596688E0
1.615500280E1,-3.330250084E-1,9.785875082E-1,9.762499481E-3,1.033747781E0
1.615750742E1,-3.342624903E-1,9.675874710E-1,-2.571249940E-2,1.024020536E0
1.616001203E1,-3.342624903E-1,9.821624756E-1,-8.923749626E-2,1.041315452E0
1.616251665E1,-3.269749880E-1,9.883499742E-1,-1.612875015E-1,1.053452406E0
1.616502126E1,-3.097875118E-1,9.796875119E-1,-2.334749997E-1,1.053691843E0
1.616752687E1,-2.902624905E-1,9.688249826E-1,-3.067624867E-1,1.056871508E0
1.617003049E1,-2.634499967E-1,9.578250051E-1,-3.812874854E-1,1.064055820E0
1.617253518E1,-2.341624945E-1,9.589250088E-1,-4.471499920E-1,1.083656939E0
1.617503980E1,-2.047374994E-1,9.699249864E-1,-5.083374977E-1,1.114037223E0
1.617754442E1,-1.779250056E-1,9.871125221E-1,-5.656750202E-1,1.151536655E0
1.618004904E1,-1.559250057E-1,1.004162550E0,-6.171000004E-1,1.188893370E0
1.618255388E1,-1.436875015E-1,1.024924994E0,-6.646749973E-1,1.230004143E0
1.618505850E1,-1.351625025E-1,1.042112470E0,-7.013875246E-1,1.263412744E0
1.618756404E1,-1.314499974E-1,1.057924986E0,-7.269625068E-1,1.290332850E0
1.619006773E1,-1.314499974E-1,1.072637439E0,-7.367249727E-1,1.307896732E0
1.619257234E1,-1.339250058E-1,1.083637476E0,-7.354875207E-1,1.316490782E0
1.619507696E1,-1.424500048E-1,1.093400002E0,-7.196750045E-1,1.316718527E0
1.619758164E1,-1.534499973E-1,1.100687504E0,-6.964374781E-1,1.311520127E0
1.620008626E1,-1.644500047E-1,1.103162527E0,-6.621999741E-1,1.297119952E0
1.620259080E1,-1.779250056E-1,1.099449992E0,-6.194375157E-1,1.274421606E0
1.620509572E1,-1.937374920E-1,1.095875025E0,-5.693874955E-1,1.250071360E0
1.620760126E1,-2.096875012E-1,1.087212443E0,-5.156250000E-1,1.221420847E0
1.621010497E1,-2.255000025E-1,1.077450037E0,-4.618625045E-1,1.193761202E0
1.621260958E1,-2.402125001E-1,1.067687511E0,-4.068624973E-1,1.167559745E0
1.621511420E1,-2.536875010E-1,1.065212488E0,-3.518624902E-1,1.150148775E0
1.621761881E1,-2.646875083E-1,1.064112544E0,-2.993375063E-1,1.136660867E0
1.622012350E1,-2.694999874E-1,1.071400046E0,-2.468124926E-1,1.132009147E0
1.622262803E1,-2.719750106E-1,1.087212443E0,-1.942874938E-1,1.137430848E0
1.622513264E1,-2.707374990E-1,1.106874943E0,-1.405249983E-1,1.148136842E0
1.622763826E1,-2.670249939E-1,1.128737450E0,-9.047500044E-2,1.163415791E0
1.623014188E1,-2.609750032E-1,1.150737524E0,-3.671250120E-2,1.180530647E0
1.623264655E1,-2.560249865E-1,1.178925037E0,1.457499992E-2,1.206493045E0
1.623515140E1,-2.475000024E-1,1.204499960E0,7.081250101E-2,1.231702405E0
1.623765601E1,-2.389750034E-1,1.226500034E0,1.306249946E-1,1.256373462E0
1.624016040E1,-2.279749960E-1,1.246024966E0,1.905750036E-1,1.280964343E0
1.624266525E1,-2.157374918E-1,1.255924940E0,2.491499931E-1,1.298447473E0
1.624516986E1,-2.011625022E-1,1.254687548E0,3.029125035E-1,1.306316646E0
1.624767548E1,-1.839749962E-1,1.241212487E0,3.493874967E-1,1.302507912E0
1.625017910E1,-1.619749963E-1,1.225262523E0,3.896749914E-1,1.295897661E0
1.625268371E1,-1.388749927E-1,1.205737472E0,4.214375019E-1,1.284795191E0
1.625518833E1,-1.168750003E-1,1.188687444E0,4.459125102E-1,1.274941399E0
1.625769325E1,-9.239999950E-2,1.177687526E0,4.629625082E-1,1.268786803E0
1.626019763E1,-6.792499870E-2,1.171499968E0,4.776749909E-1,1.266964631E0
1.626270248E1,-4.344999790E-2,1.167925000E0,4.910124838E-1,1.267686857E0
1.626520687E1,-1.787500083E-2,1.167925000E0,5.044875145E-1,1.272350570E0
1.626771264E1,6.599999964E-3,1.166687489E0,5.179625154E-1,1.276514169E0
1.627021633E1,2.859999985E-2,1.165449977E0,5.325375199E-1,1.281673835E0
1.627272094E1,5.183750018E-2,1.166687489E0,5.460125208E-1,1.289176673E0
1.627522554E1,7.493750006E-2,1.167925000E0,5.582500100E-1,1.296652424E0
1.627773024E1,9.569999576E-2,1.176450014E0,5.692499876E-1,1.310434536E0
1.628023478E1,1.153625026E-1,1.186212540E0,5.790125132E-1,1.325014787E0
1.628273939E1,1.361249983E-1,1.198449969E0,5.875374675E-1,1.341645490E0
1.628524408E1,1.519374996E-1,1.213162541E0,5.949624777E-1,1.359716406E0
1.628774983E1,1.641750038E-1,1.228974938E0,5.985375047E-1,1.376800630E0
1.629025330E1,1.739374995E-1,1.247262478E0,6.010124683E-1,1.395397409E0
1.629275791E1,1.812250018E-1,1.264449954E0,6.010124683E-1,1.411698330E0
1.629526253E1,1.812250018E-1,1.275449991E0,5.960624814E-1,1.419473728E0
1.629776738E1,1.764124930E-1,1.282737494E0,5.875374675E-1,1.421878026E0
1.630027200E1,1.691250056E-1,1.286450028E0,5.790125132E-1,1.420849195E0
1.630277661E1,1.568875015E-1,1.286450028E0,5.692499876E-1,1.415490343E0
1.630528123E1,1.446499974E-1,1.275449991E0,5.557749867E-1,1.398778802E0
1.630778685E1,1.263625026E-1,1.263212442E0,5.435374975E-1,1.380980148E0
1.631029047E1,1.067000031E-1,1.248499990E0,5.277249813E-1,1.359643619E0
1.631279516E1,8.717499673E-2,1.231449962E0,5.117750168E-1,1.336406434E0
1.631529978E1,6.641250104E-2,1.214262486E0,4.934875071E-1,1.312392443E0
1.631780439E1,4.688749835E-2,1.202162504E0,4.764375091E-1,1.293980612E0
1.632030925E1,2.859999985E-2,1.186212540E0,4.617249966E-1,1.273227443E0
1.632281387E1,6.599999964E-3,1.167925000E0,4.434374869E-1,1.249291468E0
1.632531848E1,-1.292499993E-2,1.153212547E0,4.287250042E-1,1.230394800E0
1.632782402E1,-2.639999986E-2,1.136162519E0,4.152500033E-1,1.209956526E0
1.633032772E1,-3.987500072E-2,1.123924971E0,4.031499922E-1,1.194708028E0
1.633283241E1,-5.335000157E-2,1.114162445E0,3.909125030E-1,1.181954636E0
1.633533702E1,-6.311249733E-2,1.103162527E0,3.799124956E-1,1.168453787E0
1.633784164E1,-7.163749635E-2,1.094637513E0,3.749625087E-1,1.159292931E0
1.634034618E1,-7.768750191E-2,1.089687467E0,3.701499999E-1,1.153457908E0
1.634285087E1,-8.387500048E-2,1.088449955E0,3.689124882E-1,1.152325798E0
1.634535541E1,-8.621250093E-2,1.086112499E0,3.701499999E-1,1.150688480E0
1.634786125E1,-8.992499858E-2,1.090924978E0,3.737249970E-1,1.156665114E0
1.635036466E1,-9.239999950E-2,1.100687504E0,3.799124956E-1,1.168068596E0
1.635286935E1,-9.363749623E-2,1.112925053E0,3.871999979E-1,1.182071906E0
1.635537396E1,-9.487500042E-2,1.127637506E0,3.969624937E-1,1.199227598E0
1.635787858E1,-1.009249985E-1,1.140974998E0,4.067249894E-1,1.215497848E0
1.636038320E1,-1.058750004E-1,1.154449940E0,4.164874852E-1,1.231838465E0
1.636288804E1,-1.156374961E-1,1.162974954E0,4.287250042E-1,1.244864612E0
1.636539266E1,-1.204499975E-1,1.177687526E0,4.434374869E-1,1.264156998E0
1.636789850E1,-1.254000068E-1,1.194737434E0,4.580124915E-1,1.285650863E0
1.637040197E1,-1.289750040E-1,1.215499997E0,4.739624858E-1,1.310997800E0
1.637290659E1,-1.278750002E-1,1.231449962E0,4.886749983E-1,1.331023771E0
1.637541113E1,-1.289750040E-1,1.250975013E0,5.020124912E-1,1.354101021E0
1.637791582E1,-1.278750002E-1,1.264449954E0,5.130124688E-1,1.370535478E0
1.638042044E1,-1.266375035E-1,1.272974968E0,5.215374827E-1,1.381486038E0
1.638292525E1,-1.278750002E-1,1.276687503E0,5.289624929E-1,1.387834397E0
1.638542987E1,-1.302125007E-1,1.276687503E0,5.325375199E-1,1.389418038E0
1.638793541E1,-1.376374960E-1,1.275449991E0,5.325375199E-1,1.388997110E0
1.639043910E1,-1.461624950E-1,1.266924977E0,5.289624929E-1,1.380675086E0
1.639294379E1,-1.559250057E-1,1.261975050E0,5.215374827E-1,1.374370758E0
1.639544841E1,-1.656875014E-1,1.253450036E0,5.094375014E-1,1.363127253E0
1.639795302E1,-1.779250056E-1,1.249737501E0,4.934875071E-1,1.355371185E0
1.640045756E1,-1.889249980E-1,1.246024966E0,4.751999974E-1,1.346880065E0
1.640296225E1,-2.023999989E-1,1.248499990E0,4.531999826E-1,1.343543154E0
1.640546687E1,-2.132624984E-1,1.249737501E0,4.287250042E-1,1.338330992E0
1.640797264E1,-2.231625021E-1,1.252212524E0,4.067249894E-1,1.335388680E0
1.641047633E1,-2.304500043E-1,1.257025003E0,3.847250044E-1,1.334628185E0
1.641298071E1,-2.364999950E-1,1.258262515E0,3.627249897E-1,1.330686373E0
1.641548531E1,-2.402125001E-1,1.259500027E0,3.431999981E-1,1.327338917E0
1.641799016E1,-2.451625019E-1,1.259500027E0,3.286249936E-1,1.324552512E0
1.642049478E1,-2.439250052E-1,1.259500027E0,3.163875043E-1,1.321340523E0
1.642299947E1,-2.439250052E-1,1.259500027E0,3.066250086E-1,1.319037005E0
1.642550408E1,-2.426874936E-1,1.260737538E0,2.991999984E-1,1.318285629E0
1.642800985E1,-2.414499968E-1,1.261975050E0,2.931500077E-1,1.317883172E0
1.643051331E1,-2.364999950E-1,1.265687466E0,2.881999910E-1,1.319453009E0
1.643301792E1,-2.292124927E-1,1.268025041E0,2.881999910E-1,1.320410961E0
1.643552254E1,-2.255000025E-1,1.274212480E0,2.881999910E-1,1.325717515E0
1.643802715E1,-2.169750035E-1,1.285212517E0,2.931500077E-1,1.335958941E0
1.644053177E1,-2.072124928E-1,1.298687458E0,2.968625128E-1,1.348203799E0
1.644303638E1,-1.974499971E-1,1.315737486E0,3.041499853E-1,1.364792602E0
1.644554123E1,-1.852124929E-1,1.334025025E0,3.139125109E-1,1.382919918E0
1.644804684E1,-1.754499972E-1,1.349974990E0,3.236750066E-1,1.399278630E0
1.645055054E1,-1.607374996E-1,1.363312483E0,3.359124959E-1,1.413256762E0
1.645305515E1,-1.461624950E-1,1.378024936E0,3.456749916E-1,1.428218260E0
1.645555977E1,-1.351625025E-1,1.390262485E0,3.554374874E-1,1.441330804E0
1.645806438E1,-1.192125008E-1,1.402500033E0,3.627249897E-1,1.453543044E0
1.646056902E1,-1.058750004E-1,1.409787536E0,3.689124882E-1,1.461097819E0
1.646307364E1,-8.992499858E-2,1.411025047E0,3.724874854E-1,1.462130335E0
1.646557818E1,-8.263749629E-2,1.406075001E0,3.737249970E-1,1.457239252E0
1.646808402E1,-7.644999772E-2,1.392737508E0,3.737249970E-1,1.444033497E0
1.647058748E1,-7.644999772E-2,1.365787506E0,3.724874854E-1,1.417733064E0
1.647309233E1,-8.387500048E-2,1.325500011E0,3.701499999E-1,1.378766231E0
1.647559672E1,-9.239999950E-2,1.275449991E0,3.689124882E-1,1.330942096E0
1.647810156E1,-1.058750004E-1,1.221687436E0,3.676750064E-1,1.280201007E0
1.648060625E1,-1.192125008E-1,1.173974991E0,3.664374948E-1,1.235599181E0
1.648311081E1,-1.278750002E-1,1.136162519E0,3.651999831E-1,1.200245106E0
1.648561542E1,-1.326874942E-1,1.109212518E0,3.627249897E-1,1.174533013E0
1.648812104E1,-1.289750040E-1,1.095875025E0,3.579125106E-1,1.160033615E0
1.649062473E1,-1.156374961E-1,1.094637513E0,3.493874967E-1,1.154848448E0
1.649312936E1,-9.844999760E-2,1.106874943E0,3.396250010E-1,1.161985233E0
1.649563397E1,-8.016250283E-2,1.126399994E0,3.273875117E-1,1.175748934E0
1.649813859E1,-5.692499876E-2,1.150737524E0,3.187249899E-1,1.195417468E0
1.650064343E1,-3.368749842E-2,1.181399941E0,3.102000058E-1,1.221910272E0
1.650314782E1,-1.058750041E-2,1.208212495E0,3.041499853E-1,1.245952143E0
1.650565265E1,9.074999951E-3,1.232687473E0,2.991999984E-1,1.268511490E0
1.650815827E1,2.488750033E-2,1.255924940E0,2.979624867E-1,1.291026137E0
1.651066196E1,3.464999795E-2,1.271737456E0,2.968625128E-1,1.306385905E0
1.651316657E1,4.083750024E-2,1.283975005E0,2.956250012E-1,1.318200917E0
1.651567120E1,4.083750024E-2,1.293737531E0,2.906749845E-1,1.326618425E0
1.651817581E1,3.712499887E-2,1.299787521E0,2.858625054E-1,1.331368934E0
1.652068043E1,2.859999985E-2,1.298687458E0,2.771999836E-1,1.328249564E0
1.652318504E1,1.388750039E-2,1.297449946E0,2.662000060E-1,1.324549610E0
1.652568988E1,4.124999978E-4,1.296212435E0,2.528625131E-1,1.320646166E0
1.652819550E1,-2.034999989E-2,1.308449984E0,2.356749922E-1,1.329660928E0
1.653069911E1,-3.863750026E-2,1.293737531E0,2.149125040E-1,1.312035457E0
1.653320373E1,-5.939999968E-2,1.259500027E0,1.929125041E-1,1.275571994E0
1.653570834E1,-8.263749629E-2,1.221687436E0,1.721500009E-1,1.236521237E0
1.653821296E1,-1.058750004E-1,1.172737479E0,1.489125043E-1,1.186885692E0
1.654071757E1,-1.266375035E-1,1.121449947E0,1.258125007E-1,1.135568504E0
1.654322219E1,-1.461624950E-1,1.064112544E0,1.000999957E-1,1.078758078E0
1.654572688E1,-1.632124931E-1,1.002925038E0,7.328750193E-2,1.018758072E0
1.654823242E1,-1.779250056E-1,9.370625019E-1,4.262499884E-2,9.547566866E-1
1.655073604E1,-1.924999952E-1,8.733999729E-1,1.209999993E-2,8.944440569E-1
1.655324073E1,-2.072124928E-1,8.087750077E-1,-1.718750037E-2,8.350745119E-1
1.655574527E1,-2.219250053E-1,7.378249764E-1,-4.647500068E-2,7.718784422E-1
1.655824996E1,-2.364999950E-1,6.645374894E-1,-7.576250285E-2,7.094239066E-1
1.656075459E1,-2.512125075E-1,5.852000117E-1,-1.039500013E-1,6.452692310E-1
1.656325943E1,-2.694999874E-1,4.996750057E-1,-1.295250058E-1,5.823075490E-1
1.656576405E1,-2.854500115E-1,3.957250118E-1,-1.539999992E-1,5.116600373E-1
1.656826959E1,-3.049750030E-1,2.613874972E-1,-1.722874939E-1,4.370539517E-1
1.657077339E1,-3.244999945E-1,9.404999763E-2,-1.845249981E-1,3.849611973E-1
1.657327800E1,-3.502124846E-1,-1.112374961E-1,-1.870000064E-1,4.123003363E-1
1.657578262E1,-3.757874966E-1,-3.458124995E-1,-1.772374958E-1,5.405697525E-1
1.657828723E1,-4.075500071E-1,-6.121500134E-1,-1.589500010E-1,7.523893607E-1
1.658079180E1,-4.430249929E-1,-9.040625095E-1,-1.307625026E-1,1.015233470E0
1.658329649E1,-4.820750058E-1,-1.227874994E0,-9.542500228E-2,1.322565402E0
1.658580111E1,-5.248374939E-1,-1.578500032E0,-6.118749827E-2,1.664590237E0
1.658830688E1,-5.651249886E-1,-1.965837479E0,-2.571249940E-2,2.045615892E0
1.659081057E1,-6.055499911E-1,-2.389750004E0,6.049999967E-3,2.465285475E0
1.659331518E1,-6.408874989E-1,-2.860137463E0,3.162499890E-2,2.931232374E0
1.659581979E1,-6.703125238E-1,-3.379337549E0,5.486249924E-2,3.445613305E0
1.659832440E1,-6.921749711E-1,-3.951062441E0,7.562500238E-2,4.011947126E0
1.660082902E1,-7.008374929E-1,-4.574074745E0,9.762500226E-2,4.628483943E0
1.660333364E1,-6.958875060E-1,-5.231462479E0,1.220999956E-1,5.278955152E0
1.660583834E1,-6.788374782E-1,-5.919237614E0,1.513874978E-1,5.959959096E0
1.660834411E1,-6.518874764E-1,-6.631487370E0,1.733874977E-1,6.665706657E0
1.661084781E1,-6.213625073E-1,-7.369450092E0,1.868624985E-1,7.397959423E0
1.661335242E1,-5.895999670E-1,-8.128037453E0,1.929125041E-1,8.151676894E0
1.661585681E1,-5.603125095E-1,-8.918524742E0,1.893374920E-1,8.938114028E0
1.661836142E1,-5.322625041E-1,-9.748062134E0,1.806750000E-1,9.764254308E0
1.662086604E1,-5.077875257E-1,-1.060688782E1,1.623875052E-1,1.062027716E1
1.662337089E1,-4.845499992E-1,-1.149513721E1,1.306249946E-1,1.150608670E1
1.662587550E1,-4.650250077E-1,-1.240896225E1,8.538749814E-2,1.241796615E1
1.662838112E1,-4.527874887E-1,-1.335578728E1,2.928750031E-2,1.336349236E1
1.663088481E1,-4.503124952E-1,-1.434784985E1,-4.399999976E-2,1.435498215E1
1.663338942E1,-4.588375092E-1,-1.539725018E1,-1.282874942E-1,1.540461952E1
1.663589403E1,-4.833124876E-1,-1.651512527E1,-2.237125039E-1,1.652371027E1
1.663839864E1,-5.223624706E-1,-1.771481323E1,-3.275249898E-1,1.772553929E1
1.664090349E1,-5.713124871E-1,-1.903426170E1,-4.423374832E-1,1.904797047E1
1.664340787E1,-6.250749826E-1,-2.049547577E1,-5.571500063E-1,2.051257326E1
1.664591249E1,-7.081249952E-1,-2.205431175E1,-6.634374857E-1,2.207564851E1
1.664841828E1,-8.449375033E-1,-2.374638748E1,-7.892500162E-1,2.377451899E1
1.665092197E1,-1.035512447E0,-2.564622498E1,-9.285374880E-1,2.568391176E1
1.665342659E1,-1.286037445E0,-2.773526192E1,-1.066587448E0,2.778554039E1
1.665593120E1,-1.599949956E0,-2.994048691E1,-1.160637498E0,3.000566073E1
1.665843590E1,-1.998287439E0,-3.220676422E1,-1.136299968E0,3.228869759E1
1.666094042E1,-2.430725098E0,-3.427270126E1,-9.884874821E-1,3.437300662E1
1.666344503E1,-2.763062477E0,-3.578272629E1,-8.174374700E-1,3.589855455E1
1.666594972E1,-3.015924931E0,-3.678578568E1,-6.488624811E-1,3.691491370E1
1.666845549E1,-3.169924974E0,-3.729151154E1,-4.961000085E-1,3.742928495E1
1.667095895E1,-3.251737595E0,-3.739532471E1,-3.518624902E-1,3.753808619E1
1.667346379E1,-3.323787451E0,-3.738322449E1,-2.052875012E-1,3.753125603E1
1.667596818E1,-3.384837389E0,-3.736603546E1,-5.499999970E-2,3.751907189E1
1.667847279E1,-3.431312561E0,-3.735379791E1,1.000999957E-1,3.751120025E1
1.668097741E1,-3.461837530E0,-3.734403610E1,2.564375103E-1,3.750502782E1
1.668348228E1,-3.480124950E0,-3.733303833E1,4.141499996E-1,3.749718044E1
1.668598689E1,-3.481362581E0,-3.732451248E1,5.729625225E-1,3.749089761E1
1.668849251E1,-3.468024969E0,-3.731475067E1,7.305374742E-1,3.748268267E1
1.669099620E1,-3.443549871E0,-3.730622482E1,8.856375217E-1,3.747528252E1
1.669350082E1,-3.402024984E0,-3.730251312E1,1.040874958E0,3.747178512E1
1.669600544E1,-3.345787525E0,-3.730003738E1,1.192262530E0,3.746876797E1
1.669851028E1,-3.276212454E0,-3.729646301E1,1.341312528E0,3.746410069E1
1.670101467E1,-3.194262505E0,-3.729522324E1,1.485550046E0,3.746123127E1
1.670351928E1,-3.098974943E0,-3.729646301E1,1.624837518E0,3.746024421E1
1.670602389E1,-2.990212440E0,-3.729769897E1,1.757937431E0,3.745864471E1
1.670852966E1,-2.870587587E0,-3.730003738E1,1.883749962E0,3.745773052E1
1.671103335E1,-2.738587379E0,-3.730498886E1,2.004750013E0,3.745905868E1
1.671353797E1,-2.596824884E0,-3.730870056E1,2.117087603E0,3.745884004E1
1.671604258E1,-2.444200039E0,-3.731475067E1,2.219799995E0,3.746054249E1
1.671854720E1,-2.282912493E0,-3.731722641E1,2.315087557E0,3.745859990E1
1.672105181E1,-2.113100052E0,-3.732574844E1,2.398137569E0,3.746235113E1
1.672355642E1,-1.933524966E0,-3.733056259E1,2.473900080E0,3.746237584E1
1.672606111E1,-1.748999953E0,-3.733551407E1,2.539900064E0,3.746265746E1
1.672856688E1,-1.560899973E0,-3.734156418E1,2.593662500E0,3.746406157E1
1.673107035E1,-1.366612434E0,-3.734403610E1,2.636425018E0,3.746191932E1
1.673357494E1,-1.168750048E0,-3.735146332E1,2.668187380E0,3.746487705E1
1.673607956E1,-9.646999836E-1,-3.735256195E1,2.687712431E0,3.746155801E1
1.673858440E1,-7.655999660E-1,-3.735379791E1,2.696237564E0,3.745880482E1
1.674108902E1,-5.627874732E-1,-3.735503769E1,2.693762541E0,3.745626686E1
1.674359361E1,-3.599750102E-1,-3.735503769E1,2.679187536E0,3.745272311E1
1.674609830E1,-1.619749963E-1,-3.735379791E1,2.652237415E0,3.744818844E1
1.674860384E1,3.712499887E-2,-3.735379791E1,2.614424944E0,3.744519748E1
1.675110753E1,2.314125001E-1,-3.734898758E1,2.567950010E0,3.743787911E1
1.675361215E1,4.195125103E-1,-3.734527588E1,2.508137465E0,3.743175623E1
1.675611676E1,5.990874767E-1,-3.734046173E1,2.435950041E0,3.742462880E1
1.675862138E1,7.774249911E-1,-3.733675003E1,2.356612444E0,3.741912499E1
1.676112592E1,9.436625242E-1,-3.732822418E1,2.266137600E0,3.740885188E1
1.676363061E1,1.101237535E0,-3.731956100E1,2.166037560E0,3.739858388E1
1.676613525E1,1.249050021E0,-3.730870056E1,2.058512449E0,3.738631751E1
1.676864102E1,1.388337493E0,-3.730374908E1,1.942462444E0,3.738007942E1
1.677114472E1,1.512912512E0,-3.729646301E1,1.817887545E0,3.737137638E1
1.677364933E1,1.630200028E0,-3.728903580E1,1.685887456E0,3.736270814E1
1.677615394E1,1.727962494E0,-3.728298569E1,1.550312519E0,3.735519167E1
1.677865855E1,1.815962434E0,-3.727446365E1,1.407312512E0,3.734519901E1
1.678116317E1,1.889250040E0,-3.726951218E1,1.259500027E0,3.733861465E1
1.678366778E1,1.950299978E0,-3.726346207E1,1.109212518E0,3.733094732E1
1.678617240E1,1.995537519E0,-3.725603867E1,9.565874934E-1,3.732170477E1
1.678867801E1,2.027299881E0,-3.725122452E1,8.001124859E-1,3.731492802E1
1.679118170E1,2.043112516E0,-3.724998856E1,6.413000226E-1,3.731148914E1
1.679368632E1,2.044349909E0,-3.724627304E1,4.837250113E-1,3.730547161E1
1.679619093E1,2.033349991E0,-3.724627304E1,3.249124885E-1,3.730314914E1
1.679869556E1,2.005300045E0,-3.724627304E1,1.698125005E-1,3.730060214E1
1.680120041E1,1.962537527E0,-3.724998856E1,1.581249945E-2,3.730165480E1
1.680370502E1,1.911249995E0,-3.725493622E1,-1.369500011E-1,3.730418079E1
1.680620971E1,1.839200020E0,-3.725370026E1,-2.835249901E-1,3.730015048E1
1.680871525E1,1.751199961E0,-3.725122452E1,-4.263874888E-1,3.729480172E1
1.681121895E1,1.649724960E0,-3.724874878E1,-5.656750202E-1,3.728955439E1
1.681372356E1,1.536149979E0,-3.725246048E1,-6.976749897E-1,3.729064653E1
1.681622818E1,1.415150046E0,-3.725603867E1,-8.197749853E-1,3.729191732E1
1.681873302E1,1.277099967E0,-3.725603867E1,-9.334874749E-1,3.728960713E1
1.682123741E1,1.130524993E0,-3.725851059E1,-1.044587493E0,3.729029178E1
1.682374224E1,9.741874933E-1,-3.726469803E1,-1.153349996E0,3.729526748E1
1.682624662E1,8.091874719E-1,-3.726827621E1,-1.252349973E0,3.729809079E1
1.682875239E1,6.370375156E-1,-3.726827621E1,-1.331687450E0,3.729750153E1
1.683125609E1,4.573250115E-1,-3.726703644E1,-1.400162458E0,3.729613393E1
1.683376070E1,2.679874897E-1,-3.726703644E1,-1.463687539E0,3.729673181E1
1.683626531E1,7.617499679E-2,-3.726346207E1,-1.521162510E0,3.729457525E1
1.683876992E1,-1.204499975E-1,-3.725851059E1,-1.561450005E0,3.729140981E1
1.684127454E1,-3.184500039E-1,-3.725246048E1,-1.590737462E0,3.728776834E1
1.684377921E1,-5.212625265E-1,-3.724751282E1,-1.609025002E0,3.728589394E1
1.684628383E1,-7.228375077E-1,-3.723775101E1,-1.615212440E0,3.727977341E1
1.684878959E1,-9.256500006E-1,-3.722674942E1,-1.610262513E0,3.727305522E1
1.685129329E1,-1.127225041E0,-3.721698761E1,-1.593212485E0,3.726812484E1
1.685379767E1,-1.325087547E0,-3.720351410E1,-1.565024972E0,3.725998687E1
1.685630251E1,-1.520612478E0,-3.718769836E1,-1.527212501E0,3.725009463E1
1.685880713E1,-1.711187482E0,-3.717174911E1,-1.477162480E0,3.724042298E1
1.686131175E1,-1.896812439E0,-3.715346146E1,-1.417212486E0,3.722883408E1
1.686381644E1,-2.075150013E0,-3.713517380E1,-1.346400023E0,3.721747135E1
1.686632105E1,-2.247437477E0,-3.711565018E1,-1.265825033E0,3.720517136E1
1.686882649E1,-2.411200047E0,-3.709612656E1,-1.175349951E0,3.719298238E1
1.687133026E1,-2.567537546E0,-3.707288742E1,-1.075112462E0,3.717723897E1
1.687383488E1,-2.711775064E0,-3.705212402E1,-9.664874673E-1,3.716379578E1
1.687633973E1,-2.846112490E0,-3.703260040E1,-8.504375219E-1,3.715154227E1
1.687884404E1,-2.968349934E0,-3.701293564E1,-7.269625068E-1,3.713888771E1
1.688134896E1,-3.078212500E0,-3.699464798E1,-5.986750126E-1,3.712731856E1
1.688385335E1,-3.178449869E0,-3.697388840E1,-4.618625045E-1,3.711312819E1
1.688635796E1,-3.262737513E0,-3.695917511E1,-3.201000094E-1,3.710429281E1
1.688886372E1,-3.333549976E0,-3.694088745E1,-1.759999990E-1,3.709141002E1
1.689136719E1,-3.392262459E0,-3.692741394E1,-2.571249940E-2,3.708290720E1
1.689387203E1,-3.432549953E0,-3.691159821E1,1.270499974E-1,3.707107529E1
1.689637665E1,-3.460599899E0,-3.689936066E1,2.809124887E-1,3.706234586E1
1.689888134E1,-3.475312471E0,-3.688836288E1,4.372499883E-1,3.705428856E1
1.690138596E1,-3.474075079E0,-3.687983704E1,5.949624777E-1,3.704788196E1
1.690389058E1,-3.459362507E0,-3.687131119E1,7.512999773E-1,3.704085892E1
1.690639512E1,-3.426362514E0,-3.686264801E1,9.040625095E-1,3.703258170E1
1.690890096E1,-3.382499933E0,-3.685907364E1,1.056687474E0,3.702903190E1
1.691140466E1,-3.322550058E0,-3.685055161E1,1.205737472E0,3.701967444E1
1.691390929E1,-3.251737595E0,-3.684931183E1,1.352312446E0,3.701721665E1
1.691641390E1,-3.163737535E0,-3.684560013E1,1.495312452E0,3.701139613E1
1.691891829E1,-3.067212582E0,-3.684683609E1,1.629649997E0,3.701017268E1
1.692142290E1,-2.953637600E0,-3.684560013E1,1.760412455E0,3.700569248E1
1.692392776E1,-2.829062462E0,-3.684560013E1,1.883749962E0,3.700203180E1
1.692643237E1,-2.697062492E0,-3.684807587E1,1.999937534E0,3.700073771E1
1.692893799E1,-2.549249887E0,-3.684931183E1,2.109800100E0,3.699759065E1
1.693144168E1,-2.394150019E0,-3.684931183E1,2.210037470E0,3.699308046E1
1.693394628E1,-2.229150057E0,-3.685288620E1,2.300374985E0,3.699183770E1
1.693645089E1,-2.058099985E0,-3.685412598E1,2.382324934E0,3.698834748E1
1.693895551E1,-1.881000042E0,-3.685659790E1,2.453137398E0,3.698600888E1
1.694146012E1,-1.695237517E0,-3.685659790E1,2.515424967E0,3.698121147E1
1.694396496E1,-1.503425002E0,-3.685783768E1,2.565474987E0,3.697758979E1
1.694646957E1,-1.309137464E0,-3.685659790E1,2.606999874E0,3.697186901E1
1.694897519E1,-1.112512469E0,-3.685288620E1,2.635187387E0,3.696372706E1
1.695147880E1,-9.121749997E-1,-3.684931183E1,2.652237415E0,3.695589545E1
1.695398342E1,-7.093625069E-1,-3.684312439E1,2.657187462E0,3.694563107E1
1.695648810E1,-5.077875257E-1,-3.683459854E1,2.653475046E0,3.693354069E1
1.695899264E1,-3.097875118E-1,-3.682607651E1,2.637662411E0,3.692171640E1
1.696149726E1,-1.119249985E-1,-3.681755066E1,2.609474897E0,3.691007888E1
1.696400187E1,8.236250281E-2,-3.680407333E1,2.570425034E0,3.689381632E1
1.696650656E1,2.716999948E-1,-3.678936386E1,2.520375013E0,3.687659697E1
1.696901210E1,4.562250078E-1,-3.677602386E1,2.460424900E0,3.686106026E1
1.697151579E1,6.333249807E-1,-3.676007462E1,2.390850067E0,3.684318594E1
1.697402041E1,8.043749928E-1,-3.674660110E1,2.308899879E0,3.682785265E1
1.697652525E1,9.668999910E-1,-3.672954941E1,2.221037388E0,3.680934260E1
1.697902964E1,1.119524956E0,-3.671360016E1,2.122037411E0,3.679191237E1
1.698153425E1,1.262524962E0,-3.669531250E1,2.014512539E0,3.677224755E1
1.698403910E1,1.394387484E0,-3.667826080E1,1.900937438E0,3.675394802E1
1.698654371E1,1.515387535E0,-3.666231155E1,1.777462482E0,3.673664194E1
1.698904932E1,1.625387549E0,-3.665131378E1,1.649175048E0,3.672438515E1
1.699155302E1,1.720674992E0,-3.663549805E1,1.514837503E0,3.670715424E1
1.699405763E1,1.803725004E0,-3.662326050E1,1.374312520E0,3.669339679E1
1.699656225E1,1.873299956E0,-3.661349869E1,1.232687473E0,3.668210814E1
1.699906679E1,1.929537535E0,-3.660250092E1,1.084874988E0,3.666937608E1
1.700157171E1,1.969825029E0,-3.659754944E1,9.358249903E-1,3.666246860E1
1.700407610E1,1.996775031E0,-3.659149933E1,7.830625176E-1,3.665430562E1
1.700658095E1,2.006537437E0,-3.658421326E1,6.290624738E-1,3.664459812E1
1.700908649E1,2.005300045E0,-3.657926178E1,4.776749909E-1,3.663730058E1
1.701159018E1,1.987012506E0,-3.657445145E1,3.261500001E-1,3.662983881E1
1.701409480E1,1.956487536E0,-3.656949997E1,1.746249944E-1,3.662221546E1
1.701659942E1,1.910012484E0,-3.656826401E1,2.433750033E-2,3.661811946E1
1.701910404E1,1.850199938E0,-3.656578827E1,-1.209999993E-1,3.661276762E1
1.702160865E1,1.775674939E0,-3.656702423E1,-2.639999986E-1,3.661106361E1
1.702411334E1,1.687674999E0,-3.657073593E1,-4.020499885E-1,3.661186444E1
1.702661796E1,1.584962487E0,-3.657321167E1,-5.351499915E-1,3.661145044E1
1.702912371E1,1.488574982E0,-3.655368805E1,-6.683874726E-1,3.659009029E1
1.703162718E1,1.405387521E0,-3.646073914E1,-8.087750077E-1,3.649677697E1
1.703413202E1,1.266100049E0,-3.630440140E1,-9.102500081E-1,3.633787453E1
1.703663641E1,9.534249902E-1,-3.600877380E1,-9.640125036E-1,3.603429103E1
1.703914102E1,4.732750058E-1,-3.534052658E1,-1.141112447E0,3.536211173E1
1.704164564E1,-3.525500000E-1,-3.371554947E1,-1.556499958E0,3.375329998E1
1.704415048E1,-2.005574942E0,-3.029606247E1,-2.092887402E0,3.043441982E1
1.704665510E1,-5.428774834E0,-2.458211327E1,-2.659800053E0,2.531454967E1
1.704916064E1,-1.018242455E1,-1.762447548E1,-2.651137590E0,2.052638390E1
1.705166440E1,-1.489221287E1,-1.147918701E1,-1.788599968E0,1.888779575E1
1.705416902E1,-1.878456306E1,-6.884349823E0,-4.973374903E-1,2.001253174E1
1.705667363E1,-2.186937523E1,-3.828962564E0,6.682500243E-1,2.221209322E1
1.705917825E1,-2.436293793E1,-2.089174986E0,1.635837436E0,2.450700636E1
1.706168287E1,-2.640563774E1,-1.176587462E0,2.378612518E0,2.653864842E1
1.706418748E1,-2.791676140E1,-5.143874884E-1,2.902762413E0,2.807198231E1
1.706669210E1,-2.863148689E1,3.469125032E-1,3.258199930E0,2.881836666E1
1.706919787E1,-2.844215012E1,1.257025003E0,3.458537579E0,2.867921717E1
1.707170156E1,-2.750632477E1,1.922937512E0,3.555062532E0,2.780169168E1
1.707420617E1,-2.572624969E1,1.673650026E0,3.619824886E0,2.603351993E1
1.707671079E1,-2.333168793E1,9.651125073E-1,3.600300074E0,2.362755307E1
1.707921540E1,-2.055116272E1,1.098624989E-1,3.502537489E0,2.084778472E1
1.708172009E1,-1.754816246E1,-8.687250018E-1,3.263149977E0,1.787011015E1
1.708422463E1,-1.449758720E1,-1.714074969E0,2.842812538E0,1.487278289E1
1.708672932E1,-1.153487492E1,-2.318799973E0,2.310137510E0,1.199028390E1
1.708923486E1,-8.773875237E0,-2.671900034E0,1.722599983E0,9.332056963E0
1.709173855E1,-6.358550072E0,-2.816137552E0,1.143450022E0,7.047642704E0
1.709424317E1,-4.351325035E0,-2.803900003E0,6.474875212E-1,5.216811754E0
1.709674779E1,-2.730062485E0,-2.663374901E0,2.418625057E-1,3.821688698E0
1.709925263E1,-1.443612456E0,-2.420274973E0,-7.576250285E-2,2.819128913E0
1.710175702E1,-4.380750060E-1,-2.101412535E0,-3.165250123E-1,2.169800091E0
1.710426186E1,3.437500000E-1,-1.738549948E0,-4.888125062E-1,1.838384522E0
1.710676648E1,9.448999763E-1,-1.358637452E0,-6.011499763E-1,1.760713772E0
1.710927209E1,1.401812434E0,-9.810624719E-1,-6.609625220E-1,1.834239115E0
1.711177579E1,1.741437435E0,-6.121500134E-1,-6.793875098E-1,1.966951796E0
1.711428040E1,1.980824947E0,-2.627624869E-1,-6.683874726E-1,2.107001047E0
1.711678500E1,2.139637470E0,5.128749833E-2,-6.316750050E-1,2.231522400E0
1.711928962E1,2.228874922E0,3.298625052E-1,-5.803874731E-1,2.326702024E0
1.712179423E1,2.261874914E0,5.680124760E-1,-5.131499767E-1,2.387894302E0
1.712429885E1,2.244687557E0,7.683500051E-1,-4.362874925E-1,2.412328903E0
1.712680370E1,2.186112404E0,9.296374917E-1,-3.605250120E-1,2.402767486E0
1.712930924E1,2.094537497E0,1.056687474E0,-2.822875082E-1,2.362913875E0
1.713181293E1,1.982062459E0,1.154449940E0,-2.089999914E-1,2.303260135E0
1.713431754E1,1.848962545E0,1.228974938E0,-1.442375034E-1,2.224825016E0
1.713682216E1,1.704725027E0,1.279024959E0,-9.047500044E-2,2.133114621E0
1.713932678E1,1.560624957E0,1.312024951E0,-4.399999976E-2,2.039337081E0
1.714183140E1,1.418862462E0,1.327975035E0,-1.099999994E-2,1.943401497E0
1.714433609E1,1.284525037E0,1.332787514E0,1.209999993E-2,1.851073617E0
1.714684063E1,1.162287474E0,1.335262537E0,2.681249939E-2,1.770468052E0
1.714934646E1,1.054762483E0,1.336500049E0,3.176249936E-2,1.702869675E0
1.715184993E1,9.668999910E-1,1.335262537E0,3.176249936E-2,1.648887653E0
1.715435454E1,8.947125077E-1,1.329212546E0,2.433750033E-2,1.602469587E0
1.715685939E1,8.434249759E-1,1.316974998E0,1.457499992E-2,1.563969713E0
1.715936400E1,8.056125045E-1,1.303499937E0,2.337499987E-3,1.532360616E0
1.716186862E1,7.871875167E-1,1.286450028E0,-1.347499993E-2,1.508243826E0
1.716437331E1,7.761874795E-1,1.259500027E0,-2.942499891E-2,1.479754423E0
1.716687793E1,7.786625028E-1,1.224162459E0,-4.647500068E-2,1.451567754E0
1.716938347E1,7.836124897E-1,1.184975028E0,-6.242499873E-2,1.422009575E0
1.717188715E1,7.933750153E-1,1.137400031E0,-7.823749632E-2,1.388972228E0
1.717439176E1,8.056125045E-1,1.082399964E0,-9.047500044E-2,1.352326483E0
1.717689638E1,8.141375184E-1,1.018875003E0,-1.014750004E-1,1.308137357E0
1.717940099E1,8.214250207E-1,9.528750181E-1,-1.075249985E-1,1.262644641E0
1.718190559E1,8.263750076E-1,8.820624948E-1,-1.124750003E-1,1.213911250E0
1.718441044E1,8.226624727E-1,8.038250208E-1,-1.137124971E-1,1.155784902E0
1.718691483E1,8.178499937E-1,7.207750082E-1,-1.099999994E-1,1.095671130E0
1.718942067E1,8.056125045E-1,6.364874840E-1,-1.039500013E-1,1.031956117E0
1.719192428E1,7.860875130E-1,5.472499728E-1,-9.652499855E-2,9.626698220E-1
1.719442889E1,7.640874982E-1,4.569124877E-1,-8.552499861E-2,8.943786959E-1
1.719693358E1,7.334250212E-1,3.664374948E-1,-7.452499866E-2,8.232512828E-1
1.719943820E1,7.028999925E-1,2.796750069E-1,-6.242499873E-2,7.590674472E-1
1.720194274E1,6.626124978E-1,1.966249943E-1,-4.895000160E-2,6.929017342E-1
1.720444735E1,6.198499799E-1,1.220999956E-1,-3.547500074E-2,6.327565742E-1
1.720695204E1,5.795624852E-1,5.609999970E-2,-2.447500080E-2,5.827854750E-1
1.720945781E1,5.307499766E-1,1.099999994E-3,-1.347499993E-2,5.309221443E-1
1.721196128E1,4.842749834E-1,-4.399999976E-2,-3.712499980E-3,4.862839111E-1
1.721446588E1,4.354625046E-1,-7.576250285E-2,3.574999981E-3,4.420184729E-1
1.721697073E1,3.852750063E-1,-9.652499855E-2,9.762499481E-3,3.973024191E-1
1.721947534E1,3.364624977E-1,-1.062875018E-1,1.333750039E-2,3.531032913E-1
1.722197996E1,2.875125110E-1,-1.062875018E-1,1.333750039E-2,3.068197613E-1
1.722448458E1,2.387000024E-1,-9.528750181E-2,1.581249945E-2,2.575022996E-1
1.722698920E1,1.909874976E-1,-7.699999958E-2,1.457499992E-2,2.064404388E-1
1.722949481E1,1.434125006E-1,-5.376249924E-2,1.333750039E-2,1.537382209E-1
1.723199850E1,9.817499667E-2,-2.694999985E-2,1.086249948E-2,1.023846979E-1
1.723450311E1,5.417500064E-2,-1.237499993E-3,7.287499961E-3,5.467695818E-2
1.723700773E1,1.017499994E-2,2.076249942E-2,4.812499974E-3,2.361720056E-2
1.723951234E1,-3.135000169E-2,3.533750027E-2,2.337499987E-3,4.729720328E-2
1.724201696E1,-6.544999778E-2,4.757500067E-2,-1.374999993E-4,8.091416319E-2
1.724452180E1,-9.721250087E-2,5.376249924E-2,-1.237499993E-3,1.110954907E-1
1.724702642E1,-1.241625026E-1,5.486249924E-2,-2.474999987E-3,1.357657781E-1
1.724953204E1,-1.424500048E-1,5.004999787E-2,-2.474999987E-3,1.510070587E-1
1.725203565E1,-1.559250057E-1,3.904999793E-2,-1.237499993E-3,1.607452679E-1
1.725454027E1,-1.656875014E-1,2.433750033E-2,2.337499987E-3,1.674817183E-1
1.725704496E1,-1.694000065E-1,2.337499987E-3,4.812499974E-3,1.694844721E-1
1.725954950E1,-1.706375033E-1,-2.447500080E-2,8.524999954E-3,1.725944924E-1
1.726205419E1,-1.669249982E-1,-5.252499878E-2,9.762499481E-3,1.752659034E-1
1.726455881E1,-1.607374996E-1,-7.947500050E-2,1.209999993E-2,1.797198639E-1
1.726706343E1,-1.546874940E-1,-1.062875018E-1,1.086249948E-2,1.879979993E-1
1.726956919E1,-1.449249983E-1,-1.234750003E-1,9.762499481E-3,1.906426951E-1
1.727207266E1,-1.314499974E-1,-1.357125044E-1,7.287499961E-3,1.890769508E-1
1.727457727E1,-1.131625026E-1,-1.392875016E-1,3.574999981E-3,1.794980243E-1
1.727708211E1,-9.363749623E-2,-1.319999993E-1,1.099999994E-3,1.618431046E-1
1.727958649E1,-7.039999962E-2,-1.172875017E-1,-3.712499980E-3,1.368440742E-1
1.728209134E1,-4.592499882E-2,-9.528750181E-2,-6.187499966E-3,1.059580043E-1
1.728459596E1,-2.639999986E-2,-6.723749638E-2,-6.187499966E-3,7.249914529E-2
1.728710059E1,-5.637499969E-3,-3.918749839E-2,-4.949999973E-3,3.989917212E-2
1.728960620E1,1.017499994E-2,-1.471249945E-2,-4.949999973E-3,1.856046238E-2
1.729210989E1,2.241249941E-2,7.287499961E-3,-3.712499980E-3,2.385813156E-2
1.729461451E1,2.983750030E-2,2.557500079E-2,-3.712499980E-3,3.947327889E-2
1.729711911E1,3.588749841E-2,3.657500073E-2,-3.712499980E-3,5.137534308E-2
1.729962372E1,3.712499887E-2,3.904999793E-2,-3.712499980E-3,5.400880053E-2
1.730212857E1,3.712499887E-2,3.781250119E-2,-3.712499980E-3,5.312093225E-2
1.730463319E1,3.217500076E-2,3.533750027E-2,-4.949999973E-3,4.804656178E-2
1.730713757E1,2.736249939E-2,3.176249936E-2,-3.712499980E-3,4.208735433E-2
1.730964341E1,2.117500082E-2,2.433750033E-2,-4.949999973E-3,3.263735715E-2
1.731214703E1,1.512499992E-2,1.828750037E-2,-3.712499980E-3,2.402042773E-2
1.731465172E1,9.074999951E-3,1.099999994E-2,-3.712499980E-3,1.473561261E-2
1.731715626E1,2.887499984E-3,4.812499974E-3,-2.474999987E-3,6.133794673E-3
1.731966095E1,-6.874999963E-4,-1.237499993E-3,-2.474999987E-3,2.851260671E-3
1.732216550E1,-3.162499983E-3,-2.474999987E-3,-1.237499993E-3,4.202194344E-3
1.732467019E1,-4.399999976E-3,-4.949999973E-3,-1.374999993E-4,6.624304173E-3
1.732717474E1,-6.874999963E-3,-3.712499980E-3,-1.374999993E-4,7.814549689E-3
1.732968058E1,-5.637499969E-3,-2.474999987E-3,-1.374999993E-4,6.158403778E-3
1.733218401E1,-3.162499983E-3,1.099999994E-3,-1.237499993E-3,3.569707602E-3
1.733468862E1,-4.399999976E-3,4.812499974E-3,-1.374999993E-4,6.522197639E-3
1.733719324E1,-1.924999990E-3,6.049999967E-3,-1.374999993E-4,6.350356747E-3
1.733969808E1,-6.874999963E-4,9.762499481E-3,-1.374999993E-4,9.787643160E-3
1.734220248E1,-6.874999963E-4,9.762499481E-3,-1.374999993E-4,9.787643160E-3
1.734470733E1,1.649999991E-3,8.524999954E-3,-1.374999993E-4,8.684297924E-3
1.734721195E1,-6.874999963E-4,6.049999967E-3,-1.374999993E-4,6.090489479E-3
1.734971779E1,-6.874999963E-4,4.812499974E-3,-1.374999993E-4,4.863303249E-3
1.735222127E1,-3.162499983E-3,-1.237499993E-3,1.099999994E-3,3.569707602E-3
1.735472588E1,-4.399999976E-3,-4.949999973E-3,1.099999994E-3,6.713605552E-3
1.735723050E1,-4.399999976E-3,-7.424999960E-3,1.099999994E-3,8.700610564E-3
1.735973511E1,-4.399999976E-3,-1.223750040E-2,2.337499987E-3,1.321288470E-2
1.736223997E1,-5.637499969E-3,-1.223750040E-2,2.337499987E-3,1.367485752E-2
1.736474436E1,-4.399999976E-3,-1.099999994E-2,1.099999994E-3,1.189831914E-2
1.736724920E1,-3.162499983E-3,-9.762499481E-3,-1.374999993E-4,1.026288013E-2
1.736975482E1,-1.924999990E-3,-7.424999960E-3,-1.374999993E-4,7.671711387E-3
1.737225845E1,-3.162499983E-3,-6.187499966E-3,-1.374999993E-4,6.950213538E-3
1.737476314E1,-5.637499969E-3,-3.712499980E-3,1.099999994E-3,6.839156526E-3
1.737726776E1,-4.399999976E-3,-2.474999987E-3,-1.374999993E-4,5.050201082E-3
1.737977230E1,-4.399999976E-3,-2.474999987E-3,1.099999994E-3,5.166780885E-3
1.738227699E1,-5.637499969E-3,-1.237499993E-3,-1.374999993E-4,5.773362832E-3
1.738478153E1,-8.112499490E-3,-0.000000000E0,-1.374999993E-4,8.113664661E-3
1.738728622E1,-8.112499490E-3,-0.000000000E0,-1.374999993E-4,8.113664661E-3
1.738979176E1,-8.112499490E-3,-1.237499993E-3,-1.374999993E-4,8.207494165E-3
1.739229536E1,-9.349999949E-3,-0.000000000E0,-1.374999993E-4,9.351010924E-3
1.739480004E1,-6.874999963E-3,-1.237499993E-3,-1.374999993E-4,6.986840271E-3
1.739730466E1,-8.112499490E-3,-1.237499993E-3,1.099999994E-3,8.279737568E-3
1.739980928E1,-4.399999976E-3,-1.237499993E-3,-1.374999993E-4,4.572779491E-3
1.740231412E1,-6.874999963E-4,-1.237499993E-3,2.337499987E-3,2.732758436E-3
1.740481874E1,1.649999991E-3,1.099999994E-3,1.099999994E-3,2.267708082E-3
1.740732336E1,5.362499971E-3,-0.000000000E0,1.099999994E-3,5.474158011E-3
1.740982920E1,6.599999964E-3,1.099999994E-3,1.099999994E-3,6.780855367E-3
1.741233266E1,9.074999951E-3,2.337499987E-3,-1.374999993E-4,9.372216203E-3
1.741483728E1,9.074999951E-3,2.337499987E-3,1.099999994E-3,9.435546104E-3
1.741734194E1,1.017499994E-2,2.337499987E-3,2.337499987E-3,1.069852496E-2
1.741984655E1,7.837500423E-3,2.337499987E-3,1.099999994E-3,8.252291746E-3
1.742235117E1,2.887499984E-3,2.337499987E-3,1.099999994E-3,3.874475750E-3
1.742485578E1,1.649999991E-3,1.099999994E-3,-1.374999993E-4,1.987814430E-3
1.742736062E1,-1.924999990E-3,2.337499987E-3,-1.374999993E-4,3.031243540E-3
1.742986616E1,-5.637499969E-3,2.337499987E-3,-1.237499993E-3,6.227095497E-3
1.743236986E1,-6.874999963E-3,-0.000000000E0,-1.374999993E-4,6.876374825E-3
1.743487447E1,-1.058750041E-2,1.099999994E-3,-1.374999993E-4,1.064537792E-2
1.743737908E1,-1.058750041E-2,-0.000000000E0,-1.374999993E-4,1.058839323E-2
1.743988377E1,-8.112499490E-3,-1.237499993E-3,-1.237499993E-3,8.299124077E-3
1.744238839E1,-1.058750041E-2,1.099999994E-3,-1.374999993E-4,1.064537792E-2
1.744489300E1,-5.637499969E-3,-0.000000000E0,-1.374999993E-4,5.639176549E-3
1.744739763E1,-4.399999976E-3,-1.237499993E-3,-1.374999993E-4,4.572779491E-3
1.744990340E1,-1.924999990E-3,-2.474999987E-3,-1.374999993E-4,3.138495841E-3
1.745240686E1,-6.874999963E-4,-1.237499993E-3,-1.374999993E-4,1.422311052E-3
1.745491148E1,-6.874999963E-4,-0.000000000E0,1.099999994E-3,1.297172399E-3
1.745741609E1,-6.874999963E-4,-0.000000000E0,1.099999994E-3,1.297172399E-3
1.745992070E1,4.124999978E-4,2.337499987E-3,-1.374999993E-4,2.377597251E-3
1.746242555E1,-6.874999963E-4,-0.000000000E0,-1.374999993E-4,7.011151793E-4
1.746493017E1,-1.924999990E-3,3.574999981E-3,-1.374999993E-4,4.062653821E-3
1.746743487E1,-1.924999990E-3,1.099999994E-3,-1.374999993E-4,2.221380471E-3
1.746994064E1,-6.874999963E-4,-0.000000000E0,-1.374999993E-4,7.011151793E-4
1.747244410E1,4.124999978E-4,-0.000000000E0,1.099999994E-3,1.174800509E-3
1.747494872E1,-6.874999963E-4,-0.000000000E0,-1.237499993E-3,1.415649137E-3
1.747745334E1,4.124999978E-4,1.099999994E-3,-1.374999993E-4,1.182819718E-3
1.747995818E1,1.649999991E-3,3.574999981E-3,1.099999994E-3,4.088168883E-3
1.748246257E1,1.649999991E-3,2.337499987E-3,-1.374999993E-4,2.864491650E-3
1.748496742E1,2.887499984E-3,2.337499987E-3,-1.374999993E-4,3.717589084E-3
1.748747180E1,2.887499984E-3,3.574999981E-3,-1.374999993E-4,4.597519687E-3
1.748997757E1,4.124999978E-3,-0.000000000E0,-1.374999993E-4,4.127291008E-3
1.749248126E1,2.887499984E-3,1.099999994E-3,-1.237499993E-3,3.328522552E-3
1.749498595E1,4.124999978E-3,3.574999981E-3,-1.374999993E-4,5.460325625E-3
1.749749053E1,4.124999978E-4,2.337499987E-3,-1.237499993E-3,2.676839306E-3
1.749999514E1,1.649999991E-3,1.099999994E-3,-1.237499993E-3,2.337499987E-3
1.750249983E1,4.124999978E-4,2.337499987E-3,-1.237499993E-3,2.676839306E-3
1.750500437E1,-1.924999990E-3,2.337499987E-3,-1.374999993E-4,3.031243540E-3
1.750750905E1,-3.162499983E-3,3.574999981E-3,-1.374999993E-4,4.775032697E-3
1.751001482E1,-3.162499983E-3,3.574999981E-3,-1.237499993E-3,4.930865769E-3
1.751251851E1,-5.637499969E-3,1.099999994E-3,-1.374999993E-4,5.745460133E-3
1.751502290E1,-5.637499969E-3,1.099999994E-3,1.099999994E-3,5.848196806E-3
1.751752751E1,-5.637499969E-3,1.099999994E-3,-1.374999993E-4,5.745460133E-3
1.752003236E1,-3.162499983E-3,1.099999994E-3,-1.374999993E-4,3.351165824E-3
1.752253698E1,-3.162499983E-3,2.337499987E-3,-1.374999993E-4,3.934999185E-3
1.752504166E1,-1.924999990E-3,2.337499987E-3,-1.374999993E-4,3.031243540E-3
1.752754621E1,4.124999978E-4,1.099999994E-3,-1.374999993E-4,1.182819718E-3
1.753005180E1,4.124999978E-4,-0.000000000E0,1.099999994E-3,1.174800509E-3
1.753255550E1,4.124999978E-3,1.099999994E-3,1.099999994E-3,4.408585350E-3
1.753506011E1,6.599999964E-3,-0.000000000E0,-1.374999993E-4,6.601432101E-3
1.753756496E1,4.124999978E-3,1.099999994E-3,-1.374999993E-4,4.271361733E-3
1.754006935E1,5.362499971E-3,1.099999994E-3,-1.237499993E-3,5.612291168E-3
1.754257388E1,5.362499971E-3,3.574999981E-3,-1.374999993E-4,6.446389458E-3
1.754507857E1,4.124999978E-3,4.812499974E-3,-1.237499993E-3,6.458110176E-3
1.754758319E1,1.649999991E-3,4.812499974E-3,-1.237499993E-3,5.235843982E-3
1.755008896E1,4.124999978E-4,4.812499974E-3,-1.237499993E-3,4.986152673E-3
1.755259265E1,-6.874999963E-4,6.049999967E-3,-1.237499993E-3,6.213417907E-3
1.755509727E1,-6.874999963E-4,4.812499974E-3,-2.474999987E-3,5.455129437E-3
1.755760188E1,-6.874999963E-4,2.337499987E-3,-2.474999987E-3,3.473065990E-3
1.756010657E1,4.124999978E-4,1.099999994E-3,-3.712499980E-3,3.893945600E-3
1.756261111E1,1.649999991E-3,-0.000000000E0,-4.949999973E-3,5.217758111E-3
1.756511582E1,6.599999964E-3,-1.237499993E-3,-6.187499966E-3,9.131076694E-3
1.756762044E1,9.074999951E-3,-4.949999973E-3,-6.187499966E-3,1.204754247E-2
1.757012620E1,1.264999993E-2,-3.712499980E-3,-6.187499966E-3,1.456332071E-2
1.757262967E1,1.512499992E-2,-3.712499980E-3,-6.187499966E-3,1.675808564E-2
1.757513450E1,1.388750039E-2,-6.187499966E-3,-6.187499966E-3,1.641441375E-2
1.757763912E1,1.512499992E-2,-8.662499487E-3,-4.949999973E-3,1.811924446E-2
1.758014373E1,1.388750039E-2,-7.424999960E-3,-4.949999973E-3,1.650744654E-2
1.758264835E1,1.264999993E-2,-7.424999960E-3,-4.949999973E-3,1.548081466E-2
1.758515300E1,1.141249947E-2,-3.712499980E-3,-6.187499966E-3,1.350233151E-2
1.758765754E1,1.017499994E-2,-0.000000000E0,-4.949999973E-3,1.131517227E-2
1.759016339E1,9.074999951E-3,4.812499974E-3,-6.187499966E-3,1.199170280E-2
1.759266685E1,6.599999964E-3,9.762499481E-3,-6.187499966E-3,1.330982913E-2
1.759517146E1,4.124999978E-3,1.209999993E-2,-6.187499966E-3,1.420249200E-2
1.759767607E1,4.124999978E-3,1.457499992E-2,-4.949999973E-3,1.593576943E-2
1.760018068E1,4.124999978E-3,1.828750037E-2,-6.187499966E-3,1.974166787E-2
1.760268530E1,1.649999991E-3,2.309999987E-2,-6.187499966E-3,2.397118374E-2
1.760518992E1,-6.874999963E-4,2.804999985E-2,-6.187499966E-3,2.873256521E-2
1.760769454E1,-1.924999990E-3,3.176249936E-2,-4.949999973E-3,3.220348569E-2
1.761020031E1,4.124999978E-4,-3.918749839E-2,-1.237499993E-3,3.920920291E-2
1.761270400E1,-3.196874857E-1,-1.380637527E0,6.228749827E-2,1.418534385E0
1.761520862E1,-4.124999940E-1,-1.739787459E0,7.081250101E-2,1.789421990E0
1.761771323E1,-3.097875118E-1,-1.240112543E0,3.052499890E-2,1.278584842E0
1.762021784E1,-2.242625058E-1,-7.734375000E-1,-4.949999973E-3,8.053097171E-1
1.762272246E1,-1.876875013E-1,-5.253875256E-1,-2.447500080E-2,5.584421866E-1
1.762522707E1,-1.839749962E-1,-4.448125064E-1,-2.571249940E-2,4.820436679E-1
1.762773169E1,-1.913999915E-1,-4.398624897E-1,-1.223750040E-2,4.798569818E-1
1.763023754E1,-1.974499971E-1,-4.496249855E-1,7.287499961E-3,4.911234433E-1
1.763274100E1,-2.072124928E-1,-4.668124914E-1,2.557500079E-2,5.113755958E-1
1.763524585E1,-2.121624947E-1,-4.593875110E-1,3.657500073E-2,5.073337561E-1
1.763775024E1,-2.059749961E-1,-3.971000016E-1,3.286249936E-2,4.485466020E-1
1.764025508E1,-1.766874939E-1,-2.382874936E-1,1.828750037E-2,2.972100819E-1
1.764275970E1,-1.302125007E-1,-2.323750034E-2,7.287499961E-3,1.324703152E-1
1.764526431E1,-8.868750185E-2,1.611499935E-1,1.099999994E-3,1.839456534E-1
1.764776893E1,-5.568749830E-2,2.699125111E-1,-1.374999993E-4,2.755973150E-1
1.765027477E1,-3.739999980E-2,2.991999984E-1,2.337499987E-3,3.015374984E-1
1.765277824E1,-3.135000169E-2,2.723875046E-1,2.337499987E-3,2.741956221E-1
1.765528285E1,-3.011249937E-2,2.161500007E-1,2.337499987E-3,2.182499698E-1
1.765778769E1,-3.011249937E-2,1.660999954E-1,-3.712499980E-3,1.688483158E-1
1.766029208E1,-2.392499894E-2,1.416250020E-1,-1.347499993E-2,1.442623388E-1
1.766279662E1,-1.787500083E-2,1.416250020E-1,-2.089999989E-2,1.442704642E-1
1.766530131E1,-6.874999963E-3,1.563374996E-1,-2.818750031E-2,1.590069640E-1
1.766780593E1,9.074999951E-3,1.795749962E-1,-3.066249937E-2,1.823999007E-1
1.767031169E1,1.883750036E-2,1.929125041E-1,-2.818750031E-2,1.958688868E-1
1.767281539E1,2.736249939E-2,2.003374994E-1,-2.323750034E-2,2.035283800E-1
1.767532000E1,3.464999795E-2,2.003374994E-1,-1.966249943E-2,2.042604952E-1
1.767782462E1,3.959999979E-2,2.028124928E-1,-1.718750037E-2,2.073559196E-1
1.768032924E1,4.193750024E-2,2.076250017E-1,-1.471249945E-2,2.123284081E-1
1.768283393E1,4.812499881E-2,2.173874974E-1,-1.347499993E-2,2.230580982E-1
1.768533855E1,5.183750018E-2,2.320999950E-1,-1.347499993E-2,2.381997266E-1
1.768784316E1,5.293750018E-2,2.479124963E-1,-1.471249945E-2,2.539280260E-1
1.769034894E1,5.417500064E-2,2.674374878E-1,-1.471249945E-2,2.732658014E-1
1.769285240E1,5.417500064E-2,2.833875120E-1,-1.594999991E-2,2.889598850E-1
1.769535702E1,5.417500064E-2,2.956250012E-1,-1.594999991E-2,3.009708865E-1
1.769786186E1,5.417500064E-2,2.991999984E-1,-1.594999991E-2,3.044831230E-1
1.770036648E1,5.417500064E-2,2.956250012E-1,-1.718750037E-2,3.010390044E-1
1.770287110E1,5.183750018E-2,2.906749845E-1,-1.718750037E-2,2.957608547E-1
1.770537572E1,5.293750018E-2,2.846249938E-1,-1.594999991E-2,2.899451129E-1
1.770788033E1,5.183750018E-2,2.796750069E-1,-1.594999991E-2,2.848853074E-1
1.771038594E1,5.293750018E-2,2.686749995E-1,-1.347499993E-2,2.741718620E-1
1.771288965E1,4.936249927E-2,2.516250014E-1,-1.113750041E-2,2.566628949E-1
1.771539427E1,4.688749835E-2,2.271499932E-1,-9.899999946E-3,2.321498803E-1
1.771789888E1,4.317500070E-2,1.953874975E-1,-8.662499487E-3,2.002882767E-1
1.772040350E1,4.083750024E-2,1.600500047E-1,-4.949999973E-3,1.652519529E-1
1.772290811E1,3.836249933E-2,1.196250021E-1,-3.712499980E-3,1.256805679E-1
1.772541273E1,3.464999795E-2,8.428750187E-2,-1.374999993E-4,9.113190570E-2
1.772791734E1,3.107500076E-2,4.633750021E-2,1.099999994E-3,5.580349092E-2
1.773042311E1,2.612499893E-2,1.457499992E-2,4.812499974E-3,3.030026976E-2
1.773292681E1,1.883750036E-2,1.828750037E-2,1.086249948E-2,2.841263776E-2
1.773543142E1,9.074999951E-3,4.028749838E-2,2.186249942E-2,4.672694117E-2
1.773793604E1,-1.924999990E-3,9.528750181E-2,3.904999793E-2,1.029966794E-1
1.774044065E1,-1.911249943E-2,2.015749961E-1,6.586249918E-2,2.129216652E-1
1.774294527E1,-3.616249934E-2,3.126749992E-1,9.638749808E-2,3.291867727E-1
1.774544996E1,-5.211250111E-2,3.859624863E-1,1.233374998E-1,4.085277132E-1
1.774795458E1,-6.544999778E-2,4.311999977E-1,1.465750039E-1,4.601101737E-1
1.775046012E1,-7.768750191E-2,4.556750059E-1,1.648624986E-1,4.907695003E-1
1.775296381E1,-9.239999950E-2,4.581499994E-1,1.819124967E-1,5.015290004E-1
1.775546845E1,-1.058750004E-1,4.422000051E-1,1.905750036E-1,4.930204785E-1
1.775797307E1,-1.179749966E-1,4.054875076E-1,1.953874975E-1,4.653111785E-1
1.776047768E1,-1.278750002E-1,3.542000055E-1,1.941500008E-1,4.236789851E-1
1.776298253E1,-1.412124932E-1,2.980999947E-1,1.893374920E-1,3.803330921E-1
1.776548715E1,-1.509750038E-1,2.235749960E-1,1.771000028E-1,3.227129399E-1
1.776799176E1,-1.632124931E-1,1.551000029E-1,1.636250019E-1,2.783297865E-1
1.777049738E1,-1.717374921E-1,8.552499861E-2,1.465750039E-1,2.414384463E-1
1.777300107E1,-1.766874939E-1,2.199999988E-2,1.293874979E-1,2.200990575E-1
1.777550569E1,-1.803999990E-1,-3.176249936E-2,1.111000031E-1,2.142340466E-1
1.777801031E1,-1.889249980E-1,-7.218749821E-2,9.515000135E-2,2.235111016E-1
1.778051493E1,-1.962125003E-1,-1.051874980E-1,7.933750004E-2,2.363433814E-1
1.778301955E1,-2.035000026E-1,-1.332374960E-1,6.586249918E-2,2.519967266E-1
1.778552416E1,-2.132624984E-1,-1.405249983E-1,5.609999970E-2,2.614868607E-1
1.778802900E1,-2.206874937E-1,-1.282874942E-1,5.004999787E-2,2.601262257E-1
1.779053462E1,-2.304500043E-1,-1.087625027E-1,5.128749833E-2,2.599363268E-1
1.779303824E1,-2.377374917E-1,-9.047500044E-2,5.733750015E-2,2.607535802E-1
1.779554293E1,-2.451625019E-1,-6.599999964E-2,6.833750010E-2,2.629271120E-1
1.779804754E1,-2.524499893E-1,-2.447500080E-2,8.304999769E-2,2.668844785E-1
1.780055208E1,-2.597374916E-1,1.828750037E-2,1.025749967E-1,2.798564403E-1
1.780305669E1,-2.646875083E-1,5.004999787E-2,1.245749965E-1,2.967884922E-1
1.780556138E1,-2.694999874E-1,6.957499683E-2,1.489125043E-1,3.156673206E-1
1.780806592E1,-2.744500041E-1,8.057499677E-2,1.733874977E-1,3.344822255E-1
1.781057177E1,-2.744500041E-1,8.552499861E-2,1.991000026E-1,3.496829152E-1
1.781307523E1,-2.732124925E-1,8.181250095E-2,2.246749997E-1,3.630663945E-1
1.781557984E1,-2.756874859E-1,6.957499683E-2,2.466749996E-1,3.764210747E-1
1.781808446E1,-2.744500041E-1,5.609999970E-2,2.699125111E-1,3.890022858E-1
1.782058907E1,-2.744500041E-1,3.657500073E-2,2.894375026E-1,4.005428858E-1
1.782309368E1,-2.756874859E-1,-4.949999973E-3,3.066250086E-1,4.123675403E-1
1.782559853E1,-2.732124925E-1,-5.252499878E-2,3.199625015E-1,4.240046508E-1
1.782810315E1,-2.744500041E-1,-1.027124971E-1,3.297249973E-1,4.411249660E-1
1.783060880E1,-2.707374990E-1,-1.600500047E-1,3.334375024E-1,4.583616098E-1
1.783311250E1,-2.646875083E-1,-2.175250053E-1,3.321999907E-1,4.772142484E-1
1.783561711E1,-2.572624981E-1,-2.627624869E-1,3.297249973E-1,4.939095983E-1
1.783812173E1,-2.462625057E-1,-2.920500040E-1,3.236750066E-1,5.007034416E-1
1.784062635E1,-2.329249978E-1,-3.140499890E-1,3.163875043E-1,5.029736604E-1
1.784313096E1,-2.169750035E-1,-3.165250123E-1,3.066250086E-1,4.912078291E-1
1.784563558E1,-1.986874938E-1,-3.005749881E-1,2.979624867E-1,4.675507322E-1
1.784814019E1,-1.754499972E-1,-2.895750105E-1,2.906749845E-1,4.462379800E-1
1.785064596E1,-1.449249983E-1,-3.115749955E-1,2.796750069E-1,4.430579448E-1
1.785314964E1,-1.156374961E-1,-3.933874965E-1,2.651000023E-1,4.882660792E-1
1.785565425E1,-7.892499864E-2,-4.985750020E-1,2.431000024E-1,5.602711836E-1
1.785815887E1,-4.716249928E-2,-5.791500211E-1,2.124374956E-1,6.186830673E-1
1.786066348E1,-1.911249943E-2,-5.999125242E-1,1.783374995E-1,6.261506113E-1
1.786316810E1,2.887499984E-3,-5.656750202E-1,1.379124969E-1,5.822511683E-1
1.786567271E1,2.364999987E-2,-5.009124875E-1,1.038125008E-1,5.121031907E-1
1.786817733E1,4.812499881E-2,-3.933874965E-1,7.562500238E-2,4.034710385E-1
1.787068294E1,8.236250281E-2,-2.175250053E-1,5.857500061E-2,2.398577506E-1
1.787318656E1,1.176999956E-1,3.657500073E-2,5.486249924E-2,1.349107612E-1
1.787569125E1,1.568875015E-1,3.004375100E-1,6.462500244E-2,3.450402534E-1
1.787819587E1,1.996500045E-1,5.020124912E-1,7.562500238E-2,5.455234245E-1
1.788070048E1,2.399374992E-1,6.437749863E-1,8.538749814E-2,6.923202014E-1
1.788320533E1,2.754124999E-1,7.805874944E-1,9.033749998E-2,8.326642453E-1
1.788570995E1,3.144625127E-1,9.113500118E-1,9.638749808E-2,9.688839279E-1
1.788821456E1,3.499374986E-1,1.012687445E0,9.638749808E-2,1.075770730E0
1.789072018E1,3.926999867E-1,1.109212518E0,9.033749998E-2,1.180138362E0
1.789322387E1,4.317499995E-1,1.214262486E0,7.809999585E-2,1.291100715E0
1.789572848E1,4.769875109E-1,1.337737441E0,6.462500244E-2,1.421701424E0
1.789823310E1,5.220875144E-1,1.463549972E0,5.128749833E-2,1.554729655E0
1.790073771E1,5.698000193E-1,1.582075000E0,3.657500073E-2,1.681954547E0
1.790324233E1,6.186124682E-1,1.718887448E0,2.557500079E-2,1.826994671E0
1.790574694E1,6.699000001E-1,1.871649981E0,1.828750037E-2,1.988007569E0
1.790825156E1,7.249000072E-1,2.010937452E0,1.828750037E-2,2.137681896E0
1.791075733E1,7.701374888E-1,2.180749893E0,2.928750031E-2,2.312928794E0
1.791326102E1,8.238999844E-1,2.346849918E0,4.757500067E-2,2.487725689E0
1.791576564E1,8.813750148E-1,2.494662523E0,6.586249918E-2,2.646601763E0
1.791827025E1,9.497125149E-1,2.648662567E0,8.181250095E-2,2.814970789E0
1.792077487E1,1.020662546E0,2.806237459E0,9.638749808E-2,2.987643095E0
1.792327956E1,1.092712522E0,2.945524931E0,1.086250022E-1,3.143554861E0
1.792578407E1,1.168475032E0,3.076149940E0,1.183874980E-1,3.292726523E0
1.792828876E1,1.246574998E0,3.182437420E0,1.208624989E-1,3.420009488E0
1.793079430E1,1.328524947E0,3.261912584E0,1.183874980E-1,3.524069784E0
1.793329800E1,1.416387439E0,3.325437546E0,1.086250022E-1,3.616142646E0
1.793580261E1,1.506862521E0,3.362149954E0,9.404999763E-2,3.685584400E0
1.793830744E1,1.608199954E0,3.373149872E0,7.081250101E-2,3.737574288E0
1.794081183E1,1.713250041E0,3.360912561E0,4.386249930E-2,3.772649317E0
1.794331668E1,1.826962471E0,3.321724892E0,1.333750039E-2,3.791019126E0
1.794582129E1,1.947824955E0,3.264387369E0,-2.089999989E-2,3.801405498E0
1.794832592E1,2.076112509E0,3.202100039E0,-5.747500062E-2,3.816672789E0
1.795083154E1,2.208112478E0,3.125099897E0,-9.171249717E-2,3.827586873E0
1.795333523E1,2.346162558E0,3.043287516E0,-1.247124970E-1,3.844688655E0
1.795583984E1,2.490262508E0,2.952812433E0,-1.491875052E-1,3.865587347E0
1.795834447E1,2.638074875E0,2.858762503E0,-1.662375033E-1,3.893532715E0
1.796084901E1,2.794549942E0,2.753712416E0,-1.759999990E-1,3.927265900E0
1.796335363E1,2.950887442E0,2.653475046E0,-1.784749925E-1,3.972470244E0
1.796585855E1,3.103650093E0,2.563137531E0,-1.722874939E-1,4.028895740E0
1.796836294E1,3.248987436E0,2.479949951E0,-1.612875015E-1,4.090487108E0
1.797086871E1,3.382225037E0,2.415324926E0,-1.405249983E-1,4.158483855E0
1.797337240E1,3.506799936E0,2.371325016E0,-1.087625027E-1,4.234696849E0
1.797587702E1,3.609375000E0,2.329799891E0,-6.599999964E-2,4.296499903E0
1.797838163E1,3.694900036E0,2.306562424E0,-7.424999960E-3,4.355751556E0
1.798088625E1,3.768187523E0,2.296799898E0,6.833750010E-2,4.413524328E0
1.798339087E1,3.832949877E0,2.291850090E0,1.636250019E-1,4.468876227E0
1.798589549E1,3.887949944E0,2.287037373E0,2.736249864E-1,4.519022609E0
1.798840010E1,3.934424877E0,2.279612541E0,4.019125104E-1,4.564851161E0
1.799090595E1,3.970999956E0,2.263799906E0,5.422999859E-1,4.603012051E0
1.799340934E1,3.999187469E0,2.232037544E0,6.925874949E-1,4.631972523E0
1.799591403E1,4.016237259E0,2.184324980E0,8.514000177E-1,4.650410662E0
1.799841888E1,4.021049976E0,2.129324913E0,1.013924956E0,4.661642555E0
1.800092350E1,4.012525082E0,2.076799870E0,1.178925037E0,4.669402475E0
1.800342811E1,3.989287376E0,2.014512539E0,1.343787551E0,4.666737567E0
1.800593267E1,3.951474905E0,1.942462444E0,1.505074978E0,4.653231669E0
1.800843728E1,3.896475077E0,1.858175039E0,1.658937454E0,4.624651984E0
1.801094290E1,3.826900005E0,1.775125027E0,1.804412484E0,4.588260773E0
1.801344659E1,3.741374969E0,1.681074977E0,1.936275005E0,4.535753591E0
1.801595120E1,3.638662577E0,1.575887442E0,2.057275057E0,4.467176651E0
1.801845580E1,3.525087595E0,1.462312460E0,2.161087513E0,4.385760997E0
1.802096042E1,3.400512457E0,1.340212464E0,2.258850098E0,4.296749723E0
1.802346503E1,3.269749880E0,1.206974983E0,2.345612526E0,4.201184477E0
1.802596957E1,3.134175062E0,1.067687511E0,2.411612511E0,4.096203711E0
1.802847451E1,2.998600006E0,9.345874786E-1,2.451900005E0,3.984578947E0
1.803098004E1,2.866600037E0,8.038250208E-1,2.482424974E0,3.876333859E0
1.803348374E1,2.740787506E0,6.817250252E-1,2.515424967E0,3.782066621E0
1.803598835E1,2.621025085E0,5.655375123E-1,2.537425041E0,3.691629859E0
1.803849303E1,2.511024952E0,4.617249966E-1,2.547187567E0,3.606466523E0
1.804099757E1,2.405975103E0,3.616249859E-1,2.544712543E0,3.520660557E0
1.804350218E1,2.308212519E0,2.663374841E-1,2.531237602E0,3.435977952E0
1.804600680E1,2.212924957E0,1.795749962E-1,2.505662441E0,3.347779610E0
1.804851142E1,2.122587442E0,1.086250022E-1,2.468950033E0,3.257743254E0
1.805101703E1,2.032112598E0,5.004999787E-2,2.422612429E0,3.162441714E0
1.805352065E1,1.945487499E0,-2.474999987E-3,2.367612600E0,3.064395073E0
1.805602534E1,1.864774942E0,-5.142499879E-2,2.304087400E0,2.964599276E0
1.805853019E1,1.786674976E0,-9.295000136E-2,2.235612392E0,2.863356412E0
1.806103456E1,1.709674954E0,-1.295250058E-1,2.162324905E0,2.759603989E0
1.806353940E1,1.636387467E0,-1.687124968E-1,2.086562395E0,2.657060496E0
1.806604379E1,1.561862469E0,-2.102375031E-1,2.007225037E0,2.551973065E0
1.806854863E1,1.490912437E0,-2.505249977E-1,1.928987503E0,2.450831585E0
1.807105424E1,1.421337485E0,-2.860000134E-1,1.848412514E0,2.349175403E0
1.807355794E1,1.355337501E0,-3.201000094E-1,1.766462445E0,2.249398437E0
1.807606255E1,1.291812539E0,-3.555749953E-1,1.682175040E0,2.150564131E0
1.807856709E1,1.231999993E0,-3.885749876E-1,1.596650004E0,2.053802751E0
1.808107179E1,1.175762534E0,-4.153875113E-1,1.509887457E0,1.958245249E0
1.808357633E1,1.123237491E0,-4.361499846E-1,1.425600052E0,1.866607826E0
1.808608125E1,1.074287534E0,-4.593875110E-1,1.340075016E0,1.777900908E0
1.808858556E1,1.029187441E0,-4.789125025E-1,1.255787492E0,1.692804241E0
1.809109148E1,9.851874709E-1,-4.996750057E-1,1.173974991E0,1.611982240E0
1.809359487E1,9.436625242E-1,-5.193374753E-1,1.095737457E0,1.536506085E0
1.809609971E1,9.044749737E-1,-5.400999784E-1,1.023687482E0,1.468917637E0
1.809860410E1,8.679000139E-1,-5.583875179E-1,9.589250088E-1,1.408752720E0
1.810110894E1,8.361374736E-1,-5.741999745E-1,8.978750110E-1,1.354625786E0
1.810361357E1,8.079500198E-1,-5.901499987E-1,8.441125154E-1,1.309040181E0
1.810611826E1,7.799000144E-1,-5.974375010E-1,7.965375185E-1,1.264771765E0
1.810862288E1,7.566624880E-1,-5.999125242E-1,7.537750006E-1,1.224993840E0
1.811112865E1,7.396125197E-1,-5.974375010E-1,7.133499980E-1,1.188623770E0
1.811363212E1,7.261375189E-1,-5.913875103E-1,6.767749786E-1,1.155438988E0
1.811613665E1,7.188500166E-1,-5.803874731E-1,6.388249993E-1,1.123250793E0
1.811864134E1,7.151374817E-1,-5.669124722E-1,6.034874916E-1,1.094078846E0
1.812114596E1,7.163749933E-1,-5.424374938E-1,5.667750239E-1,1.062386697E0
1.812365079E1,7.176125050E-1,-4.936249852E-1,5.350124836E-1,1.022189655E0
1.812615541E1,7.200874686E-1,-4.545750022E-1,5.044875145E-1,9.897838387E-1
1.812866002E1,7.249000072E-1,-4.263874888E-1,4.800125062E-1,9.683482418E-1
1.813116564E1,7.335624695E-1,-4.031499922E-1,4.580124915E-1,9.541589255E-1
1.813366933E1,7.456625104E-1,-3.898124993E-1,4.422000051E-1,9.505299619E-1
1.813617392E1,7.566624880E-1,-3.763374984E-1,4.324375093E-1,9.492998646E-1
1.813867846E1,7.701374888E-1,-3.605250120E-1,4.262500107E-1,9.511987740E-1
1.814118316E1,7.836124897E-1,-3.482874930E-1,4.226749837E-1,9.560370566E-1
1.814368770E1,7.933750153E-1,-3.298625052E-1,4.239124954E-1,9.580996769E-1
1.814619262E1,8.018999696E-1,-3.115749955E-1,4.262500107E-1,9.601102076E-1
1.814869701E1,8.091874719E-1,-2.908124924E-1,4.299624860E-1,9.613657003E-1
1.815120278E1,8.189499974E-1,-2.663374841E-1,4.324375093E-1,9.636477329E-1
1.815370647E1,8.251374960E-1,-2.432374954E-1,4.349125028E-1,9.639321820E-1
1.815621085E1,8.336625099E-1,-2.199999988E-1,4.349125028E-1,9.656821760E-1
1.815871569E1,8.434249759E-1,-2.015749961E-1,4.349125028E-1,9.701273391E-1
1.816122031E1,8.531875014E-1,-1.882375032E-1,4.349125028E-1,9.759667798E-1
1.816372492E1,8.617125154E-1,-1.772374958E-1,4.336749911E-1,9.808341282E-1
1.816622954E1,8.703749776E-1,-1.735250056E-1,4.324375093E-1,9.872516035E-1
1.816873412E1,8.739500046E-1,-1.797125041E-1,4.287250042E-1,9.898940973E-1
1.817123974E1,8.801375031E-1,-1.918125004E-1,4.226749837E-1,9.950317591E-1
1.817374336E1,8.813750148E-1,-2.114749998E-1,4.177249968E-1,9.980169163E-1
1.817624804E1,8.788999915E-1,-2.395250052E-1,4.116750062E-1,9.996568081E-1
1.817875266E1,8.727124929E-1,-2.725250125E-1,4.079625010E-1,1.001164512E0
1.818125728E1,8.617125154E-1,-3.042874932E-1,4.042499959E-1,9.992784381E-1
1.818376212E1,8.531875014E-1,-3.348124921E-1,4.006749988E-1,1.000284346E0
1.818626674E1,8.398500085E-1,-3.665750027E-1,3.944875002E-1,9.976701144E-1
1.818877136E1,8.288499713E-1,-3.933874965E-1,3.859624863E-1,9.953456877E-1
1.819127698E1,8.189499974E-1,-4.240500033E-1,3.749625087E-1,9.955372351E-1
1.819378068E1,8.116624951E-1,-4.508624971E-1,3.591499925E-1,9.955208257E-1
1.819628529E1,8.031374812E-1,-4.813874960E-1,3.444375098E-1,9.976978166E-1
1.819878983E1,7.908999920E-1,-5.143874884E-1,3.297249973E-1,9.994177602E-1
1.820129443E1,7.761874795E-1,-5.388625264E-1,3.176249862E-1,9.968577920E-1
1.820379904E1,7.493749857E-1,-5.534374714E-1,3.089624941E-1,9.814854694E-1
1.820630366E1,7.176125050E-1,-5.949624777E-1,3.066250086E-1,9.813087960E-1
1.820880858E1,6.833750010E-1,-6.487249732E-1,3.089624941E-1,9.916165113E-1
1.821131414E1,6.455624700E-1,-6.989125013E-1,3.139125109E-1,1.001883552E0
1.821381784E1,6.088500023E-1,-7.514374852E-1,3.212000132E-1,1.019080992E0
1.821632222E1,5.660874844E-1,-7.954375148E-1,3.346749842E-1,1.032077141E0
1.821882706E1,5.245624781E-1,-8.271999955E-1,3.504875004E-1,1.040320678E0
1.822133146E1,4.780874848E-1,-8.552500010E-1,3.701499999E-1,1.047392586E0
1.822383630E1,4.329875112E-1,-8.735374808E-1,3.969624937E-1,1.052675228E0
1.822634092E1,3.852750063E-1,-8.845375180E-1,4.250124991E-1,1.054267080E0
1.822884553E1,3.364624977E-1,-8.845375180E-1,4.567750096E-1,1.050836354E0
1.823135115E1,2.899875045E-1,-8.784874678E-1,4.910124838E-1,1.047342467E0
1.823385476E1,2.424124926E-1,-8.687250018E-1,5.277249813E-1,1.044959617E0
1.823635945E1,1.971749961E-1,-8.515374660E-1,5.655375123E-1,1.041069985E0
1.823886399E1,1.519374996E-1,-8.284375072E-1,6.058250070E-1,1.037505492E0
1.824136892E1,1.104125008E-1,-8.027250171E-1,6.462500095E-1,1.036434971E0
1.824387331E1,6.517499685E-2,-7.770124674E-1,6.828249693E-1,1.036458438E0
1.824637815E1,2.364999987E-2,-7.452499866E-1,7.195374966E-1,1.036190655E0
1.824888254E1,-1.292499993E-2,-7.196750045E-1,7.548750043E-1,1.043041437E0
1.825138838E1,-4.839999974E-2,-6.939625144E-1,7.855374813E-1,1.049283406E0
1.825389207E1,-8.016250283E-2,-6.756749749E-1,8.111125231E-1,1.058709698E0
1.825639668E1,-1.069749966E-1,-6.584874988E-1,8.343499899E-1,1.068264640E0
1.825890122E1,-1.351625025E-1,-6.476249695E-1,8.503000140E-1,1.077356541E0
1.826140583E1,-1.583999991E-1,-6.377249956E-1,8.600624800E-1,1.082354470E0
1.826391045E1,-1.815000027E-1,-6.279624701E-1,8.648750186E-1,1.084106965E0
1.826641514E1,-2.011625022E-1,-6.206749678E-1,8.661124706E-1,1.084368286E0
1.826891968E1,-2.194499969E-1,-6.182000041E-1,8.588249683E-1,1.080698789E0
1.827142553E1,-2.329249978E-1,-6.206749678E-1,8.465874791E-1,1.075268260E0
1.827392899E1,-2.487374991E-1,-6.256250143E-1,8.270624876E-1,1.066447073E0
1.827643361E1,-2.597374916E-1,-6.291999817E-1,8.050624728E-1,1.054268356E0
1.827893822E1,-2.694999874E-1,-6.291999817E-1,7.793499827E-1,1.037260457E0
1.828144307E1,-2.780250013E-1,-6.291999817E-1,7.500625253E-1,1.017734892E0
1.828394769E1,-2.829749882E-1,-6.256250143E-1,7.207750082E-1,9.954888824E-1
1.828645231E1,-2.877874970E-1,-6.194375157E-1,6.925874949E-1,9.727291079E-1
1.828895692E1,-2.890250087E-1,-6.121500134E-1,6.657750010E-1,9.494837790E-1
1.829146277E1,-2.915000021E-1,-6.059625149E-1,6.413000226E-1,9.292085555E-1
1.829396623E1,-2.939749956E-1,-5.986750126E-1,6.180624962E-1,9.093043044E-1
1.829647084E1,-2.952125072E-1,-5.938624740E-1,5.937250257E-1,8.901305907E-1
1.829897546E1,-3.000249863E-1,-5.864375234E-1,5.704874992E-1,8.714240919E-1
1.830148000E1,-3.049750030E-1,-5.803874731E-1,5.484874845E-1,8.548086874E-1
1.830398469E1,-3.074499965E-1,-5.681499839E-1,5.252500176E-1,8.325908272E-1
1.830648931E1,-3.086875081E-1,-5.511000156E-1,5.020124912E-1,8.068554680E-1
1.830899392E1,-3.097875118E-1,-5.303375125E-1,4.787749946E-1,7.787500723E-1
1.831149977E1,-3.122625053E-1,-5.058624744E-1,4.556750059E-1,7.490289889E-1
1.831400338E1,-3.134999871E-1,-4.789125025E-1,4.349125028E-1,7.188799010E-1
1.831650800E1,-3.147374988E-1,-4.521000087E-1,4.177249968E-1,6.913380389E-1
1.831901262E1,-3.147374988E-1,-4.263874888E-1,4.019125104E-1,6.651313027E-1
1.832151724E1,-3.159750104E-1,-3.933874965E-1,3.921499848E-1,6.390426748E-1
1.832402193E1,-3.134999871E-1,-3.568125069E-1,3.847250044E-1,6.112370539E-1
1.832652647E1,-3.086875081E-1,-3.188624978E-1,3.859624863E-1,5.881567061E-1
1.832903117E1,-3.012624979E-1,-2.822875082E-1,3.884375095E-1,5.668589143E-1
1.833153671E1,-2.915000021E-1,-2.492875010E-1,3.944875002E-1,5.502153189E-1
1.833404040E1,-2.804999948E-1,-2.162874937E-1,4.067249894E-1,5.393382464E-1
1.833654502E1,-2.682625055E-1,-1.857624948E-1,4.189625084E-1,5.310386613E-1
1.833904966E1,-2.524499893E-1,-1.564749926E-1,4.336749911E-1,5.256323985E-1
1.834155428E1,-2.341624945E-1,-1.344749928E-1,4.494875073E-1,5.243611511E-1
1.834405912E1,-2.132624984E-1,-1.087625027E-1,4.666749835E-1,5.244956772E-1
1.834656374E1,-1.913999915E-1,-8.799999952E-2,4.824874997E-1,5.264714086E-1
1.834906843E1,-1.694000065E-1,-6.476250291E-2,4.996750057E-1,5.315690504E-1
1.835157421E1,-1.473999918E-1,-4.647500068E-2,5.154874921E-1,5.381580044E-1
1.835407760E1,-1.266375035E-1,-2.942499891E-2,5.314375162E-1,5.471094237E-1
1.835658229E1,-1.069749966E-1,-1.718750037E-2,5.460125208E-1,5.566585425E-1
1.835908691E1,-8.868750185E-2,-9.762499481E-3,5.594875216E-1,5.665572048E-1
1.836159175E1,-7.521250099E-2,-2.474999987E-3,5.740625262E-1,5.789739458E-1
1.836409606E1,-6.063750014E-2,3.574999981E-3,5.900124907E-1,5.931310364E-1
1.836660098E1,-4.963750020E-2,1.099999994E-2,6.095374823E-1,6.116541700E-1
1.836910537E1,-4.111250117E-2,1.581249945E-2,6.352499723E-1,6.367753138E-1
1.837161121E1,-3.739999980E-2,1.581249945E-2,6.645374894E-1,6.657768920E-1
1.837411483E1,-3.616249934E-2,1.704999991E-2,7.012500167E-1,7.023887917E-1
1.837661944E1,-3.987500072E-2,1.099999994E-2,7.427750230E-1,7.439259039E-1
1.837912406E1,-4.839999974E-2,-2.474999987E-3,7.855374813E-1,7.870310160E-1
1.838162868E1,-5.816249922E-2,-1.966249943E-2,8.318749666E-1,8.341375488E-1
1.838413329E1,-7.521250099E-2,-4.399999976E-2,8.820624948E-1,8.863561163E-1
1.838663791E1,-9.611249715E-2,-7.699999958E-2,9.345874786E-1,9.426666257E-1
1.838914252E1,-1.216875017E-1,-1.185249984E-1,9.871125221E-1,1.001622261E0
1.839164837E1,-1.546874940E-1,-1.662375033E-1,1.039637446E0,1.064147146E0
1.839415182E1,-1.901624948E-1,-2.138125002E-1,1.089687467E0,1.126630523E0
1.839665644E1,-2.304500043E-1,-2.627624869E-1,1.139737487E0,1.192121163E0
1.839916105E1,-2.732124925E-1,-3.067624867E-1,1.186212540E0,1.255328036E0
1.840166590E1,-3.134999871E-1,-3.408625126E-1,1.232687473E0,1.316809744E0
1.840417051E1,-3.612124920E-1,-3.702875078E-1,1.276549935E0,1.377376869E0
1.840667513E1,-4.075500071E-1,-3.946250081E-1,1.323024988E0,1.439521109E0
1.840917974E1,-4.527874887E-1,-4.093374908E-1,1.374312520E0,1.503764807E0
1.841168536E1,-4.992625117E-1,-4.130499959E-1,1.426837444E0,1.567079592E0
1.841418898E1,-5.455999970E-1,-4.068624973E-1,1.484312534E0,1.632911555E0
1.841669367E1,-5.883625150E-1,-4.008125067E-1,1.546599984E0,1.702584102E0
1.841919827E1,-6.311249733E-1,-3.995749950E-1,1.605312467E0,1.770595104E0
1.842170311E1,-6.726499796E-1,-4.056249857E-1,1.661412477E0,1.837738024E0
1.842420773E1,-7.118374705E-1,-4.240500033E-1,1.710362434E0,1.900492212E0
1.842671212E1,-7.471749783E-1,-4.459125102E-1,1.746937513E0,1.951640103E0
1.842921675E1,-7.655999660E-1,-4.813874960E-1,1.776362538E0,1.993324132E0
1.843172252E1,-7.606499791E-1,-5.449125171E-1,1.800699949E0,2.029295038E0
1.843422621E1,-7.215999961E-1,-6.316750050E-1,1.821462512E0,2.058505659E0
1.843673082E1,-6.604124904E-1,-7.221499681E-1,1.839887500E0,2.083946076E0
1.843923544E1,-5.895999670E-1,-7.990124822E-1,1.853224993E0,2.102496597E0
1.844174005E1,-5.248374939E-1,-8.442500234E-1,1.854462504E0,2.104101632E0
1.844424466E1,-4.772624969E-1,-8.540124893E-1,1.840987444E0,2.084790539E0
1.844674928E1,-4.393124878E-1,-8.394374847E-1,1.818987489E0,2.050942768E0
1.844925390E1,-4.014999866E-1,-8.234875202E-1,1.793412447E0,2.013867458E0
1.845175951E1,-3.562625051E-1,-8.185374737E-1,1.768937469E0,1.981430376E0
1.845426320E1,-3.000249863E-1,-8.210124969E-1,1.753124952E0,1.958959829E0
1.845676805E1,-2.292124927E-1,-8.162000179E-1,1.749412537E0,1.944007474E0
1.845927266E1,-1.497374922E-1,-8.039624691E-1,1.757937431E0,1.938845270E0
1.846177728E1,-8.387500048E-2,-7.770124674E-1,1.775125027E0,1.939549497E0
1.846428166E1,-4.235000163E-2,-7.367249727E-1,1.790937543E0,1.937011743E0
1.846678628E1,-2.392499894E-2,-6.744375229E-1,1.800699949E0,1.923007718E0
1.846929112E1,-2.516249940E-2,-5.876749754E-1,1.801937461E0,1.895514084E0
1.847179666E1,-3.739999980E-2,-4.911499918E-1,1.799462438E0,1.865661314E0
1.847430036E1,-6.435000151E-2,-3.898124993E-1,1.787225008E0,1.830373715E0
1.847680497E1,-1.046374962E-1,-2.920500040E-1,1.757937431E0,1.785101180E0
1.847930966E1,-1.522125006E-1,-2.004749924E-1,1.707887530E0,1.726336782E0
1.848181420E1,-2.059749961E-1,-1.160499975E-1,1.632125020E0,1.649158992E0
1.848431882E1,-2.572624981E-1,-3.176249936E-2,1.531887531E0,1.553664139E0
1.848682343E1,-3.097875118E-1,4.881250113E-2,1.414600015E0,1.448945880E0
1.848932805E1,-3.477374911E-1,1.196250021E-1,1.285212517E0,1.336788210E0
1.849183389E1,-3.807374835E-1,1.758625060E-1,1.150737524E0,1.224779777E0
1.849433757E1,-4.210250080E-1,2.198625058E-1,1.013924956E0,1.119663072E0
1.849684219E1,-4.662624896E-1,2.503874898E-1,8.733999729E-1,1.021235583E0
1.849934680E1,-5.102624893E-1,2.796750069E-1,7.390624881E-1,9.406376979E-1
1.850185142E1,-5.468375087E-1,3.139125109E-1,6.144874692E-1,8.804357871E-1
1.850435602E1,-5.773624778E-1,3.506250083E-1,5.057250261E-1,8.438264806E-1
1.850686064E1,-5.981249809E-1,3.909125030E-1,4.152500033E-1,8.264373195E-1
1.850936525E1,-6.128374934E-1,4.349125028E-1,3.396250010E-1,8.246598206E-1
1.851187110E1,-6.201249957E-1,4.800125062E-1,2.771999836E-1,8.317492695E-1
1.851437456E1,-6.201249957E-1,5.227749944E-1,2.234375030E-1,8.412924716E-1
1.851687940E1,-6.153125167E-1,5.594875216E-1,1.758625060E-1,8.500372939E-1
1.851938379E1,-6.067875028E-1,5.912500024E-1,1.293874979E-1,8.570348671E-1
1.852188840E1,-6.030749679E-1,6.144874692E-1,8.428750187E-2,8.651003697E-1
1.852439325E1,-6.018375158E-1,6.327750087E-1,4.262499884E-2,8.743165889E-1
1.852689787E1,-6.067875028E-1,6.498249769E-1,4.812499974E-3,8.890932090E-1
1.852940248E1,-6.275500059E-1,6.828249693E-1,-2.447500080E-2,9.277219272E-1
1.853190809E1,-6.678375006E-1,7.293000221E-1,-3.918749839E-2,9.896570666E-1
1.853441171E1,-7.130749822E-1,7.550125122E-1,-4.042499885E-2,1.039304577E0
1.853691632E1,-7.594124675E-1,7.585874796E-1,-3.795000166E-2,1.074058873E0
1.853942094E1,-8.106999993E-1,7.512999773E-1,-3.189999983E-2,1.105759357E0
1.854192556E1,-8.621249795E-1,7.280625105E-1,-2.199999988E-2,1.128635681E0
1.854443017E1,-9.121749997E-1,6.902499795E-1,-9.899999946E-3,1.143943300E0
1.854693486E1,-9.646999836E-1,6.413000226E-1,6.049999967E-3,1.158424956E0
1.854943942E1,-1.011175036E0,5.852000117E-1,2.186249942E-2,1.168508441E0
1.855194526E1,-1.062462449E0,5.264874697E-1,3.657500073E-2,1.186319199E0
1.855444896E1,-1.113749981E0,4.690124989E-1,5.004999787E-2,1.209510953E0
1.855695357E1,-1.162562490E0,4.129124880E-1,6.352499872E-2,1.235347599E0
1.855945797E1,-1.204087496E0,3.542000055E-1,7.562500238E-2,1.257379610E0
1.856196282E1,-1.243275046E0,2.919124961E-1,9.281250089E-2,1.280453008E0
1.856446743E1,-1.279850006E0,2.246749997E-1,1.123374999E-1,1.304267843E0
1.856697205E1,-1.312849998E0,1.600500047E-1,1.355749965E-1,1.329500546E0
1.856947674E1,-1.348325014E0,9.652499855E-2,1.623875052E-1,1.361494444E0
1.857198228E1,-1.380087495E0,3.286249936E-2,1.893374920E-1,1.393402355E0
1.857448589E1,-1.413087487E0,-2.571249940E-2,2.063875049E-1,1.428311304E0
1.857699051E1,-1.447324991E0,-9.047500044E-2,2.211000025E-1,1.466908507E0
1.857949514E1,-1.480187535E0,-1.577125043E-1,2.344374955E-1,1.506913837E0
1.858199975E1,-1.514425039E0,-2.260500044E-1,2.479124963E-1,1.551142292E0
1.858450444E1,-1.538900018E0,-2.945249975E-1,2.601499856E-1,1.588280911E0
1.858700906E1,-1.560899973E0,-3.605250120E-1,2.662000060E-1,1.623961038E0
1.858951368E1,-1.581662536E0,-4.020499885E-1,2.674374878E-1,1.653730141E0
1.859201945E1,-1.593899965E0,-4.153875113E-1,2.699125111E-1,1.669106542E0
1.859452314E1,-1.593899965E0,-4.300999939E-1,2.761000097E-1,1.673838200E0
1.859702775E1,-1.581662536E0,-4.263874888E-1,2.858625054E-1,1.662883050E0
1.859953236E1,-1.560899973E0,-4.043875039E-1,2.991999984E-1,1.639956895E0
1.860203697E1,-1.524187446E0,-3.713875115E-1,3.163875043E-1,1.600367803E0
1.860454159E1,-1.475374937E0,-3.335750103E-1,3.346749842E-1,1.549196836E0
1.860704620E1,-1.416662455E0,-3.018124998E-1,3.554374874E-1,1.491428544E0
1.860955089E1,-1.351899981E0,-2.750000060E-1,3.786749840E-1,1.430612913E0
1.861205666E1,-1.281087518E0,-2.553375065E-1,4.019125104E-1,1.366717285E0
1.861456035E1,-1.209037542E0,-2.492875010E-1,4.251500070E-1,1.305629567E0
1.861706496E1,-1.129562497E0,-2.517625093E-1,4.459125102E-1,1.240215208E0
1.861956958E1,-1.047749996E0,-2.639999986E-1,4.690124989E-1,1.177900156E0
1.862207420E1,-9.671750069E-1,-2.750000060E-1,4.897750020E-1,1.118450736E0
1.862457882E1,-8.839874864E-1,-2.810499966E-1,5.094375014E-1,1.058276686E0
1.862708351E1,-7.984625101E-1,-2.737624943E-1,5.289624929E-1,9.961373411E-1
1.862958812E1,-7.106000185E-1,-2.565749884E-1,5.460125208E-1,9.321549141E-1
1.863209390E1,-6.213625073E-1,-2.224749923E-1,5.607249737E-1,8.660248171E-1
1.863459736E1,-5.333625078E-1,-1.735250056E-1,5.752999783E-1,8.034653429E-1
1.863710190E1,-4.430249929E-1,-1.149500012E-1,5.887749791E-1,7.457483645E-1
1.863960651E1,-3.525500000E-1,-3.795000166E-2,6.034874916E-1,6.999491822E-1
1.864211120E1,-2.609750032E-1,5.609999970E-2,6.180624962E-1,6.732432038E-1
1.864461574E1,-1.706375033E-1,1.673374921E-1,6.400625110E-1,6.832269109E-1
1.864712043E1,-8.263749629E-2,2.906749845E-1,6.632999778E-1,7.288948915E-1
1.864962505E1,-1.924999990E-3,4.043875039E-1,6.877750158E-1,7.978517602E-1
1.865213081E1,7.493750006E-2,5.326749682E-1,7.341125011E-1,9.100985744E-1
1.865463427E1,1.568875015E-1,6.743000150E-1,7.928249836E-1,1.052551972E0
1.865713911E1,2.362249941E-1,8.123499751E-1,8.490625024E-1,1.198591616E0
1.865964373E1,3.071750104E-1,9.394000173E-1,9.003499746E-1,1.336958846E0
1.866214834E1,3.620375097E-1,1.053112507E0,9.491624832E-1,1.463224703E0
1.866465296E1,4.072749913E-1,1.162974954E0,1.004162550E0,1.589567894E0
1.866715757E1,4.452250004E-1,1.269262552E0,1.061637521E0,1.713571403E0
1.866966226E1,4.757499993E-1,1.364549994E0,1.116637468E0,1.826256823E0
1.867216803E1,4.940375090E-1,1.441550016E0,1.167925000E0,1.919944873E0
1.867467173E1,5.000874996E-1,1.499024987E0,1.219212532E0,1.995906465E0
1.867717634E1,4.890874922E-1,1.551550031E0,1.305974960E0,2.086165063E0
1.867968096E1,4.720374942E-1,1.583312511E0,1.425600052E0,2.182208380E0
1.868218534E1,4.512749910E-1,1.543025017E0,1.490362525E0,2.192203407E0
1.868469018E1,4.182749987E-1,1.494074941E0,1.542887449E0,2.188084912E0
1.868719480E1,3.669874966E-1,1.459837437E0,1.579599977E0,2.181958123E0
1.868969941E1,2.985124886E-1,1.422024965E0,1.607650042E0,2.166980241E0
1.869220495E1,2.179374993E-1,1.374312520E0,1.633362532E0,2.145717786E0
1.869470864E1,1.274625063E-1,1.312024951E0,1.666362524E0,2.124716504E0
1.869721326E1,4.193750024E-2,1.235025048E0,1.702937484E0,2.104053635E0
1.869971795E1,-4.235000163E-2,1.150737524E0,1.735937476E0,2.083139288E0
1.870222249E1,-1.278750002E-1,1.070162535E0,1.766462445E0,2.069296846E0
1.870472718E1,-2.096875012E-1,9.883499742E-1,1.789700031E0,2.055196030E0
1.870723180E1,-2.890250087E-1,9.028249979E-1,1.799462438E0,2.033886304E0
1.870973641E1,-3.660250008E-1,8.233500123E-1,1.811699986E0,2.023397239E0
1.871224218E1,-4.368374944E-1,7.573499680E-1,1.820225000E0,2.019313008E0
1.871474564E1,-5.028374791E-1,6.902499795E-1,1.815412521E0,2.006243551E0
1.871725048E1,-5.640249848E-1,6.340125203E-1,1.801937461E0,1.991751659E0
1.871975510E1,-6.201249957E-1,5.961999893E-1,1.777462482E0,1.974685371E0
1.872225971E1,-6.738874912E-1,5.729625225E-1,1.740887523E0,1.952715998E0
1.872476433E1,-7.178875208E-1,5.655375123E-1,1.696887493E0,1.927335553E0
1.872726893E1,-7.558375001E-1,5.692499876E-1,1.646837473E0,1.899318177E0
1.872977362E1,-7.911750078E-1,5.765374899E-1,1.584550023E0,1.862566011E0
1.873227939E1,-8.193625212E-1,5.827249885E-1,1.508787513E0,1.813108687E0
1.873478286E1,-8.522250056E-1,5.852000117E-1,1.417075038E0,1.754094689E0
1.873728770E1,-8.864625096E-1,5.790125132E-1,1.316974998E0,1.689820823E0
1.873979232E1,-9.231749773E-1,5.522000194E-1,1.227737546E0,1.632334642E0
1.874229693E1,-9.622250199E-1,5.094375014E-1,1.162974954E0,1.593083268E0
1.874480155E1,-1.002512455E0,4.494875073E-1,1.125162482E0,1.572596850E0
1.874730616E1,-1.036749959E0,3.713875115E-1,1.100687504E0,1.557013854E0
1.874981077E1,-1.069749951E0,2.919124961E-1,1.076212525E0,1.545254433E0
1.875231639E1,-1.102749944E0,2.296250015E-1,1.049399972E0,1.539488675E0
1.875482001E1,-1.132037520E0,1.991000026E-1,1.018875003E0,1.535986989E0
1.875732462E1,-1.156512499E0,2.028124928E-1,9.883499742E-1,1.534760483E0
1.875982925E1,-1.171087503E0,2.479124963E-1,9.626374841E-1,1.536091622E0
1.876233386E1,-1.174800038E0,3.408625126E-1,9.418749809E-1,1.543849365E0
1.876483856E1,-1.174800038E0,4.581499994E-1,9.283999801E-1,1.565880926E0
1.876734317E1,-1.172325015E0,5.887749791E-1,9.174000025E-1,1.600820003E0
1.876984779E1,-1.169987440E0,7.243499756E-1,9.076374769E-1,1.648441472E0
1.877235354E1,-1.162562490E0,8.478249907E-1,9.039250016E-1,1.699246646E0
1.877485701E1,-1.161324978E0,9.468249679E-1,9.051625133E-1,1.750563452E0
1.877736185E1,-1.165037513E0,1.013924956E0,9.149249792E-1,1.795116693E0
1.877986647E1,-1.172325015E0,1.064112544E0,9.271624684E-1,1.834751125E0
1.878237108E1,-1.184562445E0,1.100687504E0,9.394000173E-1,1.870073143E0
1.878487573E1,-1.199275017E0,1.129974961E0,9.466875196E-1,1.900347663E0
1.878738034E1,-1.216325045E0,1.158162475E0,9.431124926E-1,1.926200432E0
1.878988504E1,-1.235849977E0,1.180162549E0,9.296374917E-1,1.945336648E0
1.879239080E1,-1.255512476E0,1.204499960E0,9.138249755E-1,1.965250065E0
1.879489427E1,-1.277374983E0,1.225262523E0,8.930624723E-1,1.982552818E0
1.879739889E1,-1.297037482E0,1.244925022E0,8.685874939E-1,1.996644379E0
1.879990350E1,-1.315325022E0,1.260737538E0,8.453499675E-1,2.008520754E0
1.880240812E1,-1.334849954E0,1.281499982E0,8.258249760E-1,2.026339925E0
1.880491273E1,-1.349562526E0,1.320549965E0,8.111125231E-1,2.055012104E0
1.880741734E1,-1.367849946E0,1.371974945E0,7.965375185E-1,2.094707794E0
1.880992195E1,-1.377612472E0,1.420787454E0,7.708249688E-1,2.123823025E0
1.881242772E1,-1.394662499E0,1.459837437E0,7.390624881E-1,2.149981905E0
1.881493142E1,-1.421612501E0,1.519787550E0,7.451124787E-1,2.210413741E0
1.881743603E1,-1.430137515E0,1.571074963E0,7.512999773E-1,2.253446584E0
1.881994065E1,-1.438662529E0,1.590600014E0,7.255874872E-1,2.264119139E0
1.882244526E1,-1.452137470E0,1.600362539E0,7.023500204E-1,2.272258577E0
1.882494988E1,-1.469187498E0,1.590600014E0,6.877750158E-1,2.271905540E0
1.882745450E1,-1.488849998E0,1.571074963E0,6.792500019E-1,2.268552714E0
1.882995919E1,-1.508375049E0,1.550312519E0,6.705874801E-1,2.264586444E0
1.883246496E1,-1.527899981E0,1.532024980E0,6.632999778E-1,2.263083240E0
1.883496842E1,-1.537662506E0,1.511262536E0,6.523000002E-1,2.252513202E0
1.883747327E1,-1.546187520E0,1.484312534E0,6.352499723E-1,2.235491461E0
1.883997789E1,-1.551137447E0,1.453787446E0,6.107749939E-1,2.211915779E0
1.884248258E1,-1.552374959E0,1.433025002E0,5.814874768E-1,2.191245389E0
1.884498713E1,-1.551137447E0,1.417075038E0,5.484874845E-1,2.171397606E0
1.884749174E1,-1.548662543E0,1.408550024E0,5.094375014E-1,2.154505839E0
1.884999643E1,-1.541375041E0,1.404974937E0,4.677749872E-1,2.137429538E0
1.885250220E1,-1.533949971E0,1.412262440E0,4.226749837E-1,2.127473115E0
1.885500566E1,-1.521849990E0,1.413499951E0,3.761999905E-1,2.110814046E0
1.885751028E1,-1.508375049E0,1.402500033E0,3.297249973E-1,2.085885952E0
1.886001489E1,-1.498612523E0,1.384075046E0,2.881999910E-1,2.060233594E0
1.886251953E1,-1.483899951E0,1.358500004E0,2.491499931E-1,2.027204243E0
1.886502414E1,-1.465612531E0,1.324262500E0,2.149125040E-1,1.986926934E0
1.886752876E1,-1.443612456E0,1.285212517E0,1.819124967E-1,1.941360423E0
1.887003360E1,-1.417899966E0,1.236262441E0,1.489125043E-1,1.887050627E0
1.887253915E1,-1.389850020E0,1.184975028E0,1.171500012E-1,1.830183876E0
1.887504284E1,-1.356850028E0,1.127637506E0,9.281250089E-2,1.766698192E0
1.887754746E1,-1.320137501E0,1.071400046E0,7.328750193E-2,1.701773233E0
1.888005207E1,-1.279850006E0,1.011587501E0,5.609999970E-2,1.632321206E0
1.888255668E1,-1.231037498E0,9.468249679E-1,4.262499884E-2,1.553624063E0
1.888506130E1,-1.179749966E0,8.833000064E-1,3.286249936E-2,1.474146813E0
1.888756599E1,-1.123512506E0,8.173000216E-1,2.557500079E-2,1.389573229E0
1.889007061E1,-1.064800024E0,7.525374889E-1,2.309999987E-2,1.304087947E0
1.889257637E1,-9.976999760E-1,6.890124679E-1,2.433750033E-2,1.212738940E0
1.889507983E1,-9.279875159E-1,6.315374970E-1,2.681249939E-2,1.122817594E0
1.889758467E1,-8.546999693E-1,5.741999745E-1,3.052499890E-2,1.030121072E0
1.890008929E1,-7.801749706E-1,5.191999674E-1,3.657500073E-2,9.378589028E-1
1.890259390E1,-7.056499720E-1,4.702500105E-1,4.509999976E-2,8.491825277E-1
1.890509850E1,-6.263124943E-1,4.189625084E-1,5.252499878E-2,7.553514410E-1
1.890760312E1,-5.505499840E-1,3.689124882E-1,6.104999781E-2,6.655289709E-1
1.891010773E1,-4.710749984E-1,3.151499927E-1,7.328750193E-2,5.714912335E-1
1.891261335E1,-3.942124844E-1,2.613874972E-1,9.404999763E-2,4.822575127E-1
1.891511703E1,-3.282124996E-1,2.235749960E-1,1.673374921E-1,4.309420611E-1
1.891762165E1,-2.792625129E-1,2.333374918E-1,3.199625015E-1,4.845719127E-1
1.892012626E1,-2.475000024E-1,3.041499853E-1,5.460125208E-1,6.722299737E-1
1.892263088E1,-2.219250053E-1,4.336749911E-1,7.988749743E-1,9.356954261E-1
1.892513551E1,-2.059749961E-1,6.302999854E-1,1.054212451E0,1.245418670E0
1.892764013E1,-1.815000027E-1,8.722999692E-1,1.269262552E0,1.550766557E0
1.893014474E1,-1.387374997E-1,1.128737450E0,1.423262477E0,1.821804710E0
1.893265051E1,-8.621250093E-2,1.385312438E0,1.508787513E0,2.050112901E0
1.893515421E1,-3.368749842E-2,1.634600043E0,1.545362473E0,2.249710497E0
1.893765882E1,1.264999993E-2,1.872887492E0,1.539312482E0,2.424324751E0
1.894016344E1,1.883750036E-2,2.009700060E0,1.502599955E0,2.509393514E0
1.894266813E1,-1.254000068E-1,1.806887507E0,1.464787483E0,2.329414089E0
1.894517276E1,-5.455999970E-1,1.001687527E0,1.463549972E0,1.855541909E0
1.894767738E1,-1.012274981E0,6.957499683E-2,1.502599955E0,1.813104503E0
1.895018199E1,-1.257850051E0,-4.313375056E-1,1.506312490E0,2.009282486E0
1.895268776E1,-1.310374975E0,-5.901499987E-1,1.447600007E0,2.039829742E0
1.895519145E1,-1.271324992E0,-6.463875175E-1,1.337737441E0,1.955409297E0
1.895769582E1,-1.211512446E0,-6.879125237E-1,1.235025048E0,1.861792931E0
1.896020044E1,-1.168750048E0,-7.757750154E-1,1.159262538E0,1.819805808E0
1.896270505E1,-1.152799964E0,-9.785875082E-1,1.116500020E0,1.879668472E0
1.896520997E1,-1.166275024E0,-1.255924940E0,1.103162527E0,2.038262115E0
1.896771451E1,-1.172325015E0,-1.528450012E0,1.099449992E0,2.217948526E0
1.897021920E1,-1.147987485E0,-1.717787504E0,1.088449955E0,2.335249982E0
1.897272474E1,-1.089275002E0,-1.807024956E0,1.062875032E0,2.362533080E0
1.897522843E1,-1.019700050E0,-1.822837472E0,1.022449970E0,2.325495342E0
1.897773304E1,-9.549375176E-1,-1.804549932E0,9.711624980E-1,2.260854422E0
1.898023758E1,-9.024124742E-1,-1.786262512E0,9.063999653E-1,2.196962206E0
1.898274220E1,-8.621249795E-1,-1.766600013E0,8.403999805E-1,2.137851074E0
1.898524689E1,-8.327000141E-1,-1.744599938E0,7.793499827E-1,2.084323548E0
1.898775151E1,-8.046500087E-1,-1.720262527E0,7.220125198E-1,2.031764474E0
1.899025612E1,-7.826499939E-1,-1.688500047E0,6.718249917E-1,1.978616244E0
1.899276189E1,-7.666999698E-1,-1.649312496E0,6.315374970E-1,1.925331183E0
1.899526536E1,-7.533624768E-1,-1.612737536E0,5.972999930E-1,1.877563491E0
1.899777020E1,-7.436000109E-1,-1.591974974E0,5.631999969E-1,1.845134014E0
1.900027459E1,-7.338374853E-1,-1.583449960E0,5.325375199E-1,1.824671872E0
1.900277944E1,-7.251750231E-1,-1.589499950E0,5.020124912E-1,1.817802368E0
1.900528405E1,-7.130749822E-1,-1.605450034E0,4.714874923E-1,1.818858488E0
1.900778874E1,-7.008374929E-1,-1.629787445E0,4.397250116E-1,1.827768693E0
1.901029328E1,-6.861249804E-1,-1.659075022E0,4.152500033E-1,1.842750656E0
1.901279890E1,-6.703125238E-1,-1.683550000E0,3.944875002E-1,1.854529555E0
1.901530259E1,-6.518874764E-1,-1.695787549E0,3.761999905E-1,1.855311059E0
1.901780744E1,-6.385499835E-1,-1.688500047E0,3.639625013E-1,1.841533924E0
1.902031182E1,-6.286500096E-1,-1.654262543E0,3.529624939E-1,1.804540916E0
1.902281665E1,-6.250749826E-1,-1.600499988E0,3.431999981E-1,1.752171562E0
1.902532104E1,-6.275500059E-1,-1.532024980E0,3.321999907E-1,1.688572291E0
1.902782588E1,-6.323624849E-1,-1.448974967E0,3.224374950E-1,1.613498282E0
1.903033050E1,-6.385499835E-1,-1.358637452E0,3.102000058E-1,1.532927217E0
1.903283609E1,-6.483125091E-1,-1.259637475E0,2.968625128E-1,1.447453982E0
1.903533978E1,-6.543624997E-1,-1.153349996E0,2.809124887E-1,1.355477156E0
1.903784440E1,-6.568375230E-1,-1.038537502E0,2.613874972E-1,1.256311705E0
1.904034894E1,-6.543624997E-1,-9.127249718E-1,2.381500006E-1,1.148029868E0
1.904285363E1,-6.445999742E-1,-7.734375000E-1,2.100999951E-1,1.028521609E0
1.904535822E1,-6.263124943E-1,-6.231499910E-1,1.771000028E-1,9.010813852E-1
1.904786307E1,-6.078875065E-1,-4.581499994E-1,1.403875053E-1,7.740395947E-1
1.905036769E1,-5.823125243E-1,-2.737624943E-1,1.050499976E-1,6.519733747E-1
1.905287322E1,-5.493124723E-1,-6.723749638E-2,6.833750010E-2,5.576155370E-1
1.905537691E1,-5.102624893E-1,1.538625062E-1,3.409999982E-2,5.340452123E-1
1.905788129E1,-4.662624896E-1,3.859624863E-1,1.099999994E-3,6.052841977E-1
1.906038614E1,-4.124999940E-1,6.267250180E-1,-3.066249937E-2,7.509198906E-1
1.906289075E1,-3.514499962E-1,8.648750186E-1,-5.995000154E-2,9.354784339E-1
1.906539537E1,-2.804999948E-1,1.095875025E0,-9.295000136E-2,1.135016308E0
1.906789998E1,-2.047374994E-1,1.313262463E0,-1.247124970E-1,1.334964024E0
1.907040468E1,-1.278750002E-1,1.516075015E0,-1.539999992E-1,1.529232313E0
1.907291021E1,-2.763750032E-2,1.711599946E0,-1.832875013E-1,1.721607538E0
1.907541383E1,1.006499976E-1,1.919224977E0,-2.224749923E-1,1.934696374E0
1.907791846E1,2.424124926E-1,2.114749908E0,-2.615250051E-1,2.144604001E0
1.908042315E1,3.547500074E-1,2.252799988E0,-2.773374915E-1,2.297361843E0
1.908292777E1,4.439874887E-1,2.327325106E0,-2.627624869E-1,2.383822804E0
1.908543238E1,5.220875144E-1,2.367612600E0,-2.345750034E-1,2.435814080E0
1.908793701E1,5.966125131E-1,2.378612518E0,-2.052875012E-1,2.460871179E0
1.909044185E1,6.638500094E-1,2.366374969E0,-1.797125041E-1,2.464289739E0
1.909294747E1,7.273749709E-1,2.330899954E0,-1.612875015E-1,2.447076337E0
1.909545116E1,7.811374664E-1,2.272325039E0,-1.454750001E-1,2.407239041E0
1.909795578E1,8.238999844E-1,2.194087505E0,-1.332374960E-1,2.347463183E0
1.910046029E1,8.519499898E-1,2.104987383E0,-1.259499937E-1,2.274346954E0
1.910296491E1,8.703749776E-1,2.008462429E0,-1.234750003E-1,2.192423318E0
1.910546960E1,8.764249682E-1,1.903412461E0,-1.259499937E-1,2.099276810E0
1.910797422E1,8.727124929E-1,1.794649959E0,-1.332374960E-1,2.000036950E0
1.911047883E1,8.617125154E-1,1.687124968E0,-1.430000067E-1,1.899838971E0
1.911298459E1,8.446624875E-1,1.579599977E0,-1.539999992E-1,1.797861731E0
1.911548806E1,8.251374960E-1,1.473312497E0,-1.662375033E-1,1.696801847E0
1.911799290E1,8.018999696E-1,1.376787543E0,-1.759999990E-1,1.602985808E0
1.912049752E1,7.774249911E-1,1.290024996E0,-1.845249981E-1,1.517433221E0
1.912300213E1,7.554249763E-1,1.215499997E0,-1.942874938E-1,1.444248860E0
1.912550675E1,7.323250175E-1,1.151975036E0,-2.004749924E-1,1.379687152E0
1.912801136E1,7.138999701E-1,1.098212481E0,-2.065249979E-1,1.326037856E0
1.913051598E1,7.016624808E-1,1.059162498E0,-2.127124965E-1,1.288177798E0
1.913302158E1,6.956124902E-1,1.031112552E0,-2.150499970E-1,1.262266347E0
1.913552520E1,6.943749785E-1,1.016399980E0,-2.150499970E-1,1.249588745E0
1.913802981E1,7.016624808E-1,1.011587501E0,-2.127124965E-1,1.249354279E0
1.914053450E1,7.151374817E-1,1.015162468E0,-2.065249979E-1,1.258820491E0
1.914303912E1,7.323250175E-1,1.027400017E0,-1.979999989E-1,1.277127529E0
1.914554395E1,7.566624880E-1,1.049399972E0,-1.894749999E-1,1.307547015E0
1.914804857E1,7.848500013E-1,1.076212525E0,-1.759999990E-1,1.343576914E0
1.915055319E1,8.104249835E-1,1.098212481E0,-1.600500047E-1,1.374218072E0
1.915305880E1,8.373749852E-1,1.114162445E0,-1.417624950E-1,1.400946617E0
1.915556249E1,8.617125154E-1,1.125162482E0,-1.209999993E-1,1.422385345E0
1.915806711E1,8.898999691E-1,1.133687496E0,-1.027124971E-1,1.444894166E0
1.916057173E1,9.154750109E-1,1.136162519E0,-8.676250279E-2,1.461672842E0
1.916307634E1,9.387124777E-1,1.134925008E0,-7.576250285E-2,1.474779931E0
1.916558096E1,9.607124925E-1,1.136162519E0,-6.599999964E-2,1.489358843E0
1.916808557E1,9.778999686E-1,1.136162519E0,-5.499999970E-2,1.500059539E0
1.917059019E1,9.949499965E-1,1.137400031E0,-4.289999977E-2,1.511768744E0
1.917309596E1,1.009662509E0,1.137400031E0,-3.066249937E-2,1.521196043E0
1.917559965E1,1.020662546E0,1.136162519E0,-1.718750037E-2,1.527387545E0
1.917810404E1,1.029187441E0,1.136162519E0,-1.237499993E-3,1.533001497E0
1.918060889E1,1.035237551E0,1.129974961E0,1.209999993E-2,1.532549056E0
1.918311327E1,1.037712455E0,1.121449947E0,2.557500079E-2,1.528120154E0
1.918561812E1,1.035237551E0,1.107975006E0,3.657500073E-2,1.516793701E0
1.918812273E1,1.030424953E0,1.092162490E0,4.509999976E-2,1.502207874E0
1.919062735E1,1.023000002E0,1.070162535E0,5.252499878E-2,1.481396547E0
1.919313295E1,1.008424997E0,1.045687437E0,5.981250107E-2,1.453946604E0
1.919563657E1,9.937124848E-1,1.017637491E0,6.228749827E-2,1.423703023E0
1.919814118E1,9.754250050E-1,9.871125221E-1,6.462500244E-2,1.389252123E0
1.920064587E1,9.534249902E-1,9.565874934E-1,6.586249918E-2,1.352189600E0
1.920315049E1,9.277125001E-1,9.248250127E-1,6.338749826E-2,1.311476177E0
1.920565512E1,9.009000063E-1,8.942999840E-1,5.981250107E-2,1.270815021E0
1.920815996E1,8.727124929E-1,8.636375070E-1,5.252499878E-2,1.228924617E0
1.921066458E1,8.471375108E-1,8.392999768E-1,4.028749838E-2,1.193184603E0
1.921317020E1,8.226624727E-1,8.258249760E-1,2.681249939E-2,1.165967129E0
1.921567382E1,7.970874906E-1,8.197749853E-1,1.333750039E-2,1.143484754E0
1.921817851E1,7.799000144E-1,8.173000216E-1,-3.712499980E-3,1.129706661E0
1.922068305E1,7.616124749E-1,8.197749853E-1,-1.966249943E-2,1.119138598E0
1.922318767E1,7.518500090E-1,8.258249760E-1,-3.423750028E-2,1.117335014E0
1.922569230E1,7.420874834E-1,8.331124783E-1,-5.018749833E-2,1.116820943E0
1.922819692E1,7.371374965E-1,8.441125154E-1,-6.366249919E-2,1.122475185E0
1.923070184E1,7.346624732E-1,8.575875163E-1,-7.699999958E-2,1.131863197E0
1.923320738E1,7.323250175E-1,8.710625172E-1,-8.676250279E-2,1.141305205E0
1.923571086E1,7.286124825E-1,8.833000064E-1,-9.776250273E-2,1.149196484E0
1.923821547E1,7.236624956E-1,8.918250203E-1,-1.075249985E-1,1.153516753E0
1.924072008E1,7.115625143E-1,8.978750110E-1,-1.149500012E-1,1.151396652E0
1.924322493E1,6.968500018E-1,8.966374993E-1,-1.197625026E-1,1.141885190E0
1.924572956E1,6.760874987E-1,8.868749738E-1,-1.222374961E-1,1.121866093E0
1.924823418E1,6.430875063E-1,8.661124706E-1,-1.234750003E-1,1.085798521E0
1.925073879E1,6.015625000E-1,8.245875239E-1,-1.222374961E-1,1.027990288E0
1.925324441E1,5.550875068E-1,7.683500051E-1,-1.222374961E-1,9.557331615E-1
1.925574802E1,4.977499843E-1,6.914874911E-1,-1.247124970E-1,8.610825768E-1
1.925825271E1,4.342249930E-1,5.937250257E-1,-1.295250058E-1,7.468851838E-1
1.926075733E1,3.632749915E-1,4.751999974E-1,-1.369500011E-1,6.136277861E-1
1.926326218E1,2.875125110E-1,3.408625126E-1,-1.467124969E-1,4.694414268E-1
1.926576681E1,2.056999952E-1,2.003374994E-1,-1.564749926E-1,3.270046253E-1
1.926827120E1,1.251250058E-1,5.486249924E-2,-1.687124968E-1,2.170946049E-1
1.927077604E1,4.812499881E-2,-9.047500044E-2,-1.809500009E-1,2.079534660E-1
1.927328166E1,-2.516249940E-2,-2.345750034E-1,-1.942874938E-1,3.056243018E-1
1.927578535E1,-9.363749623E-2,-3.690499961E-1,-2.065249979E-1,4.331494605E-1
1.927828990E1,-1.546874940E-1,-4.936249852E-1,-2.175250053E-1,5.611692925E-1
1.928079451E1,-2.059749961E-1,-6.036249995E-1,-2.285249978E-1,6.775046226E-1
1.928329913E1,-2.499749959E-1,-6.927250028E-1,-2.382874936E-1,7.740389897E-1
1.928580382E1,-2.842124999E-1,-7.649124861E-1,-2.444749922E-1,8.518426370E-1
1.928830844E1,-3.062124848E-1,-8.124874830E-1,-2.505249977E-1,9.036950650E-1
1.929081297E1,-3.159750104E-1,-8.357250094E-1,-2.565749884E-1,9.295736782E-1
1.929331882E1,-3.147374988E-1,-8.357250094E-1,-2.627624869E-1,9.308813614E-1
1.929582228E1,-3.037374914E-1,-8.137249947E-1,-2.675749958E-1,9.088460865E-1
1.929832689E1,-2.817375064E-1,-7.660124898E-1,-2.750000060E-1,8.612642802E-1
1.930083150E1,-2.512125075E-1,-6.939625144E-1,-2.835249901E-1,7.906188180E-1
1.930333635E1,-2.157374918E-1,-5.999125242E-1,-2.908124924E-1,7.007207774E-1
1.930584097E1,-1.681624949E-1,-4.886749983E-1,-2.982375026E-1,5.966803890E-1
1.930834558E1,-1.131625026E-1,-3.653374910E-1,-3.030500114E-1,4.879718678E-1
1.931085023E1,-5.568749830E-2,-2.333374918E-1,-3.079999983E-1,3.903991310E-1
1.931335584E1,9.074999951E-3,-9.776250273E-2,-3.115749955E-1,3.266784970E-1
1.931585946E1,7.617499679E-2,4.028749838E-2,-3.140499890E-1,3.256579620E-1
1.931836407E1,1.471250057E-1,1.808124930E-1,-3.140499890E-1,3.911090903E-1
1.932086869E1,2.216500044E-1,3.188624978E-1,-3.115749955E-1,4.978764855E-1
1.932337338E1,2.961750031E-1,4.494875073E-1,-3.091000021E-1,6.207265605E-1
1.932587799E1,3.657499850E-1,5.717250109E-1,-3.055250049E-1,7.443037472E-1
1.932838253E1,4.317499995E-1,6.767749786E-1,-2.982375026E-1,8.563749423E-1
1.933088745E1,4.903250039E-1,7.720624804E-1,-2.920500040E-1,9.601001448E-1
1.933339306E1,5.417500138E-1,8.526374698E-1,-2.872374952E-1,1.050232884E0
1.933589667E1,5.845124722E-1,9.235875010E-1,-2.847625017E-1,1.129494747E0
1.933840129E1,6.162750125E-1,9.858750105E-1,-2.810499966E-1,1.196132738E0
1.934090590E1,6.393749714E-1,1.031112552E0,-2.798124850E-1,1.245105809E0
1.934341052E1,6.528499722E-1,1.067687511E0,-2.750000060E-1,1.281325373E0
1.934591521E1,6.590374708E-1,1.093400002E0,-2.700499892E-1,1.304906490E0
1.934841975E1,6.565625072E-1,1.106874943E0,-2.615250051E-1,1.313256180E0
1.935092437E1,6.467999816E-1,1.107975006E0,-2.529999912E-1,1.307657381E0
1.935343021E1,6.320874691E-1,1.092162490E0,-2.444749922E-1,1.285348783E0
1.935593366E1,6.137999892E-1,1.066450000E0,-2.334749997E-1,1.252428283E0
1.935843828E1,5.856124759E-1,1.027400017E0,-2.224749923E-1,1.203323684E0
1.936094289E1,4.683249891E-1,1.016399980E0,-2.028124928E-1,1.137334657E0
1.936344774E1,3.082749844E-1,9.833999872E-1,-1.637624949E-1,1.043516725E0
1.936595236E1,2.228875011E-1,8.538749814E-1,-1.454750001E-1,8.943960519E-1
1.936845698E1,1.898874938E-1,6.852999926E-1,-1.479499936E-1,7.263487735E-1
1.937096168E1,1.581249982E-1,5.337749720E-1,-1.539999992E-1,5.776116650E-1
1.937346721E1,1.116499975E-1,4.092000127E-1,-1.577125043E-1,4.525302270E-1
1.937597083E1,5.788749829E-2,2.943874896E-1,-1.625249982E-1,3.412174256E-1
1.937847545E1,1.883750036E-2,1.698125005E-1,-1.735250056E-1,2.435201517E-1
1.938098006E1,-1.058750041E-2,4.028749838E-2,-1.919499934E-1,1.964178649E-1
1.938348475E1,-3.011249937E-2,-8.318749815E-2,-2.102375031E-1,2.280936872E-1
1.938598929E1,-4.235000163E-2,-1.808124930E-1,-2.272875011E-1,2.935068797E-1
1.938849399E1,-5.211250111E-2,-2.529999912E-1,-2.395250052E-1,3.522739508E-1
1.939099884E1,-5.087500066E-2,-3.030500114E-1,-2.517625093E-1,3.972555049E-1
1.939350445E1,-4.235000163E-2,-3.348124921E-1,-2.602874935E-1,4.261953857E-1
1.939600807E1,-2.516249940E-2,-3.605250120E-1,-2.664749920E-1,4.490215552E-1
1.939851267E1,4.124999978E-4,-3.788124919E-1,-2.725250125E-1,4.666572153E-1
1.940101729E1,3.107500076E-2,-3.933874965E-1,-2.762374878E-1,4.816913199E-1
1.940352190E1,7.136250287E-2,-3.995749950E-1,-2.773374915E-1,4.915982788E-1
1.940602652E1,1.079374999E-1,-3.933874965E-1,-2.737624943E-1,4.912739862E-1
1.940853113E1,1.361249983E-1,-3.738625050E-1,-2.652375102E-1,4.781779215E-1
1.941103575E1,1.581249982E-1,-3.482874930E-1,-2.554749846E-1,4.599729999E-1
1.941354136E1,1.751749963E-1,-3.177624941E-1,-2.480500042E-1,4.395316673E-1
1.941604506E1,1.861750036E-1,-2.883374989E-1,-2.382874936E-1,4.178284036E-1
1.941854959E1,1.934625059E-1,-2.627624869E-1,-2.322375029E-1,4.005073327E-1
1.942105429E1,1.971749961E-1,-2.443374991E-1,-2.260500044E-1,3.868816318E-1
1.942355890E1,1.959374994E-1,-2.285249978E-1,-2.187625021E-1,3.721185438E-1
1.942606375E1,1.909874976E-1,-2.125750035E-1,-2.127124965E-1,3.562456491E-1
1.942856813E1,1.836999953E-1,-1.992374957E-1,-2.052875012E-1,3.399768023E-1
1.943107298E1,1.764124930E-1,-1.870000064E-1,-1.979999989E-1,3.244909393E-1
